{"tweetid":783582397166125056,"ds_language":"ar","language":"ar","label":"positive"}
{"tweetid":783708331198164992,"ds_language":"ar","language":"ar","label":"negative"}
{"tweetid":783947587963453440,"ds_language":"ar","language":"ar","label":"negative"}
{"tweetid":783948556835127296,"ds_language":"ar","language":"ar","label":"neutral"}
{"tweetid":784006782381387778,"ds_language":"ar","language":"ar","label":"neutral"}
{"tweetid":784314551546150912,"ds_language":"ar","language":"ar","label":"positive"}
{"tweetid":784472756230483970,"ds_language":"ar","language":"ar","label":"negative"}
{"tweetid":784548096302800908,"ds_language":"ar","language":"ar","label":"neutral"}
{"tweetid":784634432468553728,"ds_language":"ar","language":"ar","label":"neutral"}
{"tweetid":784649801036029952,"ds_language":"ar","language":"ar","label":"neutral"}
{"tweetid":784672589771702272,"ds_language":"ar","language":"ar","label":"neutral"}
{"tweetid":784681525266841600,"ds_language":"ar","language":"ar","label":"positive"}
{"tweetid":784708272850866176,"ds_language":"ar","language":"ar","label":"neutral"}
{"tweetid":784748566698946560,"ds_language":"ar","language":"ar","label":"neutral"}
{"tweetid":784949022100426752,"ds_language":"ar","language":"ar","label":"negative"}
{"tweetid":785084543128571904,"ds_language":"ar","language":"ar","label":"neutral"}
{"tweetid":785098962701258752,"ds_language":"ar","language":"ar","label":"positive"}
{"tweetid":785117614804574208,"ds_language":"ar","language":"ar","label":"positive"}
{"tweetid":785123888640434176,"ds_language":"ar","language":"ar","label":"negative"}
{"tweetid":785124237694504960,"ds_language":"ar","language":"ar","label":"neutral"}
{"tweetid":785129421330010112,"ds_language":"ar","language":"ar","label":"positive"}
{"tweetid":785357138453491712,"ds_language":"ar","language":"ar","label":"positive"}
{"tweetid":785377829651296256,"ds_language":"ar","language":"ar","label":"negative"}
{"tweetid":785559739589591040,"ds_language":"ar","language":"ar","label":"negative"}
{"tweetid":785740634741018629,"ds_language":"ar","language":"ar","label":"neutral"}
{"tweetid":785925589849047040,"ds_language":"ar","language":"ar","label":"neutral"}
{"tweetid":782979691653324800,"ds_language":"ar","language":"ar","label":"negative"}
{"tweetid":783267138400288768,"ds_language":"ar","language":"ar","label":"positive"}
{"tweetid":783277244445851648,"ds_language":"ar","language":"ar","label":"positive"}
{"tweetid":783351441561976832,"ds_language":"ar","language":"ar","label":"positive"}
{"tweetid":783412994365648896,"ds_language":"ar","language":"ar","label":"positive"}
{"tweetid":783413465142755328,"ds_language":"ar","language":"ar","label":"neutral"}
{"tweetid":784051736151490560,"ds_language":"ar","language":"cy","label":"neutral"}
{"tweetid":784071683342610433,"ds_language":"ar","language":"ar","label":"negative"}
{"tweetid":784087346849386496,"ds_language":"ar","language":"ar","label":"neutral"}
{"tweetid":784088136397754368,"ds_language":"ar","language":"ar","label":"neutral"}
{"tweetid":784088442250620928,"ds_language":"ar","language":"ar","label":"neutral"}
{"tweetid":784292902641950720,"ds_language":"ar","language":"ar","label":"positive"}
{"tweetid":784422109158203393,"ds_language":"ar","language":"ar","label":"neutral"}
{"tweetid":784428849836597248,"ds_language":"ar","language":"ar","label":"neutral"}
{"tweetid":784670436466520064,"ds_language":"ar","language":"ar","label":"neutral"}
{"tweetid":784748228650606592,"ds_language":"ar","language":"ar","label":"positive"}
{"tweetid":784900204717830144,"ds_language":"ar","language":"ar","label":"positive"}
{"tweetid":784903589391130624,"ds_language":"ar","language":"ar","label":"neutral"}
{"tweetid":784904807274409984,"ds_language":"ar","language":"ar","label":"positive"}
{"tweetid":785038941015638016,"ds_language":"ar","language":"ar","label":"positive"}
{"tweetid":785072437918662656,"ds_language":"ar","language":"ar","label":"positive"}
{"tweetid":785124197014114304,"ds_language":"ar","language":"ar","label":"positive"}
{"tweetid":785209258052874240,"ds_language":"ar","language":"ar","label":"neutral"}
{"tweetid":785210609809944579,"ds_language":"ar","language":"ar","label":"negative"}
{"tweetid":785212084720197636,"ds_language":"ar","language":"ar","label":"neutral"}
{"tweetid":785213312506163205,"ds_language":"ar","language":"ar","label":"neutral"}
{"tweetid":785595721546276865,"ds_language":"ar","language":"ar","label":"positive"}
{"tweetid":785596764724133888,"ds_language":"ar","language":"ar","label":"positive"}
{"tweetid":785601580380852224,"ds_language":"ar","language":"ar","label":"positive"}
{"tweetid":785602539731296256,"ds_language":"ar","language":"ar","label":"neutral"}
{"tweetid":785603611082371074,"ds_language":"ar","language":"ar","label":"positive"}
{"tweetid":785744397698736128,"ds_language":"ar","language":"ar","label":"positive"}
{"tweetid":785815255905480705,"ds_language":"ar","language":"ar","label":"positive"}
{"tweetid":785920598383824896,"ds_language":"ar","language":"ar","label":"neutral"}
{"tweetid":785922414685200384,"ds_language":"ar","language":"nl","label":"neutral"}
{"tweetid":785935990321848320,"ds_language":"ar","language":"ar","label":"neutral"}
{"tweetid":785984939841826816,"ds_language":"ar","language":"ar","label":"negative"}
{"tweetid":784871198836621312,"ds_language":"ar","language":"ar","label":"negative"}
{"tweetid":785209494137671680,"ds_language":"ar","language":"ar","label":"negative"}
{"tweetid":785221917657616384,"ds_language":"ar","language":"ar","label":"neutral"}
{"tweetid":785236783646777346,"ds_language":"ar","language":"ar","label":"neutral"}
{"tweetid":785248253537357824,"ds_language":"ar","language":"ar","label":"negative"}
{"tweetid":785516820795195392,"ds_language":"ar","language":"ar","label":"neutral"}
{"tweetid":785534057903947776,"ds_language":"ar","language":"ar","label":"neutral"}
{"tweetid":785548659727470592,"ds_language":"ar","language":"ar","label":"neutral"}
{"tweetid":785565175197859840,"ds_language":"ar","language":"ar","label":"neutral"}
{"tweetid":785567644011360258,"ds_language":"ar","language":"ar","label":"negative"}
{"tweetid":785571408344551424,"ds_language":"ar","language":"ar","label":"negative"}
{"tweetid":785575536923963392,"ds_language":"ar","language":"ar","label":"negative"}
{"tweetid":785922496763719680,"ds_language":"ar","language":"fr","label":"neutral"}
{"tweetid":785925190324785152,"ds_language":"ar","language":"ar","label":"positive"}
{"tweetid":785965799932440576,"ds_language":"ar","language":"ar","label":"negative"}
{"tweetid":785225644779200514,"ds_language":"ar","language":"ar","label":"negative"}
{"tweetid":785235315996889089,"ds_language":"ar","language":"so","label":"neutral"}
{"tweetid":785236021910892544,"ds_language":"ar","language":"ar","label":"neutral"}
{"tweetid":785951082010771457,"ds_language":"ar","language":"ar","label":"neutral"}
{"tweetid":785959671513382912,"ds_language":"ar","language":"ar","label":"negative"}
{"tweetid":785630374432952320,"ds_language":"ar","language":"ar","label":"neutral"}
{"tweetid":785630436236095488,"ds_language":"ar","language":"ar","label":"neutral"}
{"tweetid":785992282281504768,"ds_language":"ar","language":"ar","label":"neutral"}
{"tweetid":785992405061218304,"ds_language":"ar","language":"ar","label":"negative"}
{"tweetid":785992554668036096,"ds_language":"ar","language":"ar","label":"negative"}
{"tweetid":785992585311584256,"ds_language":"ar","language":"ar","label":"negative"}
{"tweetid":785992905903239168,"ds_language":"ar","language":"ar","label":"negative"}
{"tweetid":785993200393682944,"ds_language":"ar","language":"ar","label":"neutral"}
{"tweetid":785628934729822208,"ds_language":"ar","language":"ar","label":"neutral"}
{"tweetid":785992495566057472,"ds_language":"ar","language":"ar","label":"neutral"}
{"tweetid":785992528155799552,"ds_language":"ar","language":"ar","label":"positive"}
{"tweetid":785992781491765248,"ds_language":"ar","language":"ar","label":"positive"}
{"tweetid":785992849531736064,"ds_language":"ar","language":"ar","label":"neutral"}
{"tweetid":785993187517161472,"ds_language":"ar","language":"ar","label":"negative"}
{"tweetid":785265821148909568,"ds_language":"ar","language":"ar","label":"negative"}
{"tweetid":785626362497204224,"ds_language":"ar","language":"ar","label":"negative"}
{"tweetid":785630290832072704,"ds_language":"ar","language":"ar","label":"negative"}
{"tweetid":785630530540859392,"ds_language":"ar","language":"ar","label":"negative"}
{"tweetid":785985904015872000,"ds_language":"ar","language":"ar","label":"negative"}
{"tweetid":785987116941672448,"ds_language":"ar","language":"ar","label":"negative"}
{"tweetid":785987698410618880,"ds_language":"ar","language":"ar","label":"neutral"}
{"tweetid":785987731356848129,"ds_language":"ar","language":"ar","label":"neutral"}
{"tweetid":785987798927048704,"ds_language":"ar","language":"ar","label":"neutral"}
{"tweetid":785987892183171073,"ds_language":"ar","language":"ar","label":"negative"}
{"tweetid":785992988438724610,"ds_language":"ar","language":"ar","label":"negative"}
{"tweetid":785993031648317440,"ds_language":"ar","language":"ar","label":"positive"}
{"tweetid":785993087827009536,"ds_language":"ar","language":"ca","label":"negative"}
{"tweetid":785993125223395328,"ds_language":"ar","language":"ar","label":"negative"}
{"tweetid":785993154340225024,"ds_language":"ar","language":"ar","label":"negative"}
{"tweetid":785993291770826752,"ds_language":"ar","language":"ar","label":"negative"}
{"tweetid":785993327921463296,"ds_language":"ar","language":"ar","label":"neutral"}
{"tweetid":785248848612655104,"ds_language":"ar","language":"ar","label":"negative"}
{"tweetid":785256799905677312,"ds_language":"ar","language":"ar","label":"positive"}
{"tweetid":785265342331416576,"ds_language":"ar","language":"ar","label":"neutral"}
{"tweetid":785587582549757953,"ds_language":"ar","language":"ar","label":"negative"}
{"tweetid":785595491941752832,"ds_language":"ar","language":"en","label":"neutral"}
{"tweetid":785621434441891841,"ds_language":"ar","language":"ar","label":"neutral"}
{"tweetid":785630403130429440,"ds_language":"ar","language":"ar","label":"positive"}
{"tweetid":785929148904591361,"ds_language":"ar","language":"ar","label":"neutral"}
{"tweetid":785933703323217920,"ds_language":"ar","language":"ar","label":"neutral"}
{"tweetid":785946838801068032,"ds_language":"ar","language":"ar","label":"neutral"}
{"tweetid":785949103842701312,"ds_language":"ar","language":"ar","label":"neutral"}
{"tweetid":785963954950504448,"ds_language":"ar","language":"ar","label":"neutral"}
{"tweetid":785969884534566912,"ds_language":"ar","language":"ar","label":"neutral"}
{"tweetid":785980560128679937,"ds_language":"ar","language":"ar","label":"neutral"}
{"tweetid":785268511794991104,"ds_language":"ar","language":"ar","label":"negative"}
{"tweetid":785627108487770112,"ds_language":"ar","language":"ar","label":"neutral"}
{"tweetid":785986138641227776,"ds_language":"ar","language":"ar","label":"neutral"}
{"tweetid":785986394300768256,"ds_language":"ar","language":"ar","label":"neutral"}
{"tweetid":785987637408624640,"ds_language":"ar","language":"ar","label":"negative"}
{"tweetid":785989670920421377,"ds_language":"ar","language":"ar","label":"neutral"}
{"tweetid":785991229448355840,"ds_language":"ar","language":"ar","label":"negative"}
{"tweetid":785991960079241216,"ds_language":"ar","language":"ar","label":"negative"}
{"tweetid":785992562226135040,"ds_language":"ar","language":"ar","label":"neutral"}
{"tweetid":785268394610360320,"ds_language":"ar","language":"ar","label":"positive"}
{"tweetid":785268567491108864,"ds_language":"ar","language":"ar","label":"positive"}
{"tweetid":785630054424408064,"ds_language":"ar","language":"ar","label":"neutral"}
{"tweetid":785630094018670592,"ds_language":"ar","language":"ar","label":"neutral"}
{"tweetid":785630416464150529,"ds_language":"ar","language":"ar","label":"neutral"}
{"tweetid":785630778327564288,"ds_language":"ar","language":"ar","label":"negative"}
{"tweetid":785992423621160960,"ds_language":"ar","language":"ar","label":"positive"}
{"tweetid":782222172295143425,"ds_language":"ar","language":"ar","label":"neutral"}
{"tweetid":782477743808212994,"ds_language":"ar","language":"ar","label":"positive"}
{"tweetid":782864724572508161,"ds_language":"ar","language":"ar","label":"neutral"}
{"tweetid":783207026151284736,"ds_language":"ar","language":"ar","label":"neutral"}
{"tweetid":783219095605043200,"ds_language":"ar","language":"ar","label":"positive"}
{"tweetid":783374276514684928,"ds_language":"ar","language":"ar","label":"negative"}
{"tweetid":784206500969447425,"ds_language":"ar","language":"ar","label":"positive"}
{"tweetid":784439672063746048,"ds_language":"ar","language":"ar","label":"neutral"}
{"tweetid":784696210607091712,"ds_language":"ar","language":"ar","label":"neutral"}
{"tweetid":784766431112138752,"ds_language":"ar","language":"ar","label":"neutral"}
{"tweetid":784893598055694336,"ds_language":"ar","language":"ar","label":"negative"}
{"tweetid":785158031113945089,"ds_language":"ar","language":"ar","label":"neutral"}
{"tweetid":785163347838824452,"ds_language":"ar","language":"ar","label":"neutral"}
{"tweetid":785166696306860036,"ds_language":"ar","language":"ar","label":"positive"}
{"tweetid":785172603551875072,"ds_language":"ar","language":"ar","label":"neutral"}
{"tweetid":785175275478786048,"ds_language":"ar","language":"ar","label":"negative"}
{"tweetid":785176096341831680,"ds_language":"ar","language":"ar","label":"positive"}
{"tweetid":785223055656247300,"ds_language":"ar","language":"ar","label":"neutral"}
{"tweetid":785241743524368384,"ds_language":"ar","language":"ar","label":"neutral"}
{"tweetid":785601802867793920,"ds_language":"ar","language":"ar","label":"neutral"}
{"tweetid":785621212135301120,"ds_language":"ar","language":"ar","label":"neutral"}
{"tweetid":785625493190041600,"ds_language":"ar","language":"ar","label":"neutral"}
{"tweetid":785910871365079040,"ds_language":"ar","language":"ar","label":"neutral"}
{"tweetid":785925469128372225,"ds_language":"ar","language":"ar","label":"neutral"}
{"tweetid":785937426438955008,"ds_language":"ar","language":"ar","label":"neutral"}
{"tweetid":785938508267479040,"ds_language":"ar","language":"ar","label":"neutral"}
{"tweetid":785944277394165760,"ds_language":"ar","language":"ar","label":"neutral"}
{"tweetid":785944775589376000,"ds_language":"ar","language":"ar","label":"positive"}
{"tweetid":785991803212140544,"ds_language":"ar","language":"ar","label":"negative"}
{"tweetid":782073886938726401,"ds_language":"ar","language":"ar","label":"neutral"}
{"tweetid":782085004088209408,"ds_language":"ar","language":"ar","label":"neutral"}
{"tweetid":782137356660969472,"ds_language":"ar","language":"ar","label":"negative"}
{"tweetid":782164206162472960,"ds_language":"ar","language":"ar","label":"negative"}
{"tweetid":782223795050471424,"ds_language":"ar","language":"ar","label":"negative"}
{"tweetid":782296910979825664,"ds_language":"ar","language":"ar","label":"neutral"}
{"tweetid":782503706050822147,"ds_language":"ar","language":"ar","label":"negative"}
{"tweetid":782698235286683648,"ds_language":"ar","language":"ar","label":"neutral"}
{"tweetid":783241860680654848,"ds_language":"ar","language":"ar","label":"neutral"}
{"tweetid":783278272599556096,"ds_language":"ar","language":"ar","label":"positive"}
{"tweetid":783283598283661312,"ds_language":"ar","language":"fa","label":"negative"}
{"tweetid":783342889581613056,"ds_language":"ar","language":"ar","label":"neutral"}
{"tweetid":784117507095273472,"ds_language":"ar","language":"ar","label":"neutral"}
{"tweetid":784157631069859840,"ds_language":"ar","language":"ar","label":"neutral"}
{"tweetid":784377872760922112,"ds_language":"ar","language":"ar","label":"positive"}
{"tweetid":784390926596710400,"ds_language":"ar","language":"ar","label":"negative"}
{"tweetid":784819531772485632,"ds_language":"ar","language":"ar","label":"neutral"}
{"tweetid":785516721092366336,"ds_language":"ar","language":"ar","label":"negative"}
{"tweetid":785882169600200705,"ds_language":"ar","language":"ar","label":"negative"}
{"tweetid":785191967806349312,"ds_language":"ar","language":"ar","label":"neutral"}
{"tweetid":785219630612774916,"ds_language":"ar","language":"ar","label":"positive"}
{"tweetid":785228354236649476,"ds_language":"ar","language":"ar","label":"neutral"}
{"tweetid":785242730830106624,"ds_language":"ar","language":"ar","label":"neutral"}
{"tweetid":785499511099711489,"ds_language":"ar","language":"ar","label":"neutral"}
{"tweetid":785541750500761600,"ds_language":"ar","language":"ar","label":"neutral"}
{"tweetid":785628136377552896,"ds_language":"ar","language":"ar","label":"neutral"}
{"tweetid":784275422338920448,"ds_language":"ar","language":"ar","label":"neutral"}
{"tweetid":784443385776001024,"ds_language":"ar","language":"ar","label":"positive"}
{"tweetid":784598556485226497,"ds_language":"ar","language":"ar","label":"neutral"}
{"tweetid":784756880983879680,"ds_language":"ar","language":"ar","label":"positive"}
{"tweetid":784854845786353665,"ds_language":"ar","language":"ar","label":"neutral"}
{"tweetid":785078473597423616,"ds_language":"ar","language":"ar","label":"positive"}
{"tweetid":785119257164144640,"ds_language":"ar","language":"ar","label":"neutral"}
{"tweetid":785180848488378368,"ds_language":"ar","language":"ar","label":"positive"}
{"tweetid":785397044554989568,"ds_language":"ar","language":"ar","label":"positive"}
{"tweetid":785430245008613376,"ds_language":"ar","language":"ar","label":"neutral"}
{"tweetid":785666764587749381,"ds_language":"ar","language":"ar","label":"neutral"}
{"tweetid":785702457053736960,"ds_language":"ar","language":"ar","label":"neutral"}
{"tweetid":785709313130127360,"ds_language":"ar","language":"ar","label":"positive"}
{"tweetid":785799458579767296,"ds_language":"ar","language":"ar","label":"positive"}
{"tweetid":785819806284918784,"ds_language":"ar","language":"ar","label":"neutral"}
{"tweetid":784176898335248384,"ds_language":"ar","language":"ar","label":"neutral"}
{"tweetid":784903862264160256,"ds_language":"ar","language":"ar","label":"negative"}
{"tweetid":785795027574202369,"ds_language":"ar","language":"so","label":"positive"}
{"tweetid":785616087627030528,"ds_language":"ar","language":"ar","label":"positive"}
{"tweetid":785620120831860736,"ds_language":"ar","language":"ar","label":"neutral"}
{"tweetid":785620120831860736,"ds_language":"ar","language":"ar","label":"neutral"}
{"tweetid":785622569202229248,"ds_language":"ar","language":"ar","label":"positive"}
{"tweetid":785627946354561025,"ds_language":"ar","language":"ar","label":"neutral"}
{"tweetid":785628146074783744,"ds_language":"ar","language":"ar","label":"positive"}
{"tweetid":785629380370370560,"ds_language":"ar","language":"ar","label":"neutral"}
{"tweetid":785963662754414592,"ds_language":"ar","language":"ar","label":"positive"}
{"tweetid":785974868642766848,"ds_language":"ar","language":"ar","label":"neutral"}
{"tweetid":785976589939044353,"ds_language":"ar","language":"ar","label":"negative"}
{"tweetid":785978711015292928,"ds_language":"ar","language":"ar","label":"neutral"}
{"tweetid":785980386816000001,"ds_language":"ar","language":"ar","label":"neutral"}
{"tweetid":785992466176630784,"ds_language":"ar","language":"ar","label":"neutral"}
{"tweetid":785993195524063232,"ds_language":"ar","language":"ar","label":"neutral"}
{"tweetid":785991568331272192,"ds_language":"ar","language":"ar","label":"negative"}
{"tweetid":785991647377125376,"ds_language":"ar","language":"en","label":"neutral"}
{"tweetid":785991788024717313,"ds_language":"ar","language":"ar","label":"negative"}
{"tweetid":785992016274550785,"ds_language":"ar","language":"en","label":"neutral"}
{"tweetid":785992286857531393,"ds_language":"ar","language":"ar","label":"negative"}
{"tweetid":785993080361156608,"ds_language":"ar","language":"ar","label":"negative"}
{"tweetid":785990383264206848,"ds_language":"ar","language":"ar","label":"negative"}
{"tweetid":785992550222004226,"ds_language":"ar","language":"ar","label":"negative"}
{"tweetid":785252706193637376,"ds_language":"ar","language":"fa","label":"neutral"}
{"tweetid":785262585264345088,"ds_language":"ar","language":"ar","label":"negative"}
{"tweetid":785604588309192704,"ds_language":"ar","language":"ar","label":"negative"}
{"tweetid":785942118711889920,"ds_language":"ar","language":"ar","label":"neutral"}
{"tweetid":785967280693846016,"ds_language":"ar","language":"ar","label":"neutral"}
{"tweetid":785975465660059648,"ds_language":"ar","language":"ar","label":"neutral"}
{"tweetid":785629131840946176,"ds_language":"ar","language":"ar","label":"neutral"}
{"tweetid":785629244110102528,"ds_language":"ar","language":"ar","label":"neutral"}
{"tweetid":785988481340153856,"ds_language":"ar","language":"ar","label":"positive"}
{"tweetid":785990117307641856,"ds_language":"ar","language":"ar","label":"neutral"}
{"tweetid":785986620491177984,"ds_language":"ar","language":"ar","label":"neutral"}
{"tweetid":785986870987616256,"ds_language":"ar","language":"ar","label":"positive"}
{"tweetid":785991896757710849,"ds_language":"ar","language":"ar","label":"neutral"}
{"tweetid":785992062382567424,"ds_language":"ar","language":"ar","label":"neutral"}
{"tweetid":785630922817232897,"ds_language":"ar","language":"ar","label":"negative"}
{"tweetid":785993263467618304,"ds_language":"ar","language":"sv","label":"positive"}
{"tweetid":784862796332822528,"ds_language":"ar","language":"ar","label":"negative"}
{"tweetid":784863386383355904,"ds_language":"ar","language":"ar","label":"neutral"}
{"tweetid":784869747192045569,"ds_language":"ar","language":"ar","label":"negative"}
{"tweetid":784875198524817408,"ds_language":"ar","language":"ar","label":"neutral"}
{"tweetid":785215177092427776,"ds_language":"ar","language":"ar","label":"negative"}
{"tweetid":785216092998369280,"ds_language":"ar","language":"ar","label":"neutral"}
{"tweetid":785217305231884288,"ds_language":"ar","language":"ar","label":"neutral"}
{"tweetid":785554570525208576,"ds_language":"ar","language":"ar","label":"neutral"}
{"tweetid":785564861073805312,"ds_language":"ar","language":"ar","label":"neutral"}
{"tweetid":785930359120822274,"ds_language":"ar","language":"ar","label":"neutral"}
{"tweetid":785935434949931008,"ds_language":"ar","language":"ar","label":"negative"}
{"tweetid":785936341179568128,"ds_language":"ar","language":"ar","label":"neutral"}
{"tweetid":785936458360258560,"ds_language":"ar","language":"ar","label":"negative"}
{"tweetid":785624703926996992,"ds_language":"ar","language":"fa","label":"neutral"}
{"tweetid":785630521657270272,"ds_language":"ar","language":"ar","label":"negative"}
{"tweetid":785987462401318913,"ds_language":"ar","language":"ar","label":"negative"}
{"tweetid":780633103958016000,"ds_language":"ar","language":"ar","label":"neutral"}
{"tweetid":780772207651880960,"ds_language":"ar","language":"ar","label":"positive"}
{"tweetid":780949910426296320,"ds_language":"ar","language":"ar","label":"neutral"}
{"tweetid":781381517733826560,"ds_language":"ar","language":"ar","label":"neutral"}
{"tweetid":781400143144726529,"ds_language":"ar","language":"ar","label":"positive"}
{"tweetid":781485165000396800,"ds_language":"ar","language":"ar","label":"positive"}
{"tweetid":781795913975140352,"ds_language":"ar","language":"ar","label":"neutral"}
{"tweetid":782065921976393729,"ds_language":"ar","language":"ar","label":"neutral"}
{"tweetid":782067702894649344,"ds_language":"ar","language":"ar","label":"neutral"}
{"tweetid":782586947256651781,"ds_language":"ar","language":"ar","label":"neutral"}
{"tweetid":782605830302511104,"ds_language":"ar","language":"ar","label":"positive"}
{"tweetid":784373520188907520,"ds_language":"ar","language":"ar","label":"positive"}
{"tweetid":784498744121257985,"ds_language":"ar","language":"ar","label":"neutral"}
{"tweetid":785766761438195712,"ds_language":"ar","language":"ar","label":"positive"}
{"tweetid":785768096367644672,"ds_language":"ar","language":"ar","label":"positive"}
{"tweetid":784859201713606658,"ds_language":"ar","language":"ar","label":"positive"}
{"tweetid":785141535604080640,"ds_language":"ar","language":"ar","label":"positive"}
{"tweetid":785141634988183557,"ds_language":"ar","language":"ar","label":"positive"}
{"tweetid":785167405815328768,"ds_language":"ar","language":"ar","label":"positive"}
{"tweetid":785185906605056002,"ds_language":"ar","language":"ar","label":"neutral"}
{"tweetid":785258797996634112,"ds_language":"ar","language":"ar","label":"neutral"}
{"tweetid":785592669305090048,"ds_language":"ar","language":"ar","label":"negative"}
{"tweetid":785601017606012928,"ds_language":"ar","language":"ar","label":"positive"}
{"tweetid":785865072128192514,"ds_language":"ar","language":"ar","label":"positive"}
{"tweetid":785910596604538880,"ds_language":"ar","language":"ar","label":"neutral"}
{"tweetid":785959013267673088,"ds_language":"ar","language":"ar","label":"neutral"}
{"tweetid":784536177416298498,"ds_language":"ar","language":"ar","label":"positive"}
{"tweetid":784568790898147332,"ds_language":"ar","language":"ar","label":"positive"}
{"tweetid":785190251836936192,"ds_language":"ar","language":"ar","label":"neutral"}
{"tweetid":785363568740958208,"ds_language":"ar","language":"ar","label":"positive"}
{"tweetid":785472019538317313,"ds_language":"ar","language":"ar","label":"neutral"}
{"tweetid":785571869378371584,"ds_language":"ar","language":"ar","label":"positive"}
{"tweetid":785758047008415745,"ds_language":"ar","language":"ar","label":"negative"}
{"tweetid":785630135592620032,"ds_language":"ar","language":"ca","label":"positive"}
{"tweetid":785630405529591808,"ds_language":"ar","language":"ar","label":"positive"}
{"tweetid":785992734620409856,"ds_language":"ar","language":"ar","label":"positive"}
{"tweetid":785992913817899012,"ds_language":"ar","language":"ar","label":"neutral"}
{"tweetid":785993000975409152,"ds_language":"ar","language":"ar","label":"neutral"}
{"tweetid":785468603604824064,"ds_language":"ar","language":"ar","label":"positive"}
{"tweetid":785513263719145475,"ds_language":"ar","language":"ar","label":"positive"}
{"tweetid":785514997602455552,"ds_language":"ar","language":"ar","label":"positive"}
{"tweetid":785515234773594113,"ds_language":"ar","language":"ar","label":"positive"}
{"tweetid":785535020027015169,"ds_language":"ar","language":"ar","label":"positive"}
{"tweetid":785723420134805504,"ds_language":"ar","language":"ar","label":"positive"}
{"tweetid":785975448320806912,"ds_language":"ar","language":"fa","label":"neutral"}
{"tweetid":783116455944523776,"ds_language":"ar","language":"ar","label":"negative"}
{"tweetid":784830743532990464,"ds_language":"ar","language":"ar","label":"negative"}
{"tweetid":785250630675890177,"ds_language":"ar","language":"ar","label":"neutral"}
{"tweetid":785561052931059712,"ds_language":"ar","language":"ar","label":"negative"}
{"tweetid":784825750612353025,"ds_language":"ar","language":"ar","label":"neutral"}
{"tweetid":784881386649976832,"ds_language":"ar","language":"en","label":"neutral"}
{"tweetid":784900452882194436,"ds_language":"ar","language":"ar","label":"positive"}
{"tweetid":785148972054769664,"ds_language":"ar","language":"ar","label":"neutral"}
{"tweetid":785193648367374336,"ds_language":"ar","language":"ar","label":"neutral"}
{"tweetid":785223356891144193,"ds_language":"ar","language":"ar","label":"positive"}
{"tweetid":785350069457387520,"ds_language":"ar","language":"ar","label":"neutral"}
{"tweetid":785450465433620480,"ds_language":"ar","language":"ar","label":"positive"}
{"tweetid":785482838594482176,"ds_language":"ar","language":"ar","label":"neutral"}
{"tweetid":785533203658317824,"ds_language":"ar","language":"ar","label":"neutral"}
{"tweetid":785692362387390464,"ds_language":"ar","language":"sl","label":"neutral"}
{"tweetid":785823638452838400,"ds_language":"ar","language":"ar","label":"neutral"}
{"tweetid":785898938180055040,"ds_language":"ar","language":"ar","label":"neutral"}
{"tweetid":785907786047561728,"ds_language":"ar","language":"ar","label":"neutral"}
{"tweetid":785923681432117248,"ds_language":"ar","language":"ar","label":"positive"}
