{"tweetid":342892980597837825,"ds_language":"sq","language":"sq","label":"neutral"}
{"tweetid":342932793082404865,"ds_language":"sq","language":"so","label":"positive"}
{"tweetid":342943246848253952,"ds_language":"sq","language":"sq","label":"neutral"}
{"tweetid":343050510053539840,"ds_language":"sq","language":"sq","label":"positive"}
{"tweetid":343050691893415938,"ds_language":"sq","language":"hr","label":"positive"}
{"tweetid":343051027026681856,"ds_language":"sq","language":"sq","label":"positive"}
{"tweetid":343051356376031232,"ds_language":"sq","language":"sq","label":"neutral"}
{"tweetid":343052148046700544,"ds_language":"sq","language":"so","label":"positive"}
{"tweetid":343060513841901569,"ds_language":"sq","language":"hr","label":"neutral"}
{"tweetid":343064022867902465,"ds_language":"sq","language":"so","label":"neutral"}
{"tweetid":343370071651000321,"ds_language":"sq","language":"sq","label":"positive"}
{"tweetid":343375385909669888,"ds_language":"sq","language":"en","label":"negative"}
{"tweetid":343490833569435648,"ds_language":"sq","language":"it","label":"neutral"}
{"tweetid":343630006754357249,"ds_language":"sq","language":"de","label":"positive"}
{"tweetid":343779742195011584,"ds_language":"sq","language":"sq","label":"positive"}
{"tweetid":343788529903611906,"ds_language":"sq","language":"sl","label":"positive"}
{"tweetid":343799981733470210,"ds_language":"sq","language":"sq","label":"positive"}
{"tweetid":343801697602240512,"ds_language":"sq","language":"sq","label":"positive"}
{"tweetid":345217395897556993,"ds_language":"sq","language":"sq","label":"neutral"}
{"tweetid":345972001816596480,"ds_language":"sq","language":"sq","label":"neutral"}
{"tweetid":346184432861982721,"ds_language":"sq","language":"id","label":"neutral"}
{"tweetid":346184432861982721,"ds_language":"sq","language":"id","label":"neutral"}
{"tweetid":346196021057052672,"ds_language":"sq","language":"sq","label":"neutral"}
{"tweetid":346613291910565890,"ds_language":"sq","language":"sq","label":"positive"}
{"tweetid":346963671597080577,"ds_language":"sq","language":"sq","label":"neutral"}
{"tweetid":347018384904437760,"ds_language":"sq","language":"sq","label":"positive"}
{"tweetid":347018677180313600,"ds_language":"sq","language":"sq","label":"negative"}
{"tweetid":347231287381200896,"ds_language":"sq","language":"sq","label":"negative"}
{"tweetid":347259235203158016,"ds_language":"sq","language":"sq","label":"positive"}
{"tweetid":347461393743769602,"ds_language":"sq","language":"sq","label":"neutral"}
{"tweetid":347651122514780160,"ds_language":"sq","language":"sl","label":"neutral"}
{"tweetid":347817592385306625,"ds_language":"sq","language":"sq","label":"neutral"}
{"tweetid":348108280058490880,"ds_language":"sq","language":"id","label":"positive"}
{"tweetid":348110143017320448,"ds_language":"sq","language":"so","label":"positive"}
{"tweetid":348411748774199296,"ds_language":"sq","language":"sq","label":"positive"}
{"tweetid":348430149135499264,"ds_language":"sq","language":"sq","label":"neutral"}
{"tweetid":348430692478234624,"ds_language":"sq","language":"so","label":"positive"}
{"tweetid":348675960503160832,"ds_language":"sq","language":"sq","label":"positive"}
{"tweetid":348678593867550721,"ds_language":"sq","language":"sq","label":"positive"}
{"tweetid":348746954131513344,"ds_language":"sq","language":"sq","label":"positive"}
{"tweetid":348808560446148609,"ds_language":"sq","language":"sq","label":"neutral"}
{"tweetid":348808560446148609,"ds_language":"sq","language":"sq","label":"neutral"}
{"tweetid":348888949340635136,"ds_language":"sq","language":"no","label":"positive"}
{"tweetid":348888949340635136,"ds_language":"sq","language":"no","label":"positive"}
{"tweetid":349454725160263680,"ds_language":"sq","language":"sq","label":"positive"}
{"tweetid":349526021999054848,"ds_language":"sq","language":"sq","label":"positive"}
{"tweetid":349615911533174784,"ds_language":"sq","language":"sq","label":"positive"}
{"tweetid":349616108443148288,"ds_language":"sq","language":"sq","label":"positive"}
{"tweetid":349640301280894978,"ds_language":"sq","language":"sq","label":"positive"}
{"tweetid":350578707339038720,"ds_language":"sq","language":"sq","label":"positive"}
{"tweetid":350610318151544832,"ds_language":"sq","language":"sq","label":"neutral"}
{"tweetid":351627970814812163,"ds_language":"sq","language":"sq","label":"positive"}
{"tweetid":351627970814812163,"ds_language":"sq","language":"sq","label":"positive"}
{"tweetid":352117143229304834,"ds_language":"sq","language":"sq","label":"neutral"}
{"tweetid":352117143229304834,"ds_language":"sq","language":"sq","label":"neutral"}
{"tweetid":352117353208758273,"ds_language":"sq","language":"sq","label":"neutral"}
{"tweetid":352117353208758273,"ds_language":"sq","language":"sq","label":"neutral"}
{"tweetid":352117514844639234,"ds_language":"sq","language":"sq","label":"neutral"}
{"tweetid":352117514844639234,"ds_language":"sq","language":"sq","label":"neutral"}
{"tweetid":352117541910478850,"ds_language":"sq","language":"sq","label":"neutral"}
{"tweetid":352117541910478850,"ds_language":"sq","language":"sq","label":"neutral"}
{"tweetid":352121068833611776,"ds_language":"sq","language":"sq","label":"neutral"}
{"tweetid":352121068833611776,"ds_language":"sq","language":"sq","label":"neutral"}
{"tweetid":352121189113659393,"ds_language":"sq","language":"sq","label":"neutral"}
{"tweetid":352121189113659393,"ds_language":"sq","language":"sq","label":"neutral"}
{"tweetid":352534619125608448,"ds_language":"sq","language":"pt","label":"neutral"}
{"tweetid":352563209452023808,"ds_language":"sq","language":"sq","label":"positive"}
{"tweetid":353432635328057344,"ds_language":"sq","language":"sq","label":"neutral"}
{"tweetid":354505294358908929,"ds_language":"sq","language":"sq","label":"positive"}
{"tweetid":355059875740528641,"ds_language":"sq","language":"sq","label":"neutral"}
{"tweetid":355293350666059776,"ds_language":"sq","language":"sq","label":"positive"}
{"tweetid":357255627044691971,"ds_language":"sq","language":"sq","label":"neutral"}
{"tweetid":358301399630610432,"ds_language":"sq","language":"sq","label":"neutral"}
{"tweetid":358455941731078144,"ds_language":"sq","language":"en","label":"positive"}
{"tweetid":358570568490029062,"ds_language":"sq","language":"it","label":"neutral"}
{"tweetid":358572284455305216,"ds_language":"sq","language":"sq","label":"neutral"}
{"tweetid":358574202036551680,"ds_language":"sq","language":"sq","label":"neutral"}
{"tweetid":358666956020670464,"ds_language":"sq","language":"sq","label":"positive"}
{"tweetid":358666986597142528,"ds_language":"sq","language":"et","label":"neutral"}
{"tweetid":358667076254584832,"ds_language":"sq","language":"it","label":"positive"}
{"tweetid":358667086513852416,"ds_language":"sq","language":"sq","label":"neutral"}
{"tweetid":358667091345698816,"ds_language":"sq","language":"it","label":"positive"}
{"tweetid":358667099113549824,"ds_language":"sq","language":"it","label":"positive"}
{"tweetid":358667172232839168,"ds_language":"sq","language":"sq","label":"positive"}
{"tweetid":358667224938450944,"ds_language":"sq","language":"sq","label":"positive"}
{"tweetid":358667235571027968,"ds_language":"sq","language":"it","label":"positive"}
{"tweetid":358667242009284608,"ds_language":"sq","language":"sq","label":"positive"}
{"tweetid":358667257096208384,"ds_language":"sq","language":"sq","label":"positive"}
{"tweetid":359038255062192128,"ds_language":"sq","language":"sq","label":"neutral"}
{"tweetid":361831157660270593,"ds_language":"sq","language":"so","label":"neutral"}
{"tweetid":361933906922065920,"ds_language":"sq","language":"sq","label":"neutral"}
{"tweetid":362227755934425088,"ds_language":"sq","language":"sq","label":"neutral"}
{"tweetid":362228649551867904,"ds_language":"sq","language":"hr","label":"positive"}
{"tweetid":362726076377616384,"ds_language":"sq","language":"sq","label":"positive"}
{"tweetid":362726076377616384,"ds_language":"sq","language":"sq","label":"positive"}
{"tweetid":365779765770215424,"ds_language":"sq","language":"sq","label":"positive"}
{"tweetid":366170456224579584,"ds_language":"sq","language":"sq","label":"positive"}
{"tweetid":368160677380100098,"ds_language":"sq","language":"sq","label":"positive"}
{"tweetid":368628097198723073,"ds_language":"sq","language":"sq","label":"neutral"}
{"tweetid":369206471445061632,"ds_language":"sq","language":"en","label":"neutral"}
{"tweetid":369372121949941760,"ds_language":"sq","language":"en","label":"neutral"}
{"tweetid":369372499592486912,"ds_language":"sq","language":"en","label":"neutral"}
{"tweetid":370646030012121088,"ds_language":"sq","language":"sq","label":"neutral"}
{"tweetid":370915227342487552,"ds_language":"sq","language":"sq","label":"positive"}
{"tweetid":370922393474457600,"ds_language":"sq","language":"fi","label":"positive"}
{"tweetid":370998404735717376,"ds_language":"sq","language":"ca","label":"negative"}
{"tweetid":371989344417878016,"ds_language":"sq","language":"sq","label":"positive"}
{"tweetid":373392028811264000,"ds_language":"sq","language":"sq","label":"positive"}
{"tweetid":373870503695360000,"ds_language":"sq","language":"no","label":"positive"}
{"tweetid":373872420337119233,"ds_language":"sq","language":"no","label":"negative"}
{"tweetid":374194347987988480,"ds_language":"sq","language":"sq","label":"positive"}
