{"tweetid":323408938395648000,"ds_language":"bg","language":"ar","label":"negative"}
{"tweetid":323506582208000000,"ds_language":"bg","language":"bg","label":"neutral"}
{"tweetid":444761322085810177,"ds_language":"bg","language":"bg","label":"neutral"}
{"tweetid":444761893740503040,"ds_language":"bg","language":"bg","label":"neutral"}
{"tweetid":444763553229049856,"ds_language":"bg","language":"bg","label":"negative"}
{"tweetid":444765056991911937,"ds_language":"bg","language":"bg","label":"neutral"}
{"tweetid":444765056991911937,"ds_language":"bg","language":"bg","label":"neutral"}
{"tweetid":444766212652679168,"ds_language":"bg","language":"bg","label":"positive"}
{"tweetid":444766430173491200,"ds_language":"bg","language":"bg","label":"positive"}
{"tweetid":444768324837048320,"ds_language":"bg","language":"bg","label":"neutral"}
{"tweetid":444771792562176000,"ds_language":"bg","language":"bg","label":"neutral"}
{"tweetid":444862441223372800,"ds_language":"bg","language":"bg","label":"negative"}
{"tweetid":445121612824604673,"ds_language":"bg","language":"bg","label":"negative"}
{"tweetid":445123341045604352,"ds_language":"bg","language":"bg","label":"neutral"}
{"tweetid":445123341045604352,"ds_language":"bg","language":"bg","label":"neutral"}
{"tweetid":445235214936440832,"ds_language":"bg","language":"bg","label":"positive"}
{"tweetid":445269388078223360,"ds_language":"bg","language":"bg","label":"positive"}
{"tweetid":445269388078223360,"ds_language":"bg","language":"bg","label":"positive"}
{"tweetid":445277790578171904,"ds_language":"bg","language":"bg","label":"positive"}
{"tweetid":445277790578171904,"ds_language":"bg","language":"bg","label":"positive"}
{"tweetid":445285745704828928,"ds_language":"bg","language":"bg","label":"positive"}
{"tweetid":445515160711860224,"ds_language":"bg","language":"bg","label":"negative"}
{"tweetid":445515630859390976,"ds_language":"bg","language":"bg","label":"positive"}
{"tweetid":445515878205882368,"ds_language":"bg","language":"UNKNOWN","label":"neutral"}
{"tweetid":445530703959031808,"ds_language":"bg","language":"bg","label":"neutral"}
{"tweetid":445531729999454208,"ds_language":"bg","language":"ru","label":"positive"}
{"tweetid":445531729999454208,"ds_language":"bg","language":"ru","label":"positive"}
{"tweetid":445532549360525312,"ds_language":"bg","language":"bg","label":"neutral"}
{"tweetid":445535435599511552,"ds_language":"bg","language":"bg","label":"positive"}
{"tweetid":445536612680617984,"ds_language":"bg","language":"bg","label":"positive"}
{"tweetid":445542843827097600,"ds_language":"bg","language":"bg","label":"positive"}
{"tweetid":445542843827097600,"ds_language":"bg","language":"bg","label":"positive"}
{"tweetid":445543667852668928,"ds_language":"bg","language":"bg","label":"neutral"}
{"tweetid":445543667852668928,"ds_language":"bg","language":"bg","label":"neutral"}
{"tweetid":445545554064715776,"ds_language":"bg","language":"bg","label":"positive"}
{"tweetid":445547713057140738,"ds_language":"bg","language":"bg","label":"neutral"}
{"tweetid":445554123379728384,"ds_language":"bg","language":"bg","label":"neutral"}
{"tweetid":445554424333598721,"ds_language":"bg","language":"bg","label":"positive"}
{"tweetid":445554424333598721,"ds_language":"bg","language":"bg","label":"positive"}
{"tweetid":445565925090021376,"ds_language":"bg","language":"mk","label":"positive"}
{"tweetid":445570281956859904,"ds_language":"bg","language":"bg","label":"neutral"}
{"tweetid":445571891990757376,"ds_language":"bg","language":"bg","label":"neutral"}
{"tweetid":445575000985456640,"ds_language":"bg","language":"ru","label":"positive"}
{"tweetid":445579705400692736,"ds_language":"bg","language":"bg","label":"neutral"}
{"tweetid":445587042638888960,"ds_language":"bg","language":"bg","label":"positive"}
{"tweetid":445597160164188160,"ds_language":"bg","language":"bg","label":"neutral"}
{"tweetid":445597888735744000,"ds_language":"bg","language":"bg","label":"positive"}
{"tweetid":445599381363105792,"ds_language":"bg","language":"bg","label":"neutral"}
{"tweetid":445607169988513792,"ds_language":"bg","language":"bg","label":"positive"}
{"tweetid":445610943012405248,"ds_language":"bg","language":"mk","label":"positive"}
{"tweetid":445613154996092928,"ds_language":"bg","language":"mk","label":"negative"}
{"tweetid":445615035503497216,"ds_language":"bg","language":"bg","label":"positive"}
{"tweetid":445620980266708993,"ds_language":"bg","language":"bg","label":"neutral"}
{"tweetid":445621920034463745,"ds_language":"bg","language":"bg","label":"positive"}
{"tweetid":445624638035726336,"ds_language":"bg","language":"bg","label":"positive"}
{"tweetid":445632349968285697,"ds_language":"bg","language":"bg","label":"neutral"}
{"tweetid":445632548878950400,"ds_language":"bg","language":"sq","label":"positive"}
{"tweetid":445633677670637569,"ds_language":"bg","language":"mk","label":"neutral"}
{"tweetid":445636222137139200,"ds_language":"bg","language":"bg","label":"negative"}
{"tweetid":445636390215098370,"ds_language":"bg","language":"bg","label":"positive"}
{"tweetid":445636390215098370,"ds_language":"bg","language":"bg","label":"positive"}
{"tweetid":445640299772010496,"ds_language":"bg","language":"bg","label":"positive"}
{"tweetid":445647026546823168,"ds_language":"bg","language":"mk","label":"neutral"}
{"tweetid":445653562459451393,"ds_language":"bg","language":"UNKNOWN","label":"positive"}
{"tweetid":445666692870311937,"ds_language":"bg","language":"mk","label":"neutral"}
{"tweetid":445667076129447936,"ds_language":"bg","language":"bg","label":"neutral"}
{"tweetid":445667076129447936,"ds_language":"bg","language":"bg","label":"neutral"}
{"tweetid":445672926537191424,"ds_language":"bg","language":"bg","label":"positive"}
{"tweetid":445688786346074112,"ds_language":"bg","language":"hu","label":"neutral"}
{"tweetid":445717824703451137,"ds_language":"bg","language":"en","label":"neutral"}
{"tweetid":445790465565007874,"ds_language":"bg","language":"UNKNOWN","label":"positive"}
{"tweetid":445801971489210368,"ds_language":"bg","language":"bg","label":"neutral"}
{"tweetid":445811131970772992,"ds_language":"bg","language":"mk","label":"neutral"}
{"tweetid":445812758911524865,"ds_language":"bg","language":"ru","label":"positive"}
{"tweetid":445812758911524865,"ds_language":"bg","language":"ru","label":"positive"}
{"tweetid":445821100183003136,"ds_language":"bg","language":"bg","label":"neutral"}
{"tweetid":445823328880562176,"ds_language":"bg","language":"bg","label":"negative"}
{"tweetid":445823328880562176,"ds_language":"bg","language":"bg","label":"negative"}
{"tweetid":445826565600182272,"ds_language":"bg","language":"bg","label":"negative"}
{"tweetid":445828411509182465,"ds_language":"bg","language":"bg","label":"neutral"}
{"tweetid":445832290715713536,"ds_language":"bg","language":"bg","label":"positive"}
{"tweetid":445835701804736512,"ds_language":"bg","language":"ru","label":"positive"}
{"tweetid":445836160879710208,"ds_language":"bg","language":"bg","label":"neutral"}
{"tweetid":445836160879710208,"ds_language":"bg","language":"bg","label":"neutral"}
{"tweetid":445837582543618048,"ds_language":"bg","language":"fr","label":"neutral"}
{"tweetid":445842417208397824,"ds_language":"bg","language":"bg","label":"negative"}
{"tweetid":445845713919152128,"ds_language":"bg","language":"et","label":"neutral"}
{"tweetid":445847386725027840,"ds_language":"bg","language":"en","label":"positive"}
{"tweetid":445851998005788672,"ds_language":"bg","language":"de","label":"neutral"}
{"tweetid":445856224576565248,"ds_language":"bg","language":"bg","label":"negative"}
{"tweetid":445856442332237824,"ds_language":"bg","language":"bg","label":"neutral"}
{"tweetid":445856442332237824,"ds_language":"bg","language":"bg","label":"neutral"}
{"tweetid":445856733450088449,"ds_language":"bg","language":"bg","label":"positive"}
{"tweetid":445856733450088449,"ds_language":"bg","language":"bg","label":"positive"}
{"tweetid":445863304498409472,"ds_language":"bg","language":"bg","label":"neutral"}
{"tweetid":445867528288366592,"ds_language":"bg","language":"it","label":"neutral"}
{"tweetid":445870642752008194,"ds_language":"bg","language":"bg","label":"positive"}
{"tweetid":445870642752008194,"ds_language":"bg","language":"bg","label":"positive"}
{"tweetid":445876886829158400,"ds_language":"bg","language":"bg","label":"positive"}
{"tweetid":445878576064520192,"ds_language":"bg","language":"cy","label":"neutral"}
{"tweetid":445878576064520192,"ds_language":"bg","language":"cy","label":"neutral"}
{"tweetid":445880949621141504,"ds_language":"bg","language":"bg","label":"neutral"}
{"tweetid":445887936936935425,"ds_language":"bg","language":"bg","label":"negative"}
{"tweetid":445893590011478016,"ds_language":"bg","language":"mk","label":"positive"}
{"tweetid":445894004916248578,"ds_language":"bg","language":"bg","label":"neutral"}
{"tweetid":445894004916248578,"ds_language":"bg","language":"bg","label":"neutral"}
{"tweetid":445894239994785793,"ds_language":"bg","language":"bg","label":"neutral"}
{"tweetid":445895027009794048,"ds_language":"bg","language":"nl","label":"neutral"}
{"tweetid":445895687905882112,"ds_language":"bg","language":"bg","label":"positive"}
{"tweetid":445895687905882112,"ds_language":"bg","language":"bg","label":"positive"}
{"tweetid":445895817019527168,"ds_language":"bg","language":"bg","label":"neutral"}
{"tweetid":445897215450423296,"ds_language":"bg","language":"bg","label":"neutral"}
{"tweetid":445898316832727040,"ds_language":"bg","language":"bg","label":"positive"}
{"tweetid":445899089360596994,"ds_language":"bg","language":"mk","label":"positive"}
{"tweetid":445902201903652864,"ds_language":"bg","language":"ru","label":"neutral"}
{"tweetid":445902287610068992,"ds_language":"bg","language":"bg","label":"neutral"}
{"tweetid":445913078811463681,"ds_language":"bg","language":"mk","label":"positive"}
{"tweetid":445914796089565184,"ds_language":"bg","language":"bg","label":"positive"}
{"tweetid":445922683998715904,"ds_language":"bg","language":"bg","label":"negative"}
{"tweetid":445934325649780736,"ds_language":"bg","language":"bg","label":"positive"}
{"tweetid":445942079772835840,"ds_language":"bg","language":"bg","label":"neutral"}
{"tweetid":445942423479255040,"ds_language":"bg","language":"bg","label":"positive"}
{"tweetid":445943628775428097,"ds_language":"bg","language":"bg","label":"positive"}
{"tweetid":445948164437450752,"ds_language":"bg","language":"mk","label":"neutral"}
{"tweetid":445956190241976321,"ds_language":"bg","language":"ru","label":"positive"}
{"tweetid":445960675547185153,"ds_language":"bg","language":"en","label":"neutral"}
{"tweetid":445961358388244481,"ds_language":"bg","language":"en","label":"neutral"}
{"tweetid":445968001473736704,"ds_language":"bg","language":"bg","label":"positive"}
{"tweetid":445968781639426048,"ds_language":"bg","language":"bg","label":"positive"}
{"tweetid":445973749977075713,"ds_language":"bg","language":"bg","label":"positive"}
{"tweetid":445975698046717952,"ds_language":"bg","language":"en","label":"neutral"}
{"tweetid":445977248613814272,"ds_language":"bg","language":"af","label":"neutral"}
{"tweetid":445982879428800512,"ds_language":"bg","language":"bg","label":"neutral"}
{"tweetid":445982879428800512,"ds_language":"bg","language":"bg","label":"neutral"}
{"tweetid":445984793511985152,"ds_language":"bg","language":"bg","label":"neutral"}
{"tweetid":445991676180709376,"ds_language":"bg","language":"en","label":"neutral"}
{"tweetid":445997228214075392,"ds_language":"bg","language":"bg","label":"neutral"}
{"tweetid":445997228214075392,"ds_language":"bg","language":"bg","label":"neutral"}
{"tweetid":446002814842441728,"ds_language":"bg","language":"bg","label":"positive"}
{"tweetid":446013424955191296,"ds_language":"bg","language":"bg","label":"positive"}
{"tweetid":446022198516809728,"ds_language":"bg","language":"en","label":"neutral"}
{"tweetid":446022938706194434,"ds_language":"bg","language":"bg","label":"negative"}
{"tweetid":446034866203656192,"ds_language":"bg","language":"en","label":"neutral"}
{"tweetid":446046193118744576,"ds_language":"bg","language":"bg","label":"neutral"}
{"tweetid":446046193118744576,"ds_language":"bg","language":"bg","label":"neutral"}
{"tweetid":446055844258791424,"ds_language":"bg","language":"en","label":"neutral"}
{"tweetid":446078338126606337,"ds_language":"bg","language":"bg","label":"neutral"}
{"tweetid":446140939539873792,"ds_language":"bg","language":"bg","label":"positive"}
{"tweetid":446159363880022016,"ds_language":"bg","language":"bg","label":"positive"}
{"tweetid":446165112593059840,"ds_language":"bg","language":"bg","label":"negative"}
{"tweetid":446173263186903040,"ds_language":"bg","language":"bg","label":"negative"}
{"tweetid":446173263186903040,"ds_language":"bg","language":"bg","label":"negative"}
{"tweetid":446180489867845632,"ds_language":"bg","language":"bg","label":"neutral"}
{"tweetid":446184536624623616,"ds_language":"bg","language":"bg","label":"positive"}
{"tweetid":446185799319822336,"ds_language":"bg","language":"bg","label":"positive"}
{"tweetid":446189917920456705,"ds_language":"bg","language":"af","label":"neutral"}
{"tweetid":446190624229040128,"ds_language":"bg","language":"sl","label":"neutral"}
{"tweetid":446192025999003648,"ds_language":"bg","language":"bg","label":"positive"}
{"tweetid":446192716666658816,"ds_language":"bg","language":"bg","label":"positive"}
{"tweetid":446193021743546368,"ds_language":"bg","language":"bg","label":"neutral"}
{"tweetid":446193193164369920,"ds_language":"bg","language":"mk","label":"neutral"}
{"tweetid":446193193164369920,"ds_language":"bg","language":"mk","label":"neutral"}
{"tweetid":446194243112300544,"ds_language":"bg","language":"bg","label":"neutral"}
{"tweetid":446194276641554432,"ds_language":"bg","language":"bg","label":"neutral"}
{"tweetid":446194276641554432,"ds_language":"bg","language":"bg","label":"neutral"}
{"tweetid":446194648076148736,"ds_language":"bg","language":"bg","label":"positive"}
{"tweetid":446194733442801664,"ds_language":"bg","language":"bg","label":"neutral"}
{"tweetid":446194733442801664,"ds_language":"bg","language":"bg","label":"neutral"}
{"tweetid":446194962938351617,"ds_language":"bg","language":"bg","label":"positive"}
{"tweetid":446194962938351617,"ds_language":"bg","language":"bg","label":"positive"}
{"tweetid":446195073802178560,"ds_language":"bg","language":"bg","label":"neutral"}
{"tweetid":446195792848904192,"ds_language":"bg","language":"sl","label":"negative"}
{"tweetid":446196472027942912,"ds_language":"bg","language":"bg","label":"negative"}
{"tweetid":446198821555412992,"ds_language":"bg","language":"bg","label":"neutral"}
{"tweetid":446204810564341761,"ds_language":"bg","language":"bg","label":"positive"}
{"tweetid":446204810564341761,"ds_language":"bg","language":"bg","label":"positive"}
{"tweetid":446205072251576320,"ds_language":"bg","language":"fr","label":"positive"}
{"tweetid":446205567913459712,"ds_language":"bg","language":"bg","label":"neutral"}
{"tweetid":446207718643466240,"ds_language":"bg","language":"bg","label":"positive"}
{"tweetid":446210743302492160,"ds_language":"bg","language":"bg","label":"neutral"}
{"tweetid":446211131779342336,"ds_language":"bg","language":"bg","label":"positive"}
{"tweetid":446211189656145920,"ds_language":"bg","language":"bg","label":"neutral"}
{"tweetid":446212483187896320,"ds_language":"bg","language":"bg","label":"positive"}
{"tweetid":446216834245595138,"ds_language":"bg","language":"bg","label":"neutral"}
{"tweetid":446216834245595138,"ds_language":"bg","language":"bg","label":"neutral"}
{"tweetid":446217439169478656,"ds_language":"bg","language":"bg","label":"negative"}
{"tweetid":446224782452092928,"ds_language":"bg","language":"bg","label":"neutral"}
{"tweetid":446228095142350848,"ds_language":"bg","language":"mk","label":"positive"}
{"tweetid":446229930888548352,"ds_language":"bg","language":"bg","label":"neutral"}
{"tweetid":446231808745553920,"ds_language":"bg","language":"bg","label":"neutral"}
{"tweetid":446239394370834432,"ds_language":"bg","language":"bg","label":"neutral"}
{"tweetid":446240991154958336,"ds_language":"bg","language":"ru","label":"positive"}
{"tweetid":446247623050014721,"ds_language":"bg","language":"bg","label":"neutral"}
{"tweetid":446249139320287233,"ds_language":"bg","language":"bg","label":"neutral"}
{"tweetid":446253244256227328,"ds_language":"bg","language":"bg","label":"neutral"}
{"tweetid":446259588627980289,"ds_language":"bg","language":"en","label":"neutral"}
{"tweetid":446261298553425920,"ds_language":"bg","language":"bg","label":"neutral"}
{"tweetid":446261298553425920,"ds_language":"bg","language":"bg","label":"neutral"}
{"tweetid":446264428091437056,"ds_language":"bg","language":"ru","label":"neutral"}
{"tweetid":446265059451215872,"ds_language":"bg","language":"mk","label":"neutral"}
{"tweetid":446268070986645505,"ds_language":"bg","language":"sl","label":"neutral"}
{"tweetid":446274722444357632,"ds_language":"bg","language":"bg","label":"neutral"}
{"tweetid":446280450932080640,"ds_language":"bg","language":"bg","label":"positive"}
{"tweetid":446280450932080640,"ds_language":"bg","language":"bg","label":"positive"}
{"tweetid":446280819204554752,"ds_language":"bg","language":"bg","label":"neutral"}
{"tweetid":446280819204554752,"ds_language":"bg","language":"bg","label":"neutral"}
{"tweetid":446281481556484096,"ds_language":"bg","language":"bg","label":"neutral"}
{"tweetid":446282894248390656,"ds_language":"bg","language":"bg","label":"positive"}
{"tweetid":446289926351380481,"ds_language":"bg","language":"bg","label":"neutral"}
{"tweetid":446295863673884672,"ds_language":"bg","language":"bg","label":"positive"}
{"tweetid":446303995108552704,"ds_language":"bg","language":"bg","label":"positive"}
{"tweetid":446304677290704900,"ds_language":"bg","language":"mk","label":"neutral"}
{"tweetid":446304677290704900,"ds_language":"bg","language":"mk","label":"neutral"}
{"tweetid":446309038821621760,"ds_language":"bg","language":"bg","label":"positive"}
{"tweetid":446312885912743937,"ds_language":"bg","language":"mk","label":"positive"}
{"tweetid":446314502485602304,"ds_language":"bg","language":"bg","label":"positive"}
{"tweetid":446314807227322368,"ds_language":"bg","language":"mk","label":"neutral"}
{"tweetid":446314807227322368,"ds_language":"bg","language":"mk","label":"neutral"}
{"tweetid":446319310999666688,"ds_language":"bg","language":"sl","label":"positive"}
{"tweetid":446320310367686657,"ds_language":"bg","language":"bg","label":"positive"}
{"tweetid":446322727579049984,"ds_language":"bg","language":"bg","label":"negative"}
{"tweetid":446322727579049984,"ds_language":"bg","language":"bg","label":"negative"}
{"tweetid":446322807786717184,"ds_language":"bg","language":"pt","label":"neutral"}
{"tweetid":446335482298118144,"ds_language":"bg","language":"bg","label":"positive"}
{"tweetid":446344438374465536,"ds_language":"bg","language":"bg","label":"positive"}
{"tweetid":451700330699321345,"ds_language":"bg","language":"bg","label":"neutral"}
{"tweetid":451706241912291328,"ds_language":"bg","language":"bg","label":"positive"}
{"tweetid":451706241912291328,"ds_language":"bg","language":"bg","label":"positive"}
{"tweetid":451717719151226880,"ds_language":"bg","language":"bg","label":"neutral"}
{"tweetid":451719461859381249,"ds_language":"bg","language":"bg","label":"neutral"}
{"tweetid":451719461859381249,"ds_language":"bg","language":"bg","label":"neutral"}
{"tweetid":451730844495790081,"ds_language":"bg","language":"bg","label":"positive"}
{"tweetid":451745248054480896,"ds_language":"bg","language":"bg","label":"neutral"}
{"tweetid":451745248054480896,"ds_language":"bg","language":"bg","label":"neutral"}
{"tweetid":451960748390895616,"ds_language":"bg","language":"uk","label":"neutral"}
{"tweetid":452039934216400896,"ds_language":"bg","language":"bg","label":"neutral"}
{"tweetid":452061169780404224,"ds_language":"bg","language":"bg","label":"positive"}
{"tweetid":452063872510201857,"ds_language":"bg","language":"bg","label":"neutral"}
{"tweetid":452063872510201857,"ds_language":"bg","language":"bg","label":"neutral"}
{"tweetid":452076710180044800,"ds_language":"bg","language":"bg","label":"neutral"}
{"tweetid":452076710180044800,"ds_language":"bg","language":"bg","label":"neutral"}
{"tweetid":452086266067046400,"ds_language":"bg","language":"bg","label":"positive"}
{"tweetid":452100061132906497,"ds_language":"bg","language":"bg","label":"neutral"}
{"tweetid":452104095575203840,"ds_language":"bg","language":"bg","label":"negative"}
{"tweetid":452104095575203840,"ds_language":"bg","language":"bg","label":"negative"}
{"tweetid":452132684001599488,"ds_language":"bg","language":"bg","label":"neutral"}
{"tweetid":452160914100199424,"ds_language":"bg","language":"bg","label":"neutral"}
{"tweetid":452160914100199424,"ds_language":"bg","language":"bg","label":"neutral"}
{"tweetid":452163629278691328,"ds_language":"bg","language":"bg","label":"neutral"}
{"tweetid":452163629278691328,"ds_language":"bg","language":"bg","label":"neutral"}
{"tweetid":452356858523549696,"ds_language":"bg","language":"bg","label":"neutral"}
{"tweetid":452356858523549696,"ds_language":"bg","language":"bg","label":"neutral"}
{"tweetid":452365801782128640,"ds_language":"bg","language":"bg","label":"neutral"}
{"tweetid":452403920258625536,"ds_language":"bg","language":"bg","label":"neutral"}
{"tweetid":452424785826304000,"ds_language":"bg","language":"bg","label":"neutral"}
{"tweetid":452424785826304000,"ds_language":"bg","language":"bg","label":"neutral"}
{"tweetid":452446370666803200,"ds_language":"bg","language":"bg","label":"negative"}
{"tweetid":452449358332432384,"ds_language":"bg","language":"bg","label":"neutral"}
{"tweetid":452456280708222979,"ds_language":"bg","language":"mk","label":"neutral"}
{"tweetid":452481986892795904,"ds_language":"bg","language":"bg","label":"neutral"}
{"tweetid":452481986892795904,"ds_language":"bg","language":"bg","label":"neutral"}
{"tweetid":452717989251407872,"ds_language":"bg","language":"bg","label":"neutral"}
{"tweetid":452782768716386305,"ds_language":"bg","language":"bg","label":"positive"}
{"tweetid":452803822440943616,"ds_language":"bg","language":"hu","label":"neutral"}
{"tweetid":452823594574577664,"ds_language":"bg","language":"sw","label":"neutral"}
{"tweetid":452824438270988288,"ds_language":"bg","language":"bg","label":"positive"}
{"tweetid":452824438270988288,"ds_language":"bg","language":"bg","label":"positive"}
{"tweetid":452832727658545152,"ds_language":"bg","language":"bg","label":"positive"}
{"tweetid":452839542903435264,"ds_language":"bg","language":"bg","label":"neutral"}
{"tweetid":453059773156429824,"ds_language":"bg","language":"bg","label":"neutral"}
{"tweetid":453066809407586304,"ds_language":"bg","language":"bg","label":"positive"}
{"tweetid":453093903751589888,"ds_language":"bg","language":"bg","label":"neutral"}
{"tweetid":453093903751589888,"ds_language":"bg","language":"bg","label":"neutral"}
{"tweetid":453099992824020992,"ds_language":"bg","language":"mk","label":"neutral"}
{"tweetid":453099992824020992,"ds_language":"bg","language":"mk","label":"neutral"}
{"tweetid":453103439078109184,"ds_language":"bg","language":"bg","label":"positive"}
{"tweetid":453113848510570496,"ds_language":"bg","language":"bg","label":"positive"}
{"tweetid":453116034958913536,"ds_language":"bg","language":"mk","label":"neutral"}
{"tweetid":453116034958913536,"ds_language":"bg","language":"mk","label":"neutral"}
{"tweetid":453135245387108353,"ds_language":"bg","language":"bg","label":"negative"}
{"tweetid":453140014386253824,"ds_language":"bg","language":"bg","label":"positive"}
{"tweetid":453142505647636480,"ds_language":"bg","language":"bg","label":"positive"}
{"tweetid":453160010973851648,"ds_language":"bg","language":"bg","label":"neutral"}
{"tweetid":453172920336932864,"ds_language":"bg","language":"bg","label":"positive"}
{"tweetid":453174904439853056,"ds_language":"bg","language":"bg","label":"neutral"}
{"tweetid":453183175410212864,"ds_language":"bg","language":"bg","label":"neutral"}
{"tweetid":453183175410212864,"ds_language":"bg","language":"bg","label":"neutral"}
{"tweetid":453191013507416065,"ds_language":"bg","language":"bg","label":"negative"}
{"tweetid":453233394017898496,"ds_language":"bg","language":"bg","label":"neutral"}
{"tweetid":453395811674894336,"ds_language":"bg","language":"bg","label":"neutral"}
{"tweetid":453403443907268608,"ds_language":"bg","language":"bg","label":"neutral"}
{"tweetid":453403443907268608,"ds_language":"bg","language":"bg","label":"neutral"}
{"tweetid":453406950139518976,"ds_language":"bg","language":"bg","label":"positive"}
{"tweetid":453411106854158336,"ds_language":"bg","language":"bg","label":"negative"}
{"tweetid":453414731270090752,"ds_language":"bg","language":"bg","label":"neutral"}
{"tweetid":453414741139259392,"ds_language":"bg","language":"bg","label":"neutral"}
{"tweetid":453415190114349056,"ds_language":"bg","language":"bg","label":"positive"}
{"tweetid":453415190114349056,"ds_language":"bg","language":"bg","label":"positive"}
{"tweetid":453416933648760832,"ds_language":"bg","language":"bg","label":"positive"}
{"tweetid":453416933648760832,"ds_language":"bg","language":"bg","label":"positive"}
{"tweetid":453418805583028224,"ds_language":"bg","language":"bg","label":"neutral"}
{"tweetid":453419223755546624,"ds_language":"bg","language":"bg","label":"positive"}
{"tweetid":453419488382181377,"ds_language":"bg","language":"mk","label":"negative"}
{"tweetid":453419488382181377,"ds_language":"bg","language":"mk","label":"negative"}
{"tweetid":453421648566177792,"ds_language":"bg","language":"bg","label":"neutral"}
{"tweetid":453421648566177792,"ds_language":"bg","language":"bg","label":"neutral"}
{"tweetid":453423794171174912,"ds_language":"bg","language":"bg","label":"neutral"}
{"tweetid":453423913209724928,"ds_language":"bg","language":"nl","label":"neutral"}
{"tweetid":453425507455881216,"ds_language":"bg","language":"bg","label":"neutral"}
{"tweetid":453425507455881216,"ds_language":"bg","language":"bg","label":"neutral"}
{"tweetid":453425607792017408,"ds_language":"bg","language":"bg","label":"neutral"}
{"tweetid":453425698489630720,"ds_language":"bg","language":"bg","label":"neutral"}
{"tweetid":453426401241493504,"ds_language":"bg","language":"bg","label":"positive"}
{"tweetid":453427967410966528,"ds_language":"bg","language":"bg","label":"neutral"}
{"tweetid":453427967410966528,"ds_language":"bg","language":"bg","label":"neutral"}
{"tweetid":453428064014196736,"ds_language":"bg","language":"UNKNOWN","label":"positive"}
{"tweetid":453431014883213312,"ds_language":"bg","language":"uk","label":"positive"}
{"tweetid":453432481216073729,"ds_language":"bg","language":"bg","label":"neutral"}
{"tweetid":453432790965444608,"ds_language":"bg","language":"bg","label":"neutral"}
{"tweetid":453432877229674497,"ds_language":"bg","language":"bg","label":"positive"}
{"tweetid":453434997597569024,"ds_language":"bg","language":"bg","label":"neutral"}
{"tweetid":453435419741663232,"ds_language":"bg","language":"bg","label":"positive"}
{"tweetid":453436854587518976,"ds_language":"bg","language":"bg","label":"positive"}
{"tweetid":453454652122492928,"ds_language":"bg","language":"bg","label":"positive"}
{"tweetid":453457430551072769,"ds_language":"bg","language":"bg","label":"negative"}
{"tweetid":453466194419253248,"ds_language":"bg","language":"bg","label":"neutral"}
{"tweetid":453467884501876736,"ds_language":"bg","language":"mk","label":"neutral"}
{"tweetid":453467884501876736,"ds_language":"bg","language":"mk","label":"neutral"}
{"tweetid":453468813464317952,"ds_language":"bg","language":"mk","label":"neutral"}
{"tweetid":453478602848628736,"ds_language":"bg","language":"bg","label":"neutral"}
{"tweetid":453481044067778560,"ds_language":"bg","language":"bg","label":"positive"}
{"tweetid":453481744810147840,"ds_language":"bg","language":"bg","label":"neutral"}
{"tweetid":453483352507424769,"ds_language":"bg","language":"bg","label":"neutral"}
{"tweetid":453485359020912640,"ds_language":"bg","language":"bg","label":"negative"}
{"tweetid":453485359020912640,"ds_language":"bg","language":"bg","label":"negative"}
{"tweetid":453485638071754752,"ds_language":"bg","language":"ru","label":"negative"}
{"tweetid":453486451561230336,"ds_language":"bg","language":"bg","label":"neutral"}
{"tweetid":453496684509548544,"ds_language":"bg","language":"bg","label":"neutral"}
{"tweetid":453502587011362816,"ds_language":"bg","language":"sw","label":"positive"}
{"tweetid":453503215821008896,"ds_language":"bg","language":"bg","label":"positive"}
{"tweetid":453513413822799872,"ds_language":"bg","language":"bg","label":"positive"}
{"tweetid":453520249153794050,"ds_language":"bg","language":"bg","label":"positive"}
{"tweetid":453520439093235714,"ds_language":"bg","language":"bg","label":"positive"}
{"tweetid":453524688808181760,"ds_language":"bg","language":"bg","label":"neutral"}
{"tweetid":453527316447371265,"ds_language":"bg","language":"so","label":"positive"}
{"tweetid":453535350972239872,"ds_language":"bg","language":"bg","label":"positive"}
{"tweetid":453538329967853568,"ds_language":"bg","language":"mk","label":"neutral"}
{"tweetid":453538789802000384,"ds_language":"bg","language":"bg","label":"neutral"}
{"tweetid":453539657570324480,"ds_language":"bg","language":"ro","label":"positive"}
{"tweetid":453546665098506241,"ds_language":"bg","language":"bg","label":"neutral"}
{"tweetid":453547528957734912,"ds_language":"bg","language":"bg","label":"neutral"}
{"tweetid":453549093558968320,"ds_language":"bg","language":"bg","label":"positive"}
{"tweetid":453559330827010048,"ds_language":"bg","language":"en","label":"neutral"}
{"tweetid":453566268495241216,"ds_language":"bg","language":"bg","label":"neutral"}
{"tweetid":453566268495241216,"ds_language":"bg","language":"bg","label":"neutral"}
{"tweetid":453568302108123137,"ds_language":"bg","language":"bg","label":"positive"}
{"tweetid":453569713189437440,"ds_language":"bg","language":"bg","label":"neutral"}
{"tweetid":453571133103955968,"ds_language":"bg","language":"bg","label":"neutral"}
{"tweetid":453571133103955968,"ds_language":"bg","language":"bg","label":"neutral"}
{"tweetid":453574319374082048,"ds_language":"bg","language":"mk","label":"neutral"}
{"tweetid":453574668713070592,"ds_language":"bg","language":"en","label":"neutral"}
{"tweetid":453574668713070592,"ds_language":"bg","language":"en","label":"neutral"}
{"tweetid":453578178972237825,"ds_language":"bg","language":"ru","label":"negative"}
{"tweetid":453579284934692864,"ds_language":"bg","language":"bg","label":"neutral"}
{"tweetid":453587170021109760,"ds_language":"bg","language":"bg","label":"positive"}
{"tweetid":453587170021109760,"ds_language":"bg","language":"bg","label":"positive"}
{"tweetid":453590093950111744,"ds_language":"bg","language":"mk","label":"neutral"}
{"tweetid":453591170850254850,"ds_language":"bg","language":"bg","label":"neutral"}
{"tweetid":453591170850254850,"ds_language":"bg","language":"bg","label":"neutral"}
{"tweetid":453592070288977920,"ds_language":"bg","language":"bg","label":"positive"}
{"tweetid":453594938022719488,"ds_language":"bg","language":"bg","label":"positive"}
{"tweetid":453594938022719488,"ds_language":"bg","language":"bg","label":"positive"}
{"tweetid":453595967934435328,"ds_language":"bg","language":"bg","label":"neutral"}
{"tweetid":453601153029120000,"ds_language":"bg","language":"bg","label":"neutral"}
{"tweetid":453601365890068480,"ds_language":"bg","language":"bg","label":"positive"}
{"tweetid":453602129773879298,"ds_language":"bg","language":"bg","label":"neutral"}
{"tweetid":453605710484746240,"ds_language":"bg","language":"mk","label":"neutral"}
{"tweetid":453611040618467328,"ds_language":"bg","language":"bg","label":"neutral"}
{"tweetid":453618232012730368,"ds_language":"bg","language":"bg","label":"neutral"}
{"tweetid":453621965354328064,"ds_language":"bg","language":"bg","label":"positive"}
{"tweetid":453621999555080192,"ds_language":"bg","language":"bg","label":"neutral"}
{"tweetid":453628803915341825,"ds_language":"bg","language":"fi","label":"neutral"}
{"tweetid":453632987587166208,"ds_language":"bg","language":"mk","label":"positive"}
{"tweetid":453633743832748032,"ds_language":"bg","language":"bg","label":"neutral"}
{"tweetid":453637646296707072,"ds_language":"bg","language":"bg","label":"neutral"}
{"tweetid":453637646296707072,"ds_language":"bg","language":"bg","label":"neutral"}
{"tweetid":453681265670385664,"ds_language":"bg","language":"bg","label":"positive"}
{"tweetid":453706658477531136,"ds_language":"bg","language":"bg","label":"neutral"}
{"tweetid":453759620209995776,"ds_language":"bg","language":"en","label":"neutral"}
{"tweetid":453771024136286208,"ds_language":"bg","language":"de","label":"neutral"}
{"tweetid":453774405265420288,"ds_language":"bg","language":"mk","label":"neutral"}
{"tweetid":453774405265420288,"ds_language":"bg","language":"mk","label":"neutral"}
{"tweetid":453775109610688513,"ds_language":"bg","language":"bg","label":"negative"}
{"tweetid":453781419995979776,"ds_language":"bg","language":"bg","label":"positive"}
{"tweetid":453782889919172608,"ds_language":"bg","language":"bg","label":"neutral"}
{"tweetid":453784112684228608,"ds_language":"bg","language":"bg","label":"neutral"}
{"tweetid":453791470542004224,"ds_language":"bg","language":"bg","label":"neutral"}
{"tweetid":453793432071192576,"ds_language":"bg","language":"bg","label":"positive"}
{"tweetid":453797080893386752,"ds_language":"bg","language":"bg","label":"neutral"}
{"tweetid":453799314528411648,"ds_language":"bg","language":"bg","label":"positive"}
{"tweetid":453800494235148289,"ds_language":"bg","language":"bg","label":"negative"}
{"tweetid":453800849933090816,"ds_language":"bg","language":"en","label":"positive"}
{"tweetid":453801752442462208,"ds_language":"bg","language":"en","label":"positive"}
{"tweetid":453801752442462208,"ds_language":"bg","language":"en","label":"positive"}
{"tweetid":453802822845218816,"ds_language":"bg","language":"bg","label":"neutral"}
{"tweetid":453806719764680705,"ds_language":"bg","language":"bg","label":"neutral"}
{"tweetid":453807488828076032,"ds_language":"bg","language":"bg","label":"negative"}
{"tweetid":453807676318035969,"ds_language":"bg","language":"en","label":"positive"}
{"tweetid":453808434774024192,"ds_language":"bg","language":"bg","label":"negative"}
{"tweetid":453809956345483264,"ds_language":"bg","language":"bg","label":"positive"}
{"tweetid":453811025226514432,"ds_language":"bg","language":"bg","label":"neutral"}
{"tweetid":453814184161984512,"ds_language":"bg","language":"bg","label":"negative"}
{"tweetid":453814184161984512,"ds_language":"bg","language":"bg","label":"negative"}
{"tweetid":453816123117801472,"ds_language":"bg","language":"bg","label":"positive"}
{"tweetid":453816496012009472,"ds_language":"bg","language":"bg","label":"neutral"}
{"tweetid":453817832422510592,"ds_language":"bg","language":"nl","label":"positive"}
{"tweetid":453818609651814400,"ds_language":"bg","language":"bg","label":"positive"}
{"tweetid":453818609651814400,"ds_language":"bg","language":"bg","label":"positive"}
{"tweetid":453818825814069248,"ds_language":"bg","language":"bg","label":"positive"}
{"tweetid":453819291293335555,"ds_language":"bg","language":"bg","label":"neutral"}
{"tweetid":453819568738156545,"ds_language":"bg","language":"bg","label":"neutral"}
{"tweetid":453819568738156545,"ds_language":"bg","language":"bg","label":"neutral"}
{"tweetid":453821854952996864,"ds_language":"bg","language":"bg","label":"positive"}
{"tweetid":453821975480115200,"ds_language":"bg","language":"bg","label":"neutral"}
{"tweetid":453822244947783681,"ds_language":"bg","language":"hu","label":"neutral"}
{"tweetid":453822728668446720,"ds_language":"bg","language":"bg","label":"neutral"}
{"tweetid":453822883501195264,"ds_language":"bg","language":"bg","label":"neutral"}
{"tweetid":453825798672502784,"ds_language":"bg","language":"bg","label":"positive"}
{"tweetid":453825820780658688,"ds_language":"bg","language":"bg","label":"neutral"}
{"tweetid":453826174977048577,"ds_language":"bg","language":"bg","label":"positive"}
{"tweetid":453829196570046464,"ds_language":"bg","language":"bg","label":"neutral"}
{"tweetid":453829196570046464,"ds_language":"bg","language":"bg","label":"neutral"}
{"tweetid":453832532560072704,"ds_language":"bg","language":"bg","label":"neutral"}
{"tweetid":453833763860934656,"ds_language":"bg","language":"mk","label":"negative"}
{"tweetid":453834276992454656,"ds_language":"bg","language":"bg","label":"neutral"}
{"tweetid":453834276992454656,"ds_language":"bg","language":"bg","label":"neutral"}
{"tweetid":508839911651565569,"ds_language":"bg","language":"ru","label":"positive"}
{"tweetid":508876882545086464,"ds_language":"bg","language":"bg","label":"neutral"}
{"tweetid":508879300301713408,"ds_language":"bg","language":"tr","label":"positive"}
{"tweetid":508903613121716224,"ds_language":"bg","language":"bg","label":"neutral"}
{"tweetid":508909246277517312,"ds_language":"bg","language":"pt","label":"negative"}
{"tweetid":508926248220127232,"ds_language":"bg","language":"bg","label":"negative"}
{"tweetid":508932278014455808,"ds_language":"bg","language":"ro","label":"neutral"}
{"tweetid":508935951750823936,"ds_language":"bg","language":"bg","label":"negative"}
{"tweetid":508942821240602624,"ds_language":"bg","language":"bg","label":"negative"}
{"tweetid":508945442714161152,"ds_language":"bg","language":"bg","label":"negative"}
{"tweetid":508948560134807552,"ds_language":"bg","language":"bg","label":"positive"}
{"tweetid":508959156628639744,"ds_language":"bg","language":"bg","label":"negative"}
{"tweetid":508963637156134912,"ds_language":"bg","language":"bg","label":"positive"}
{"tweetid":508967093556232192,"ds_language":"bg","language":"bg","label":"positive"}
{"tweetid":508981207154307072,"ds_language":"bg","language":"bg","label":"neutral"}
{"tweetid":508989654272847872,"ds_language":"bg","language":"bg","label":"negative"}
{"tweetid":509003464186535936,"ds_language":"bg","language":"bg","label":"negative"}
{"tweetid":509010519194214400,"ds_language":"bg","language":"bg","label":"positive"}
{"tweetid":509239763485093888,"ds_language":"bg","language":"bg","label":"neutral"}
{"tweetid":509249205261828096,"ds_language":"bg","language":"ru","label":"neutral"}
{"tweetid":509253010409537537,"ds_language":"bg","language":"bg","label":"positive"}
{"tweetid":509253946083663872,"ds_language":"bg","language":"bg","label":"neutral"}
{"tweetid":509257617177591808,"ds_language":"bg","language":"bg","label":"negative"}
{"tweetid":509259194655338496,"ds_language":"bg","language":"bg","label":"negative"}
{"tweetid":509299091147599872,"ds_language":"bg","language":"bg","label":"neutral"}
{"tweetid":509315529576693762,"ds_language":"bg","language":"bg","label":"positive"}
{"tweetid":509321033141063681,"ds_language":"bg","language":"bg","label":"neutral"}
{"tweetid":509323559152680960,"ds_language":"bg","language":"bg","label":"positive"}
{"tweetid":509323948115648512,"ds_language":"bg","language":"UNKNOWN","label":"neutral"}
{"tweetid":509333664648683520,"ds_language":"bg","language":"fi","label":"negative"}
{"tweetid":509349226778988544,"ds_language":"bg","language":"bg","label":"neutral"}
{"tweetid":509377360396054528,"ds_language":"bg","language":"bg","label":"neutral"}
{"tweetid":509418934232035329,"ds_language":"bg","language":"bg","label":"neutral"}
{"tweetid":509430544514686976,"ds_language":"bg","language":"bg","label":"neutral"}
{"tweetid":509432603196530689,"ds_language":"bg","language":"bg","label":"neutral"}
{"tweetid":509592500945051648,"ds_language":"bg","language":"bg","label":"neutral"}
{"tweetid":509594076568903680,"ds_language":"bg","language":"bg","label":"negative"}
{"tweetid":509599966323810304,"ds_language":"bg","language":"bg","label":"positive"}
{"tweetid":509610108054417408,"ds_language":"bg","language":"bg","label":"neutral"}
{"tweetid":509642794894635009,"ds_language":"bg","language":"bg","label":"negative"}
{"tweetid":509648885284098048,"ds_language":"bg","language":"bg","label":"neutral"}
{"tweetid":509649241380487168,"ds_language":"bg","language":"bg","label":"neutral"}
{"tweetid":509650747068514304,"ds_language":"bg","language":"bg","label":"neutral"}
{"tweetid":509650983652429824,"ds_language":"bg","language":"mk","label":"neutral"}
{"tweetid":509663712710782976,"ds_language":"bg","language":"bg","label":"positive"}
{"tweetid":509676454633033728,"ds_language":"bg","language":"bg","label":"neutral"}
{"tweetid":509685279402520576,"ds_language":"bg","language":"bg","label":"neutral"}
{"tweetid":509688282792591360,"ds_language":"bg","language":"bg","label":"neutral"}
{"tweetid":509705335800856576,"ds_language":"bg","language":"bg","label":"neutral"}
{"tweetid":509733229428215808,"ds_language":"bg","language":"bg","label":"neutral"}
{"tweetid":509748190753849344,"ds_language":"bg","language":"bg","label":"negative"}
{"tweetid":509785197592981504,"ds_language":"bg","language":"it","label":"neutral"}
{"tweetid":509787438286647297,"ds_language":"bg","language":"bg","label":"neutral"}
{"tweetid":509941463711748097,"ds_language":"bg","language":"bg","label":"neutral"}
{"tweetid":509950889868943360,"ds_language":"bg","language":"mk","label":"positive"}
{"tweetid":509971766530551809,"ds_language":"bg","language":"bg","label":"neutral"}
{"tweetid":509987651416752128,"ds_language":"bg","language":"mk","label":"neutral"}
{"tweetid":509991365955289088,"ds_language":"bg","language":"bg","label":"positive"}
{"tweetid":509996647607447552,"ds_language":"bg","language":"bg","label":"neutral"}
{"tweetid":510011757130420224,"ds_language":"bg","language":"bg","label":"neutral"}
{"tweetid":510077668453515264,"ds_language":"bg","language":"bg","label":"negative"}
{"tweetid":510084092453736449,"ds_language":"bg","language":"bg","label":"positive"}
{"tweetid":510118962991218688,"ds_language":"bg","language":"bg","label":"neutral"}
{"tweetid":510147344676188160,"ds_language":"bg","language":"hr","label":"neutral"}
{"tweetid":510147450901135360,"ds_language":"bg","language":"hr","label":"neutral"}
{"tweetid":510159666383699968,"ds_language":"bg","language":"bg","label":"neutral"}
{"tweetid":510282413583650816,"ds_language":"bg","language":"bg","label":"neutral"}
{"tweetid":510309100576849920,"ds_language":"bg","language":"bg","label":"neutral"}
{"tweetid":510352710634594304,"ds_language":"bg","language":"bg","label":"positive"}
{"tweetid":510355893033373696,"ds_language":"bg","language":"bg","label":"positive"}
{"tweetid":510381293998440448,"ds_language":"bg","language":"bg","label":"positive"}
{"tweetid":510382893911519232,"ds_language":"bg","language":"bg","label":"neutral"}
{"tweetid":510383007757529088,"ds_language":"bg","language":"mk","label":"neutral"}
{"tweetid":510400586651799552,"ds_language":"bg","language":"bg","label":"neutral"}
{"tweetid":510408099354935296,"ds_language":"bg","language":"bg","label":"positive"}
{"tweetid":510450686237351937,"ds_language":"bg","language":"bg","label":"neutral"}
{"tweetid":510497813420322816,"ds_language":"bg","language":"bg","label":"positive"}
{"tweetid":510507664057839616,"ds_language":"bg","language":"bg","label":"neutral"}
{"tweetid":510719736649629696,"ds_language":"bg","language":"bg","label":"neutral"}
{"tweetid":510722479560871936,"ds_language":"bg","language":"bg","label":"neutral"}
{"tweetid":510797629635452928,"ds_language":"bg","language":"bg","label":"neutral"}
{"tweetid":510878091565334528,"ds_language":"bg","language":"bg","label":"neutral"}
{"tweetid":510890407220494336,"ds_language":"bg","language":"bg","label":"neutral"}
{"tweetid":510917853655351296,"ds_language":"bg","language":"it","label":"neutral"}
{"tweetid":510920664535281664,"ds_language":"bg","language":"bg","label":"positive"}
{"tweetid":511059388115980288,"ds_language":"bg","language":"bg","label":"neutral"}
{"tweetid":511115505483399168,"ds_language":"bg","language":"bg","label":"neutral"}
{"tweetid":511116508198887424,"ds_language":"bg","language":"bg","label":"negative"}
{"tweetid":511147940208205825,"ds_language":"bg","language":"mk","label":"neutral"}
{"tweetid":511159889356673024,"ds_language":"bg","language":"bg","label":"negative"}
{"tweetid":511186459286847488,"ds_language":"bg","language":"bg","label":"neutral"}
{"tweetid":511262581848563713,"ds_language":"bg","language":"mk","label":"neutral"}
{"tweetid":511273364145848320,"ds_language":"bg","language":"bg","label":"neutral"}
{"tweetid":511380355509940224,"ds_language":"bg","language":"mk","label":"positive"}
{"tweetid":511412404300021760,"ds_language":"bg","language":"bg","label":"positive"}
{"tweetid":511413480424222720,"ds_language":"bg","language":"bg","label":"positive"}
{"tweetid":511419399694450688,"ds_language":"bg","language":"bg","label":"neutral"}
{"tweetid":511422132753268736,"ds_language":"bg","language":"bg","label":"neutral"}
{"tweetid":511426353477189632,"ds_language":"bg","language":"bg","label":"neutral"}
{"tweetid":511469352957534208,"ds_language":"bg","language":"tl","label":"positive"}
{"tweetid":511475339705729024,"ds_language":"bg","language":"bg","label":"negative"}
{"tweetid":511479153024303104,"ds_language":"bg","language":"bg","label":"neutral"}
{"tweetid":511483219276214272,"ds_language":"bg","language":"bg","label":"neutral"}
{"tweetid":511486099051790336,"ds_language":"bg","language":"bg","label":"neutral"}
{"tweetid":511486381382991872,"ds_language":"bg","language":"bg","label":"positive"}
{"tweetid":511488777865662464,"ds_language":"bg","language":"bg","label":"negative"}
{"tweetid":511521740967927808,"ds_language":"bg","language":"bg","label":"neutral"}
{"tweetid":511567080995713024,"ds_language":"bg","language":"bg","label":"negative"}
{"tweetid":511580873784057856,"ds_language":"bg","language":"bg","label":"positive"}
{"tweetid":511628553818214401,"ds_language":"bg","language":"bg","label":"negative"}
{"tweetid":511770293757804544,"ds_language":"bg","language":"bg","label":"neutral"}
{"tweetid":511779841813663744,"ds_language":"bg","language":"bg","label":"neutral"}
{"tweetid":511791069189926912,"ds_language":"bg","language":"bg","label":"neutral"}
{"tweetid":511792044432687104,"ds_language":"bg","language":"UNKNOWN","label":"positive"}
{"tweetid":511824538418814976,"ds_language":"bg","language":"bg","label":"positive"}
{"tweetid":511853053897871360,"ds_language":"bg","language":"bg","label":"neutral"}
{"tweetid":511863512575254528,"ds_language":"bg","language":"bg","label":"neutral"}
{"tweetid":511883476073996288,"ds_language":"bg","language":"mk","label":"neutral"}
{"tweetid":511886344550096896,"ds_language":"bg","language":"mk","label":"negative"}
{"tweetid":511905048390303744,"ds_language":"bg","language":"bg","label":"neutral"}
{"tweetid":511908731043733505,"ds_language":"bg","language":"bg","label":"neutral"}
{"tweetid":511916486970335232,"ds_language":"bg","language":"bg","label":"positive"}
{"tweetid":511954819792130048,"ds_language":"bg","language":"bg","label":"neutral"}
{"tweetid":511957620408602624,"ds_language":"bg","language":"bg","label":"neutral"}
{"tweetid":512009114256277504,"ds_language":"bg","language":"it","label":"positive"}
{"tweetid":512105467393626112,"ds_language":"bg","language":"bg","label":"positive"}
{"tweetid":512133486594244608,"ds_language":"bg","language":"bg","label":"positive"}
{"tweetid":512158480103645184,"ds_language":"bg","language":"bg","label":"positive"}
{"tweetid":512220296758452224,"ds_language":"bg","language":"bg","label":"positive"}
{"tweetid":512263872745865216,"ds_language":"bg","language":"bg","label":"neutral"}
{"tweetid":512276671081480193,"ds_language":"bg","language":"mk","label":"positive"}
{"tweetid":512278291479527424,"ds_language":"bg","language":"bg","label":"neutral"}
{"tweetid":512283107668803584,"ds_language":"bg","language":"bg","label":"neutral"}
{"tweetid":512287421707616256,"ds_language":"bg","language":"bg","label":"neutral"}
{"tweetid":512479413112680449,"ds_language":"bg","language":"bg","label":"neutral"}
{"tweetid":512514578354552832,"ds_language":"bg","language":"bg","label":"neutral"}
{"tweetid":512529886704336896,"ds_language":"bg","language":"bg","label":"neutral"}
{"tweetid":512541447242133504,"ds_language":"bg","language":"bg","label":"neutral"}
{"tweetid":512555031208656896,"ds_language":"bg","language":"bg","label":"neutral"}
{"tweetid":512569484855738368,"ds_language":"bg","language":"bg","label":"neutral"}
{"tweetid":512578183359897600,"ds_language":"bg","language":"bg","label":"neutral"}
{"tweetid":512594516394901504,"ds_language":"bg","language":"bg","label":"neutral"}
{"tweetid":512601240879263744,"ds_language":"bg","language":"bg","label":"neutral"}
{"tweetid":512628091399966720,"ds_language":"bg","language":"mk","label":"neutral"}
{"tweetid":512647481268518913,"ds_language":"bg","language":"bg","label":"neutral"}
{"tweetid":512718211565907969,"ds_language":"bg","language":"bg","label":"positive"}
{"tweetid":512722181910839297,"ds_language":"bg","language":"mk","label":"neutral"}
{"tweetid":512859415427690496,"ds_language":"bg","language":"bg","label":"neutral"}
{"tweetid":512871440602103809,"ds_language":"bg","language":"bg","label":"negative"}
{"tweetid":512871980782333952,"ds_language":"bg","language":"mk","label":"neutral"}
{"tweetid":512874056798855168,"ds_language":"bg","language":"bg","label":"neutral"}
{"tweetid":512885416639610880,"ds_language":"bg","language":"bg","label":"positive"}
{"tweetid":512895056249122816,"ds_language":"bg","language":"UNKNOWN","label":"neutral"}
{"tweetid":512897668314836992,"ds_language":"bg","language":"bg","label":"negative"}
{"tweetid":512911994165661698,"ds_language":"bg","language":"bg","label":"neutral"}
{"tweetid":512938919928008704,"ds_language":"bg","language":"mk","label":"positive"}
{"tweetid":512945848901451776,"ds_language":"bg","language":"bg","label":"positive"}
{"tweetid":512952154865541120,"ds_language":"bg","language":"bg","label":"neutral"}
{"tweetid":512954125416685568,"ds_language":"bg","language":"bg","label":"positive"}
{"tweetid":512958498460942336,"ds_language":"bg","language":"bg","label":"neutral"}
{"tweetid":513227934975655936,"ds_language":"bg","language":"bg","label":"positive"}
{"tweetid":513234034780934144,"ds_language":"bg","language":"bg","label":"positive"}
{"tweetid":513254031293440000,"ds_language":"bg","language":"bg","label":"neutral"}
{"tweetid":513273548937625600,"ds_language":"bg","language":"bg","label":"neutral"}
{"tweetid":513291759913541632,"ds_language":"bg","language":"bg","label":"positive"}
{"tweetid":513318684446973952,"ds_language":"bg","language":"bg","label":"positive"}
{"tweetid":513349128861253632,"ds_language":"bg","language":"bg","label":"positive"}
{"tweetid":513364199171690496,"ds_language":"bg","language":"en","label":"positive"}
{"tweetid":513381282953568256,"ds_language":"bg","language":"bg","label":"neutral"}
{"tweetid":513590517238878208,"ds_language":"bg","language":"bg","label":"neutral"}
{"tweetid":513638249483763712,"ds_language":"bg","language":"bg","label":"positive"}
{"tweetid":513659118553690113,"ds_language":"bg","language":"en","label":"positive"}
{"tweetid":513670905869135872,"ds_language":"bg","language":"bg","label":"neutral"}
{"tweetid":513739851444002817,"ds_language":"bg","language":"bg","label":"neutral"}
{"tweetid":513755788205367296,"ds_language":"bg","language":"bg","label":"positive"}
{"tweetid":513909133515685888,"ds_language":"bg","language":"bg","label":"positive"}
{"tweetid":513949191090225152,"ds_language":"bg","language":"bg","label":"neutral"}
{"tweetid":513972276803665920,"ds_language":"bg","language":"bg","label":"positive"}
{"tweetid":514011506590380032,"ds_language":"bg","language":"bg","label":"positive"}
{"tweetid":514062934268727296,"ds_language":"bg","language":"mk","label":"neutral"}
{"tweetid":514078372709040128,"ds_language":"bg","language":"bg","label":"neutral"}
{"tweetid":514086018874880000,"ds_language":"bg","language":"bg","label":"neutral"}
{"tweetid":514086404578877440,"ds_language":"bg","language":"bg","label":"neutral"}
{"tweetid":514087539909873664,"ds_language":"bg","language":"bg","label":"neutral"}
{"tweetid":514094988746326016,"ds_language":"bg","language":"bg","label":"neutral"}
{"tweetid":514106648525541376,"ds_language":"bg","language":"bg","label":"negative"}
{"tweetid":514305322245431296,"ds_language":"bg","language":"bg","label":"neutral"}
{"tweetid":514342667451658240,"ds_language":"bg","language":"bg","label":"negative"}
{"tweetid":514343040656621568,"ds_language":"bg","language":"bg","label":"neutral"}
{"tweetid":514354214357958656,"ds_language":"bg","language":"bg","label":"neutral"}
{"tweetid":514367946953875457,"ds_language":"bg","language":"en","label":"positive"}
{"tweetid":514378396714172416,"ds_language":"bg","language":"bg","label":"negative"}
{"tweetid":514384670021398528,"ds_language":"bg","language":"bg","label":"neutral"}
{"tweetid":514390540847448064,"ds_language":"bg","language":"bg","label":"neutral"}
{"tweetid":514395336216170496,"ds_language":"bg","language":"bg","label":"neutral"}
{"tweetid":514398409307197440,"ds_language":"bg","language":"bg","label":"positive"}
{"tweetid":514418166727192576,"ds_language":"bg","language":"bg","label":"neutral"}
{"tweetid":514418281286205440,"ds_language":"bg","language":"so","label":"neutral"}
{"tweetid":514421118963572736,"ds_language":"bg","language":"bg","label":"positive"}
{"tweetid":514442755079417856,"ds_language":"bg","language":"bg","label":"positive"}
{"tweetid":514447791675179009,"ds_language":"bg","language":"bg","label":"neutral"}
{"tweetid":514458662463889409,"ds_language":"bg","language":"bg","label":"positive"}
{"tweetid":514481666904297473,"ds_language":"bg","language":"bg","label":"neutral"}
{"tweetid":514488078321610753,"ds_language":"bg","language":"ru","label":"neutral"}
{"tweetid":514668557935075328,"ds_language":"bg","language":"bg","label":"positive"}
{"tweetid":514700003986911233,"ds_language":"bg","language":"bg","label":"neutral"}
{"tweetid":514706177939492864,"ds_language":"bg","language":"bg","label":"neutral"}
{"tweetid":514710630964940800,"ds_language":"bg","language":"bg","label":"neutral"}
{"tweetid":514719658281566208,"ds_language":"bg","language":"bg","label":"neutral"}
{"tweetid":514743351812554752,"ds_language":"bg","language":"hr","label":"neutral"}
{"tweetid":514760125287239680,"ds_language":"bg","language":"bg","label":"neutral"}
{"tweetid":514831043254550528,"ds_language":"bg","language":"bg","label":"negative"}
{"tweetid":515020625715691520,"ds_language":"bg","language":"bg","label":"positive"}
{"tweetid":515024085437661184,"ds_language":"bg","language":"bg","label":"neutral"}
{"tweetid":515030459840225280,"ds_language":"bg","language":"bg","label":"positive"}
{"tweetid":515032557881401344,"ds_language":"bg","language":"bg","label":"neutral"}
{"tweetid":515037102493667329,"ds_language":"bg","language":"bg","label":"positive"}
{"tweetid":515037429527744512,"ds_language":"bg","language":"bg","label":"neutral"}
{"tweetid":515046457184120832,"ds_language":"bg","language":"bg","label":"neutral"}
{"tweetid":515048521368477696,"ds_language":"bg","language":"mk","label":"neutral"}
{"tweetid":515056660432580608,"ds_language":"bg","language":"bg","label":"neutral"}
{"tweetid":515091516512296960,"ds_language":"bg","language":"bg","label":"neutral"}
{"tweetid":515097429805641729,"ds_language":"bg","language":"bg","label":"neutral"}
{"tweetid":515100869227196416,"ds_language":"bg","language":"bg","label":"positive"}
{"tweetid":515118377267105793,"ds_language":"bg","language":"bg","label":"positive"}
{"tweetid":515119287955374080,"ds_language":"bg","language":"bg","label":"negative"}
{"tweetid":515180978319687682,"ds_language":"bg","language":"mk","label":"positive"}
{"tweetid":515206608507654144,"ds_language":"bg","language":"bg","label":"positive"}
{"tweetid":515215136559468544,"ds_language":"bg","language":"uk","label":"neutral"}
{"tweetid":515278914235949056,"ds_language":"bg","language":"bg","label":"positive"}
{"tweetid":515388770422906880,"ds_language":"bg","language":"bg","label":"neutral"}
{"tweetid":515398047007002624,"ds_language":"bg","language":"bg","label":"positive"}
{"tweetid":515436611186995201,"ds_language":"bg","language":"bg","label":"positive"}
{"tweetid":515447792178057216,"ds_language":"bg","language":"ru","label":"neutral"}
{"tweetid":515458772014497793,"ds_language":"bg","language":"bg","label":"positive"}
{"tweetid":515459571939553280,"ds_language":"bg","language":"bg","label":"neutral"}
{"tweetid":515517259423694848,"ds_language":"bg","language":"bg","label":"neutral"}
{"tweetid":515536398062206977,"ds_language":"bg","language":"bg","label":"neutral"}
{"tweetid":515587925296562177,"ds_language":"bg","language":"bg","label":"positive"}
{"tweetid":515793402278203392,"ds_language":"bg","language":"bg","label":"positive"}
{"tweetid":515831631807266816,"ds_language":"bg","language":"bg","label":"neutral"}
{"tweetid":515884102684540928,"ds_language":"bg","language":"bg","label":"neutral"}
{"tweetid":515920724650106880,"ds_language":"bg","language":"bg","label":"positive"}
{"tweetid":515962011008917504,"ds_language":"bg","language":"bg","label":"neutral"}
{"tweetid":515968347310411776,"ds_language":"bg","language":"bg","label":"neutral"}
{"tweetid":516038147008761856,"ds_language":"bg","language":"bg","label":"positive"}
{"tweetid":516194187654754304,"ds_language":"bg","language":"bg","label":"positive"}
{"tweetid":516261000153423873,"ds_language":"bg","language":"bg","label":"positive"}
{"tweetid":516263811301789696,"ds_language":"bg","language":"bg","label":"neutral"}
{"tweetid":516290278601551872,"ds_language":"bg","language":"bg","label":"positive"}
{"tweetid":516293337654235138,"ds_language":"bg","language":"ru","label":"neutral"}
{"tweetid":516335196569092097,"ds_language":"bg","language":"bg","label":"positive"}
{"tweetid":516339553427546112,"ds_language":"bg","language":"bg","label":"negative"}
{"tweetid":516456409098354688,"ds_language":"bg","language":"bg","label":"neutral"}
{"tweetid":516464703384858625,"ds_language":"bg","language":"bg","label":"neutral"}
{"tweetid":516476781592059904,"ds_language":"bg","language":"bg","label":"negative"}
{"tweetid":516478423016157185,"ds_language":"bg","language":"bg","label":"positive"}
{"tweetid":516481452817797120,"ds_language":"bg","language":"bg","label":"positive"}
{"tweetid":516485196389302272,"ds_language":"bg","language":"bg","label":"neutral"}
{"tweetid":516497029212942336,"ds_language":"bg","language":"bg","label":"neutral"}
{"tweetid":516506529961615360,"ds_language":"bg","language":"mk","label":"negative"}
{"tweetid":516510228775710720,"ds_language":"bg","language":"bg","label":"neutral"}
{"tweetid":516523568088494080,"ds_language":"bg","language":"bg","label":"neutral"}
{"tweetid":516543443305529344,"ds_language":"bg","language":"bg","label":"neutral"}
{"tweetid":516577648785760256,"ds_language":"bg","language":"bg","label":"positive"}
{"tweetid":516582944224583680,"ds_language":"bg","language":"bg","label":"neutral"}
{"tweetid":516596524307214336,"ds_language":"bg","language":"bg","label":"neutral"}
{"tweetid":516618139992592384,"ds_language":"bg","language":"bg","label":"positive"}
{"tweetid":516635978208149504,"ds_language":"bg","language":"ru","label":"positive"}
{"tweetid":516647126273916928,"ds_language":"bg","language":"bg","label":"neutral"}
{"tweetid":516831053517176832,"ds_language":"bg","language":"bg","label":"positive"}
{"tweetid":516843910497579009,"ds_language":"bg","language":"bg","label":"neutral"}
{"tweetid":516846089786642432,"ds_language":"bg","language":"bg","label":"positive"}
{"tweetid":516860016742387712,"ds_language":"bg","language":"ro","label":"neutral"}
{"tweetid":516862753047592961,"ds_language":"bg","language":"bg","label":"neutral"}
{"tweetid":516880644065198080,"ds_language":"bg","language":"mk","label":"positive"}
{"tweetid":516885307858616320,"ds_language":"bg","language":"bg","label":"neutral"}
{"tweetid":516889519053099008,"ds_language":"bg","language":"bg","label":"neutral"}
{"tweetid":516904626915139585,"ds_language":"bg","language":"so","label":"negative"}
{"tweetid":516923294478786560,"ds_language":"bg","language":"bg","label":"neutral"}
{"tweetid":516948869314543616,"ds_language":"bg","language":"fi","label":"neutral"}
{"tweetid":516977096435175424,"ds_language":"bg","language":"mk","label":"neutral"}
{"tweetid":516986057611837440,"ds_language":"bg","language":"bg","label":"negative"}
{"tweetid":517013889670975488,"ds_language":"bg","language":"hr","label":"positive"}
{"tweetid":517016872253132800,"ds_language":"bg","language":"hr","label":"positive"}
{"tweetid":517018640072577024,"ds_language":"bg","language":"fi","label":"negative"}
{"tweetid":517205717221380096,"ds_language":"bg","language":"bg","label":"neutral"}
{"tweetid":517217326073405440,"ds_language":"bg","language":"en","label":"neutral"}
{"tweetid":517224393572122624,"ds_language":"bg","language":"mk","label":"negative"}
{"tweetid":517233269969268736,"ds_language":"bg","language":"mk","label":"neutral"}
{"tweetid":517248417014497280,"ds_language":"bg","language":"bg","label":"negative"}
{"tweetid":517252820954001409,"ds_language":"bg","language":"bg","label":"positive"}
{"tweetid":517265127796920320,"ds_language":"bg","language":"bg","label":"negative"}
{"tweetid":517265418386698240,"ds_language":"bg","language":"so","label":"neutral"}
{"tweetid":517270676391337984,"ds_language":"bg","language":"bg","label":"negative"}
{"tweetid":517276644177092610,"ds_language":"bg","language":"bg","label":"neutral"}
{"tweetid":517290919822106625,"ds_language":"bg","language":"bg","label":"neutral"}
{"tweetid":517317295207874560,"ds_language":"bg","language":"bg","label":"neutral"}
{"tweetid":517317847165698048,"ds_language":"bg","language":"bg","label":"positive"}
{"tweetid":517328167670136833,"ds_language":"bg","language":"ru","label":"negative"}
{"tweetid":517346629150834690,"ds_language":"bg","language":"ru","label":"neutral"}
{"tweetid":517389823938940929,"ds_language":"bg","language":"cy","label":"neutral"}
{"tweetid":517392497736445952,"ds_language":"bg","language":"bg","label":"positive"}
{"tweetid":517538002013519872,"ds_language":"bg","language":"bg","label":"positive"}
{"tweetid":517598462041653248,"ds_language":"bg","language":"uk","label":"neutral"}
{"tweetid":517606152436473856,"ds_language":"bg","language":"hr","label":"positive"}
{"tweetid":517632804356886528,"ds_language":"bg","language":"bg","label":"neutral"}
{"tweetid":517641032490823680,"ds_language":"bg","language":"bg","label":"positive"}
{"tweetid":517654129586737153,"ds_language":"bg","language":"bg","label":"neutral"}
{"tweetid":517684524390838272,"ds_language":"bg","language":"bg","label":"positive"}
{"tweetid":517701431038836736,"ds_language":"bg","language":"bg","label":"negative"}
{"tweetid":517701706717888513,"ds_language":"bg","language":"bg","label":"neutral"}
{"tweetid":517712926250385411,"ds_language":"bg","language":"bg","label":"negative"}
{"tweetid":517720107255332864,"ds_language":"bg","language":"bg","label":"neutral"}
{"tweetid":517794122644869120,"ds_language":"bg","language":"bg","label":"neutral"}
{"tweetid":517921881782247425,"ds_language":"bg","language":"bg","label":"positive"}
{"tweetid":517924947109216256,"ds_language":"bg","language":"bg","label":"positive"}
{"tweetid":517932549902180352,"ds_language":"bg","language":"bg","label":"neutral"}
{"tweetid":517952867744112640,"ds_language":"bg","language":"bg","label":"positive"}
{"tweetid":517954107202895872,"ds_language":"bg","language":"bg","label":"neutral"}
{"tweetid":517961009240498177,"ds_language":"bg","language":"bg","label":"positive"}
{"tweetid":517992086977937408,"ds_language":"bg","language":"bg","label":"negative"}
{"tweetid":518002078908968960,"ds_language":"bg","language":"bg","label":"neutral"}
{"tweetid":518020720937693184,"ds_language":"bg","language":"bg","label":"neutral"}
{"tweetid":518022749793812481,"ds_language":"bg","language":"bg","label":"positive"}
{"tweetid":518047975055314945,"ds_language":"bg","language":"mk","label":"positive"}
{"tweetid":518069455734468608,"ds_language":"bg","language":"bg","label":"neutral"}
{"tweetid":518094776236015616,"ds_language":"bg","language":"bg","label":"positive"}
{"tweetid":518123121329840129,"ds_language":"bg","language":"mk","label":"neutral"}
{"tweetid":518294215785455616,"ds_language":"bg","language":"bg","label":"positive"}
{"tweetid":518330639305965569,"ds_language":"bg","language":"bg","label":"neutral"}
{"tweetid":518346744212750336,"ds_language":"bg","language":"ru","label":"neutral"}
{"tweetid":518369033947975680,"ds_language":"bg","language":"bg","label":"neutral"}
{"tweetid":518384943962279938,"ds_language":"bg","language":"bg","label":"neutral"}
{"tweetid":518414302223806464,"ds_language":"bg","language":"bg","label":"neutral"}
{"tweetid":518456296597905408,"ds_language":"bg","language":"et","label":"positive"}
{"tweetid":518458693419941888,"ds_language":"bg","language":"bg","label":"positive"}
{"tweetid":518460988291837954,"ds_language":"bg","language":"bg","label":"positive"}
{"tweetid":518463683916496897,"ds_language":"bg","language":"bg","label":"neutral"}
{"tweetid":518475793761333248,"ds_language":"bg","language":"bg","label":"neutral"}
{"tweetid":518550703259021312,"ds_language":"bg","language":"bg","label":"positive"}
{"tweetid":518555546182770689,"ds_language":"bg","language":"bg","label":"neutral"}
{"tweetid":518608624915324928,"ds_language":"bg","language":"bg","label":"negative"}
{"tweetid":518610235771330562,"ds_language":"bg","language":"bg","label":"negative"}
{"tweetid":518626094308929536,"ds_language":"bg","language":"bg","label":"neutral"}
{"tweetid":518627082252083200,"ds_language":"bg","language":"bg","label":"negative"}
{"tweetid":518666182736744450,"ds_language":"bg","language":"bg","label":"negative"}
{"tweetid":518675321709924352,"ds_language":"bg","language":"bg","label":"neutral"}
{"tweetid":518687326395179008,"ds_language":"bg","language":"bg","label":"positive"}
{"tweetid":518711386546122753,"ds_language":"bg","language":"bg","label":"neutral"}
{"tweetid":518731637782503424,"ds_language":"bg","language":"bg","label":"negative"}
{"tweetid":518731901029601280,"ds_language":"bg","language":"UNKNOWN","label":"positive"}
{"tweetid":518755713800495105,"ds_language":"bg","language":"bg","label":"positive"}
{"tweetid":518780201850118144,"ds_language":"bg","language":"bg","label":"neutral"}
{"tweetid":518780861106626560,"ds_language":"bg","language":"bg","label":"neutral"}
{"tweetid":518781035564498946,"ds_language":"bg","language":"bg","label":"negative"}
{"tweetid":518791033459867649,"ds_language":"bg","language":"bg","label":"positive"}
{"tweetid":518831652123201536,"ds_language":"bg","language":"bg","label":"neutral"}
{"tweetid":518857238329720832,"ds_language":"bg","language":"bg","label":"neutral"}
{"tweetid":518880214567649281,"ds_language":"bg","language":"bg","label":"negative"}
{"tweetid":518902745731182593,"ds_language":"bg","language":"bg","label":"negative"}
{"tweetid":519025705280368640,"ds_language":"bg","language":"bg","label":"neutral"}
{"tweetid":519067084039651328,"ds_language":"bg","language":"bg","label":"neutral"}
{"tweetid":519113329785450497,"ds_language":"bg","language":"bg","label":"neutral"}
{"tweetid":519126523081949184,"ds_language":"bg","language":"bg","label":"positive"}
{"tweetid":519147890900746240,"ds_language":"bg","language":"bg","label":"neutral"}
{"tweetid":519153681540063233,"ds_language":"bg","language":"mk","label":"positive"}
{"tweetid":519154927013494785,"ds_language":"bg","language":"bg","label":"neutral"}
{"tweetid":519215612154118144,"ds_language":"bg","language":"bg","label":"neutral"}
{"tweetid":519382777029197825,"ds_language":"bg","language":"bg","label":"positive"}
{"tweetid":519423415200264192,"ds_language":"bg","language":"bg","label":"neutral"}
{"tweetid":519428770995113984,"ds_language":"bg","language":"it","label":"neutral"}
{"tweetid":519431826767892480,"ds_language":"bg","language":"bg","label":"positive"}
{"tweetid":519432524339351552,"ds_language":"bg","language":"bg","label":"neutral"}
{"tweetid":519442156814352384,"ds_language":"bg","language":"bg","label":"positive"}
{"tweetid":519455092362469376,"ds_language":"bg","language":"bg","label":"neutral"}
{"tweetid":519536925678780416,"ds_language":"bg","language":"mk","label":"positive"}
{"tweetid":519590066444697603,"ds_language":"bg","language":"bg","label":"neutral"}
