{"tweetid":399803166557884416,"ds_language":"bs","language":"hr","label":"positive"}
{"tweetid":399959006556327936,"ds_language":"bs","language":"hr","label":"neutral"}
{"tweetid":399965466409451520,"ds_language":"bs","language":"hr","label":"positive"}
{"tweetid":400210740730015744,"ds_language":"bs","language":"pt","label":"positive"}
{"tweetid":400262444431724544,"ds_language":"bs","language":"hr","label":"neutral"}
{"tweetid":400528045721001984,"ds_language":"bs","language":"hr","label":"negative"}
{"tweetid":400528045721001984,"ds_language":"bs","language":"hr","label":"negative"}
{"tweetid":400576474521952258,"ds_language":"bs","language":"pl","label":"negative"}
{"tweetid":400696147678752768,"ds_language":"bs","language":"hr","label":"positive"}
{"tweetid":400768579760443392,"ds_language":"bs","language":"hr","label":"neutral"}
{"tweetid":400768579760443392,"ds_language":"bs","language":"hr","label":"neutral"}
{"tweetid":400795985611206656,"ds_language":"bs","language":"hr","label":"positive"}
{"tweetid":400795985611206656,"ds_language":"bs","language":"hr","label":"positive"}
{"tweetid":400956897773113344,"ds_language":"bs","language":"de","label":"neutral"}
{"tweetid":400983166644539392,"ds_language":"bs","language":"hr","label":"positive"}
{"tweetid":401036169841868800,"ds_language":"bs","language":"hr","label":"neutral"}
{"tweetid":401098663000162305,"ds_language":"bs","language":"hr","label":"negative"}
{"tweetid":401100393704202240,"ds_language":"bs","language":"so","label":"negative"}
{"tweetid":401100393704202240,"ds_language":"bs","language":"so","label":"negative"}
{"tweetid":401100783393198080,"ds_language":"bs","language":"hr","label":"negative"}
{"tweetid":401101718580383744,"ds_language":"bs","language":"hr","label":"negative"}
{"tweetid":401101718580383744,"ds_language":"bs","language":"hr","label":"negative"}
{"tweetid":401102431058419712,"ds_language":"bs","language":"hr","label":"negative"}
{"tweetid":401108610488729600,"ds_language":"bs","language":"hr","label":"neutral"}
{"tweetid":401285338238173184,"ds_language":"bs","language":"id","label":"positive"}
{"tweetid":401290223247585280,"ds_language":"bs","language":"hr","label":"neutral"}
{"tweetid":401290354064117760,"ds_language":"bs","language":"hr","label":"neutral"}
{"tweetid":401294315495772160,"ds_language":"bs","language":"sl","label":"neutral"}
{"tweetid":401294315495772160,"ds_language":"bs","language":"sl","label":"neutral"}
{"tweetid":401300741790638080,"ds_language":"bs","language":"en","label":"neutral"}
{"tweetid":401300741790638080,"ds_language":"bs","language":"en","label":"neutral"}
{"tweetid":401798148026163200,"ds_language":"bs","language":"hr","label":"positive"}
{"tweetid":401804224620953600,"ds_language":"bs","language":"sl","label":"positive"}
{"tweetid":401804224620953600,"ds_language":"bs","language":"sl","label":"positive"}
{"tweetid":401857834029031424,"ds_language":"bs","language":"hr","label":"neutral"}
{"tweetid":401857940870955008,"ds_language":"bs","language":"hr","label":"positive"}
{"tweetid":401988354843373568,"ds_language":"bs","language":"pt","label":"positive"}
{"tweetid":401988354843373568,"ds_language":"bs","language":"pt","label":"positive"}
{"tweetid":402411877181173760,"ds_language":"bs","language":"hr","label":"neutral"}
{"tweetid":402416980411437057,"ds_language":"bs","language":"sl","label":"positive"}
{"tweetid":402417040993964034,"ds_language":"bs","language":"sl","label":"neutral"}
{"tweetid":402417040993964034,"ds_language":"bs","language":"sl","label":"neutral"}
{"tweetid":402417791052967936,"ds_language":"bs","language":"id","label":"neutral"}
{"tweetid":402458385633001472,"ds_language":"bs","language":"it","label":"positive"}
{"tweetid":402549684012863488,"ds_language":"bs","language":"sw","label":"neutral"}
{"tweetid":402555375561363456,"ds_language":"bs","language":"lt","label":"neutral"}
{"tweetid":402706657307676672,"ds_language":"bs","language":"hr","label":"negative"}
{"tweetid":402723424147345408,"ds_language":"bs","language":"hr","label":"neutral"}
{"tweetid":402734020745629696,"ds_language":"bs","language":"lt","label":"positive"}
{"tweetid":402738221442166784,"ds_language":"bs","language":"hr","label":"negative"}
{"tweetid":402742608625016832,"ds_language":"bs","language":"hr","label":"positive"}
{"tweetid":403090041905229824,"ds_language":"bs","language":"hr","label":"neutral"}
{"tweetid":403110450964869121,"ds_language":"bs","language":"hr","label":"positive"}
{"tweetid":403135376233332736,"ds_language":"bs","language":"hr","label":"positive"}
{"tweetid":403159861484978176,"ds_language":"bs","language":"hr","label":"positive"}
{"tweetid":403166893970034688,"ds_language":"bs","language":"hr","label":"neutral"}
{"tweetid":403166999762980864,"ds_language":"bs","language":"es","label":"positive"}
{"tweetid":403264480362000384,"ds_language":"bs","language":"sl","label":"negative"}
{"tweetid":403268674544762880,"ds_language":"bs","language":"pt","label":"positive"}
{"tweetid":403272947080507392,"ds_language":"bs","language":"hr","label":"neutral"}
{"tweetid":403288776161501184,"ds_language":"bs","language":"hr","label":"neutral"}
{"tweetid":403290076697743360,"ds_language":"bs","language":"hr","label":"positive"}
{"tweetid":403293175483469825,"ds_language":"bs","language":"hr","label":"positive"}
{"tweetid":403293175483469825,"ds_language":"bs","language":"hr","label":"positive"}
{"tweetid":403293799818199040,"ds_language":"bs","language":"hr","label":"positive"}
{"tweetid":403504822567333888,"ds_language":"bs","language":"ro","label":"positive"}
{"tweetid":403525825275768832,"ds_language":"bs","language":"hr","label":"positive"}
{"tweetid":403581757338832897,"ds_language":"bs","language":"sl","label":"positive"}
{"tweetid":403650357534158848,"ds_language":"bs","language":"hr","label":"positive"}
{"tweetid":403835349446586368,"ds_language":"bs","language":"sl","label":"negative"}
{"tweetid":403846499043643392,"ds_language":"bs","language":"hu","label":"neutral"}
{"tweetid":403972504609243136,"ds_language":"bs","language":"en","label":"positive"}
{"tweetid":404274817886879744,"ds_language":"bs","language":"hr","label":"positive"}
{"tweetid":404274817886879744,"ds_language":"bs","language":"hr","label":"positive"}
{"tweetid":404274967430590466,"ds_language":"bs","language":"hr","label":"positive"}
{"tweetid":404278545007931393,"ds_language":"bs","language":"hr","label":"positive"}
{"tweetid":404280399880519680,"ds_language":"bs","language":"hr","label":"positive"}
{"tweetid":404298391041376256,"ds_language":"bs","language":"hr","label":"positive"}
{"tweetid":404298391041376256,"ds_language":"bs","language":"hr","label":"positive"}
{"tweetid":404359263155273729,"ds_language":"bs","language":"hr","label":"positive"}
{"tweetid":404359263155273729,"ds_language":"bs","language":"hr","label":"positive"}
{"tweetid":404366199259004928,"ds_language":"bs","language":"hr","label":"positive"}
{"tweetid":404399614377222144,"ds_language":"bs","language":"sl","label":"positive"}
{"tweetid":404580677594910720,"ds_language":"bs","language":"hr","label":"neutral"}
{"tweetid":404582408584192000,"ds_language":"bs","language":"sl","label":"neutral"}
{"tweetid":404582408584192000,"ds_language":"bs","language":"sl","label":"neutral"}
{"tweetid":404777048276623360,"ds_language":"bs","language":"sl","label":"neutral"}
{"tweetid":404794718149545984,"ds_language":"bs","language":"hr","label":"positive"}
{"tweetid":404794718149545984,"ds_language":"bs","language":"hr","label":"positive"}
{"tweetid":404816317813108736,"ds_language":"bs","language":"hr","label":"negative"}
{"tweetid":404902854340902912,"ds_language":"bs","language":"hr","label":"positive"}
{"tweetid":404907391168159744,"ds_language":"bs","language":"hr","label":"positive"}
{"tweetid":404907391168159744,"ds_language":"bs","language":"hr","label":"positive"}
{"tweetid":404910345413607424,"ds_language":"bs","language":"id","label":"positive"}
{"tweetid":404966391389757440,"ds_language":"bs","language":"hr","label":"positive"}
{"tweetid":404972064471523328,"ds_language":"bs","language":"hr","label":"positive"}
{"tweetid":405305194709151744,"ds_language":"bs","language":"hr","label":"positive"}
{"tweetid":405305194709151744,"ds_language":"bs","language":"hr","label":"positive"}
{"tweetid":405404760016039936,"ds_language":"bs","language":"hr","label":"neutral"}
{"tweetid":405407420916453376,"ds_language":"bs","language":"hr","label":"positive"}
{"tweetid":405407517389635584,"ds_language":"bs","language":"hr","label":"positive"}
{"tweetid":405407628131835906,"ds_language":"bs","language":"hr","label":"positive"}
{"tweetid":405407628131835906,"ds_language":"bs","language":"hr","label":"positive"}
{"tweetid":405409393245581312,"ds_language":"bs","language":"pt","label":"neutral"}
{"tweetid":405409393245581312,"ds_language":"bs","language":"pt","label":"neutral"}
{"tweetid":405505998443397120,"ds_language":"bs","language":"hr","label":"positive"}
{"tweetid":405682005301817344,"ds_language":"bs","language":"ca","label":"neutral"}
{"tweetid":405733216830889984,"ds_language":"bs","language":"hr","label":"neutral"}
{"tweetid":405733216830889984,"ds_language":"bs","language":"hr","label":"neutral"}
{"tweetid":405843830882070528,"ds_language":"bs","language":"hr","label":"neutral"}
{"tweetid":405888842319671296,"ds_language":"bs","language":"hr","label":"positive"}
{"tweetid":405973813760106496,"ds_language":"bs","language":"hr","label":"positive"}
{"tweetid":405979686796152832,"ds_language":"bs","language":"ro","label":"negative"}
{"tweetid":405987417158873088,"ds_language":"bs","language":"hr","label":"positive"}
{"tweetid":406096625938231297,"ds_language":"bs","language":"sl","label":"negative"}
{"tweetid":406153416956989440,"ds_language":"bs","language":"hr","label":"neutral"}
{"tweetid":406165328960704512,"ds_language":"bs","language":"hr","label":"positive"}
{"tweetid":406181735102025728,"ds_language":"bs","language":"hr","label":"positive"}
{"tweetid":406184763100524545,"ds_language":"bs","language":"hr","label":"positive"}
{"tweetid":406191862043930624,"ds_language":"bs","language":"hr","label":"negative"}
{"tweetid":406191862043930624,"ds_language":"bs","language":"hr","label":"negative"}
{"tweetid":406196561266634752,"ds_language":"bs","language":"hr","label":"positive"}
{"tweetid":406208636499668992,"ds_language":"bs","language":"hr","label":"positive"}
{"tweetid":406343758850957312,"ds_language":"bs","language":"de","label":"neutral"}
{"tweetid":406371649198387200,"ds_language":"bs","language":"hr","label":"positive"}
{"tweetid":406398653712969728,"ds_language":"bs","language":"hr","label":"positive"}
{"tweetid":406410872718770176,"ds_language":"bs","language":"hr","label":"positive"}
{"tweetid":406428531871477760,"ds_language":"bs","language":"hr","label":"neutral"}
{"tweetid":406431999964893184,"ds_language":"bs","language":"hr","label":"neutral"}
{"tweetid":406462441933897728,"ds_language":"bs","language":"id","label":"positive"}
{"tweetid":406462441933897728,"ds_language":"bs","language":"id","label":"positive"}
{"tweetid":406473094061387776,"ds_language":"bs","language":"hr","label":"positive"}
{"tweetid":406473094061387776,"ds_language":"bs","language":"hr","label":"positive"}
{"tweetid":406485997241630720,"ds_language":"bs","language":"sl","label":"positive"}
{"tweetid":406499820673568768,"ds_language":"bs","language":"hr","label":"neutral"}
{"tweetid":406507512461287424,"ds_language":"bs","language":"sl","label":"positive"}
{"tweetid":406510760802541569,"ds_language":"bs","language":"sl","label":"positive"}
{"tweetid":406510760802541569,"ds_language":"bs","language":"sl","label":"positive"}
{"tweetid":406511643636420608,"ds_language":"bs","language":"hr","label":"positive"}
{"tweetid":406513411250716672,"ds_language":"bs","language":"hr","label":"positive"}
{"tweetid":406547562603487232,"ds_language":"bs","language":"hr","label":"positive"}
{"tweetid":406811651825229824,"ds_language":"bs","language":"no","label":"neutral"}
{"tweetid":406812621497991168,"ds_language":"bs","language":"en","label":"neutral"}
{"tweetid":406823209518907392,"ds_language":"bs","language":"sl","label":"positive"}
{"tweetid":406847583144116224,"ds_language":"bs","language":"hr","label":"positive"}
{"tweetid":406859346375897088,"ds_language":"bs","language":"sw","label":"neutral"}
{"tweetid":406872758308835328,"ds_language":"bs","language":"hr","label":"neutral"}
{"tweetid":407058861862838272,"ds_language":"bs","language":"hr","label":"positive"}
{"tweetid":407090798690582528,"ds_language":"bs","language":"et","label":"neutral"}
{"tweetid":407167241369948161,"ds_language":"bs","language":"lt","label":"neutral"}
{"tweetid":407180118915031040,"ds_language":"bs","language":"en","label":"positive"}
{"tweetid":407191710754930688,"ds_language":"bs","language":"hr","label":"neutral"}
{"tweetid":407209168303849472,"ds_language":"bs","language":"so","label":"neutral"}
{"tweetid":407210936022224896,"ds_language":"bs","language":"hr","label":"positive"}
{"tweetid":407258885788270592,"ds_language":"bs","language":"hr","label":"positive"}
{"tweetid":407424545361256448,"ds_language":"bs","language":"hr","label":"neutral"}
{"tweetid":407432970492846080,"ds_language":"bs","language":"hr","label":"positive"}
{"tweetid":407596307511910400,"ds_language":"bs","language":"hr","label":"neutral"}
{"tweetid":407672212393451521,"ds_language":"bs","language":"ro","label":"negative"}
{"tweetid":407788297633951744,"ds_language":"bs","language":"sl","label":"positive"}
{"tweetid":407794023307685888,"ds_language":"bs","language":"hr","label":"neutral"}
{"tweetid":407801492205105152,"ds_language":"bs","language":"de","label":"neutral"}
{"tweetid":407802732356325376,"ds_language":"bs","language":"sl","label":"positive"}
{"tweetid":407805107330248704,"ds_language":"bs","language":"sl","label":"positive"}
{"tweetid":407805925425020928,"ds_language":"bs","language":"hr","label":"neutral"}
{"tweetid":407823907916222464,"ds_language":"bs","language":"hr","label":"negative"}
{"tweetid":407873373960945664,"ds_language":"bs","language":"hr","label":"positive"}
{"tweetid":407901934335442944,"ds_language":"bs","language":"hr","label":"positive"}
{"tweetid":408013473876959232,"ds_language":"bs","language":"hr","label":"negative"}
{"tweetid":408024035910381568,"ds_language":"bs","language":"vi","label":"positive"}
{"tweetid":408024035910381568,"ds_language":"bs","language":"vi","label":"positive"}
{"tweetid":408310554051489795,"ds_language":"bs","language":"hr","label":"positive"}
{"tweetid":408567003935690752,"ds_language":"bs","language":"hr","label":"negative"}
{"tweetid":408575615277621248,"ds_language":"bs","language":"hr","label":"positive"}
{"tweetid":408703275928522752,"ds_language":"bs","language":"sl","label":"neutral"}
{"tweetid":408711063153020928,"ds_language":"bs","language":"hr","label":"positive"}
{"tweetid":408715096001503232,"ds_language":"bs","language":"hr","label":"neutral"}
{"tweetid":408719109992370176,"ds_language":"bs","language":"hr","label":"positive"}
{"tweetid":408720208669323264,"ds_language":"bs","language":"hr","label":"negative"}
{"tweetid":408721749669580801,"ds_language":"bs","language":"hr","label":"negative"}
{"tweetid":408721749669580801,"ds_language":"bs","language":"hr","label":"negative"}
{"tweetid":408721755382251520,"ds_language":"bs","language":"hr","label":"negative"}
{"tweetid":408722919984873472,"ds_language":"bs","language":"hr","label":"neutral"}
{"tweetid":408733704748818433,"ds_language":"bs","language":"hr","label":"negative"}
{"tweetid":408752628827303936,"ds_language":"bs","language":"hr","label":"positive"}
{"tweetid":408890458643763201,"ds_language":"bs","language":"id","label":"positive"}
{"tweetid":408895765243650048,"ds_language":"bs","language":"hr","label":"neutral"}
{"tweetid":408895765243650048,"ds_language":"bs","language":"hr","label":"neutral"}
{"tweetid":408904673412673536,"ds_language":"bs","language":"hr","label":"negative"}
{"tweetid":408945747569041408,"ds_language":"bs","language":"sl","label":"negative"}
{"tweetid":408947872378650624,"ds_language":"bs","language":"hr","label":"positive"}
{"tweetid":408947872378650624,"ds_language":"bs","language":"hr","label":"positive"}
{"tweetid":409046019448778752,"ds_language":"bs","language":"sq","label":"neutral"}
{"tweetid":409046766273589248,"ds_language":"bs","language":"hr","label":"positive"}
{"tweetid":409070983715516416,"ds_language":"bs","language":"hr","label":"positive"}
{"tweetid":409079526354739200,"ds_language":"bs","language":"sl","label":"neutral"}
{"tweetid":409308532912435200,"ds_language":"bs","language":"hr","label":"positive"}
{"tweetid":409309925160935425,"ds_language":"bs","language":"hr","label":"positive"}
{"tweetid":409309928730689536,"ds_language":"bs","language":"hr","label":"positive"}
{"tweetid":409309928730689536,"ds_language":"bs","language":"hr","label":"positive"}
{"tweetid":409309997194293248,"ds_language":"bs","language":"no","label":"positive"}
{"tweetid":409407944040538112,"ds_language":"bs","language":"hr","label":"positive"}
{"tweetid":409419193495212032,"ds_language":"bs","language":"hr","label":"neutral"}
{"tweetid":409426330154184705,"ds_language":"bs","language":"sl","label":"positive"}
{"tweetid":409438202949558272,"ds_language":"bs","language":"hr","label":"positive"}
{"tweetid":409633655905349632,"ds_language":"bs","language":"hr","label":"negative"}
{"tweetid":409633732589408256,"ds_language":"bs","language":"hr","label":"negative"}
{"tweetid":409633754471485440,"ds_language":"bs","language":"hr","label":"neutral"}
{"tweetid":409635295530070016,"ds_language":"bs","language":"hr","label":"neutral"}
{"tweetid":409638613157031936,"ds_language":"bs","language":"hr","label":"positive"}
{"tweetid":409656154240086016,"ds_language":"bs","language":"ca","label":"positive"}
{"tweetid":409666796392685568,"ds_language":"bs","language":"hr","label":"positive"}
{"tweetid":409666796392685568,"ds_language":"bs","language":"hr","label":"positive"}
{"tweetid":409687015957856256,"ds_language":"bs","language":"hr","label":"positive"}
{"tweetid":409704237346463745,"ds_language":"bs","language":"hr","label":"positive"}
{"tweetid":409708329393332224,"ds_language":"bs","language":"hr","label":"positive"}
{"tweetid":409712957208002560,"ds_language":"bs","language":"it","label":"positive"}
{"tweetid":410042203818688512,"ds_language":"bs","language":"hr","label":"neutral"}
{"tweetid":410046786233851904,"ds_language":"bs","language":"hr","label":"negative"}
{"tweetid":410049801376792576,"ds_language":"bs","language":"de","label":"negative"}
{"tweetid":410054398362935296,"ds_language":"bs","language":"hr","label":"positive"}
{"tweetid":410147072390615040,"ds_language":"bs","language":"cy","label":"neutral"}
{"tweetid":410156327806042112,"ds_language":"bs","language":"hr","label":"neutral"}
{"tweetid":410206712017072128,"ds_language":"bs","language":"sl","label":"positive"}
{"tweetid":410206712017072128,"ds_language":"bs","language":"sl","label":"positive"}
{"tweetid":410208345279430656,"ds_language":"bs","language":"so","label":"positive"}
{"tweetid":410328357281083394,"ds_language":"bs","language":"hr","label":"positive"}
{"tweetid":410357086896128000,"ds_language":"bs","language":"hr","label":"positive"}
{"tweetid":410381204383617024,"ds_language":"bs","language":"id","label":"neutral"}
{"tweetid":410391042672693248,"ds_language":"bs","language":"hr","label":"neutral"}
{"tweetid":410434225284734976,"ds_language":"bs","language":"sl","label":"negative"}
{"tweetid":410434225284734976,"ds_language":"bs","language":"sl","label":"negative"}
{"tweetid":410457614024060928,"ds_language":"bs","language":"so","label":"negative"}
{"tweetid":410524815439572992,"ds_language":"bs","language":"sk","label":"positive"}
{"tweetid":410525681848963072,"ds_language":"bs","language":"hr","label":"neutral"}
{"tweetid":410539871519141889,"ds_language":"bs","language":"hr","label":"negative"}
{"tweetid":410539871519141889,"ds_language":"bs","language":"hr","label":"negative"}
{"tweetid":410549878041751553,"ds_language":"bs","language":"en","label":"neutral"}
{"tweetid":410549878041751553,"ds_language":"bs","language":"en","label":"neutral"}
{"tweetid":410576473335283712,"ds_language":"bs","language":"hr","label":"neutral"}
{"tweetid":410707263263752192,"ds_language":"bs","language":"hr","label":"negative"}
{"tweetid":410710638844194816,"ds_language":"bs","language":"so","label":"positive"}
{"tweetid":410713923026173952,"ds_language":"bs","language":"hr","label":"positive"}
{"tweetid":410713923026173952,"ds_language":"bs","language":"hr","label":"positive"}
{"tweetid":410825739857297408,"ds_language":"bs","language":"hr","label":"positive"}
{"tweetid":410858284133138432,"ds_language":"bs","language":"hr","label":"neutral"}
{"tweetid":410858470205030401,"ds_language":"bs","language":"hr","label":"positive"}
{"tweetid":410858614736564224,"ds_language":"bs","language":"hr","label":"neutral"}
{"tweetid":410858851395960832,"ds_language":"bs","language":"hr","label":"neutral"}
{"tweetid":410863285991243776,"ds_language":"bs","language":"hr","label":"neutral"}
{"tweetid":410863285991243776,"ds_language":"bs","language":"hr","label":"neutral"}
{"tweetid":410881452872458240,"ds_language":"bs","language":"hr","label":"negative"}
{"tweetid":410883773174382592,"ds_language":"bs","language":"hr","label":"neutral"}
{"tweetid":410914000764145664,"ds_language":"bs","language":"hr","label":"neutral"}
