{"tweetid":409242335382630400,"ds_language":"pt","language":"pt","label":"negative"}
{"tweetid":409271383298809857,"ds_language":"pt","language":"pt","label":"negative"}
{"tweetid":409288413259784192,"ds_language":"pt","language":"af","label":"negative"}
{"tweetid":409306292009062400,"ds_language":"pt","language":"pt","label":"negative"}
{"tweetid":409315038164307968,"ds_language":"pt","language":"pt","label":"negative"}
{"tweetid":409330582477606912,"ds_language":"pt","language":"pt","label":"negative"}
{"tweetid":409331513046474752,"ds_language":"pt","language":"pt","label":"negative"}
{"tweetid":409347329397780480,"ds_language":"pt","language":"pt","label":"negative"}
{"tweetid":409351087552876544,"ds_language":"pt","language":"en","label":"negative"}
{"tweetid":409369944972066816,"ds_language":"pt","language":"it","label":"negative"}
{"tweetid":409369944972066816,"ds_language":"pt","language":"it","label":"negative"}
{"tweetid":409392005836705792,"ds_language":"pt","language":"es","label":"negative"}
{"tweetid":409399523518476288,"ds_language":"pt","language":"it","label":"negative"}
{"tweetid":409464682408574976,"ds_language":"pt","language":"pt","label":"negative"}
{"tweetid":409469018891100160,"ds_language":"pt","language":"pt","label":"negative"}
{"tweetid":409471809860685824,"ds_language":"pt","language":"en","label":"negative"}
{"tweetid":409492363476615168,"ds_language":"pt","language":"so","label":"negative"}
{"tweetid":409492363476615168,"ds_language":"pt","language":"so","label":"negative"}
{"tweetid":409506381927309312,"ds_language":"pt","language":"pt","label":"negative"}
{"tweetid":409540808191541248,"ds_language":"pt","language":"pt","label":"negative"}
{"tweetid":409631581028904960,"ds_language":"pt","language":"en","label":"negative"}
{"tweetid":409667735963312128,"ds_language":"pt","language":"pt","label":"negative"}
{"tweetid":409684144998739968,"ds_language":"pt","language":"pt","label":"negative"}
{"tweetid":409715806939803648,"ds_language":"pt","language":"hu","label":"negative"}
{"tweetid":409721682757451776,"ds_language":"pt","language":"pt","label":"negative"}
{"tweetid":409735823282552832,"ds_language":"pt","language":"pt","label":"negative"}
{"tweetid":409736620628131840,"ds_language":"pt","language":"pt","label":"negative"}
{"tweetid":409770306950012928,"ds_language":"pt","language":"pt","label":"negative"}
{"tweetid":409770306950012928,"ds_language":"pt","language":"pt","label":"negative"}
{"tweetid":409783768229376000,"ds_language":"pt","language":"pt","label":"negative"}
{"tweetid":409786860664537088,"ds_language":"pt","language":"pt","label":"negative"}
{"tweetid":409788598716997632,"ds_language":"pt","language":"pt","label":"negative"}
{"tweetid":409789558637998080,"ds_language":"pt","language":"pt","label":"negative"}
{"tweetid":409805080725291008,"ds_language":"pt","language":"pt","label":"negative"}
{"tweetid":409805227475632128,"ds_language":"pt","language":"pt","label":"negative"}
{"tweetid":409812227362127872,"ds_language":"pt","language":"sl","label":"negative"}
{"tweetid":409842010091057152,"ds_language":"pt","language":"pt","label":"negative"}
