{"tweetid":394813114576695296,"ds_language":"sr","language":"hr","label":"neutral"}
{"tweetid":394830430232666112,"ds_language":"sr","language":"sl","label":"neutral"}
{"tweetid":394834856162521089,"ds_language":"sr","language":"hr","label":"positive"}
{"tweetid":395119853402480640,"ds_language":"sr","language":"sl","label":"neutral"}
{"tweetid":395241289962508288,"ds_language":"sr","language":"hr","label":"neutral"}
{"tweetid":395281485840011264,"ds_language":"sr","language":"hr","label":"positive"}
{"tweetid":395283665376534528,"ds_language":"sr","language":"hr","label":"positive"}
{"tweetid":395453582407135232,"ds_language":"sr","language":"sl","label":"neutral"}
{"tweetid":395468384135294976,"ds_language":"sr","language":"hr","label":"positive"}
{"tweetid":395501853384777728,"ds_language":"sr","language":"hr","label":"neutral"}
{"tweetid":395652168348631040,"ds_language":"sr","language":"sl","label":"positive"}
{"tweetid":395674486084993024,"ds_language":"sr","language":"hr","label":"negative"}
{"tweetid":396203795388317696,"ds_language":"sr","language":"hr","label":"negative"}
{"tweetid":396211049625812993,"ds_language":"sr","language":"hr","label":"positive"}
{"tweetid":396224873858867200,"ds_language":"sr","language":"ro","label":"neutral"}
{"tweetid":396267881467740160,"ds_language":"sr","language":"hr","label":"positive"}
{"tweetid":396355891664285696,"ds_language":"sr","language":"hr","label":"neutral"}
{"tweetid":396610729731575808,"ds_language":"sr","language":"hr","label":"neutral"}
{"tweetid":396637239599697920,"ds_language":"sr","language":"lt","label":"positive"}
{"tweetid":396709371016925184,"ds_language":"sr","language":"ca","label":"positive"}
{"tweetid":396729717224517632,"ds_language":"sr","language":"hr","label":"positive"}
{"tweetid":396791290152878080,"ds_language":"sr","language":"hr","label":"positive"}
{"tweetid":396835184055971840,"ds_language":"sr","language":"sl","label":"neutral"}
{"tweetid":396960897232801792,"ds_language":"sr","language":"sl","label":"neutral"}
{"tweetid":396962052335366144,"ds_language":"sr","language":"hr","label":"positive"}
{"tweetid":396980987558903808,"ds_language":"sr","language":"sv","label":"neutral"}
{"tweetid":397070936199147520,"ds_language":"sr","language":"hr","label":"positive"}
{"tweetid":397092464483266560,"ds_language":"sr","language":"sl","label":"positive"}
{"tweetid":397312378603180032,"ds_language":"sr","language":"hr","label":"positive"}
{"tweetid":397348449521508352,"ds_language":"sr","language":"sl","label":"positive"}
{"tweetid":397473510605717505,"ds_language":"sr","language":"hr","label":"negative"}
{"tweetid":397473510605717505,"ds_language":"sr","language":"hr","label":"negative"}
{"tweetid":397484563334959106,"ds_language":"sr","language":"hr","label":"positive"}
{"tweetid":397729261727285248,"ds_language":"sr","language":"sl","label":"neutral"}
{"tweetid":398098438996627456,"ds_language":"sr","language":"hr","label":"neutral"}
{"tweetid":398098438996627456,"ds_language":"sr","language":"hr","label":"neutral"}
{"tweetid":398122616093167616,"ds_language":"sr","language":"pl","label":"neutral"}
{"tweetid":398123216788791296,"ds_language":"sr","language":"pl","label":"positive"}
{"tweetid":398233341692215296,"ds_language":"sr","language":"hr","label":"neutral"}
{"tweetid":398423472889544707,"ds_language":"sr","language":"sl","label":"neutral"}
{"tweetid":398423472889544707,"ds_language":"sr","language":"sl","label":"neutral"}
{"tweetid":398448533721722880,"ds_language":"sr","language":"hr","label":"neutral"}
{"tweetid":398512348237168641,"ds_language":"sr","language":"sl","label":"negative"}
{"tweetid":398587261786132480,"ds_language":"sr","language":"hr","label":"neutral"}
{"tweetid":398745325126815744,"ds_language":"sr","language":"hr","label":"positive"}
{"tweetid":398812290356875264,"ds_language":"sr","language":"sl","label":"positive"}
{"tweetid":398848599096057858,"ds_language":"sr","language":"sl","label":"positive"}
{"tweetid":398893768986071040,"ds_language":"sr","language":"sl","label":"neutral"}
{"tweetid":398910529051181057,"ds_language":"sr","language":"id","label":"neutral"}
{"tweetid":398913402136829952,"ds_language":"sr","language":"hr","label":"neutral"}
{"tweetid":399017132312526848,"ds_language":"sr","language":"sl","label":"neutral"}
{"tweetid":399069208916815872,"ds_language":"sr","language":"id","label":"positive"}
{"tweetid":399120652994904064,"ds_language":"sr","language":"hr","label":"positive"}
{"tweetid":399133874762305536,"ds_language":"sr","language":"hr","label":"neutral"}
{"tweetid":399263159779094528,"ds_language":"sr","language":"hr","label":"positive"}
{"tweetid":399494327107190784,"ds_language":"sr","language":"sl","label":"negative"}
{"tweetid":399519872708640769,"ds_language":"sr","language":"sl","label":"positive"}
{"tweetid":399706874721083392,"ds_language":"sr","language":"ca","label":"positive"}
{"tweetid":399816316573331458,"ds_language":"sr","language":"hr","label":"positive"}
{"tweetid":399862603943772160,"ds_language":"sr","language":"sl","label":"positive"}
{"tweetid":399883336124203008,"ds_language":"sr","language":"hr","label":"negative"}
{"tweetid":399883336124203008,"ds_language":"sr","language":"hr","label":"negative"}
{"tweetid":399966883241553921,"ds_language":"sr","language":"hr","label":"negative"}
{"tweetid":399966883241553921,"ds_language":"sr","language":"hr","label":"negative"}
{"tweetid":399967125806538752,"ds_language":"sr","language":"en","label":"positive"}
{"tweetid":399979019095269376,"ds_language":"sr","language":"sl","label":"neutral"}
{"tweetid":399987762256154624,"ds_language":"sr","language":"sl","label":"neutral"}
{"tweetid":400728979310518272,"ds_language":"sr","language":"sl","label":"positive"}
{"tweetid":400825339271585792,"ds_language":"sr","language":"sl","label":"positive"}
{"tweetid":400825339271585792,"ds_language":"sr","language":"sl","label":"positive"}
{"tweetid":400893411797901312,"ds_language":"sr","language":"sl","label":"positive"}
{"tweetid":400984946049024000,"ds_language":"sr","language":"hr","label":"positive"}
{"tweetid":401016221258117120,"ds_language":"sr","language":"hr","label":"neutral"}
{"tweetid":401257441385783296,"ds_language":"sr","language":"so","label":"positive"}
{"tweetid":401264433600557056,"ds_language":"sr","language":"sl","label":"neutral"}
{"tweetid":401356709656289280,"ds_language":"sr","language":"id","label":"neutral"}
{"tweetid":401356709656289280,"ds_language":"sr","language":"id","label":"neutral"}
{"tweetid":401398488162119680,"ds_language":"sr","language":"hr","label":"positive"}
{"tweetid":401406533604761600,"ds_language":"sr","language":"hr","label":"positive"}
{"tweetid":401453404847079424,"ds_language":"sr","language":"sl","label":"neutral"}
{"tweetid":401478040905338880,"ds_language":"sr","language":"sl","label":"positive"}
{"tweetid":401640728389890048,"ds_language":"sr","language":"id","label":"positive"}
{"tweetid":401649312184414208,"ds_language":"sr","language":"en","label":"positive"}
{"tweetid":401651726245453824,"ds_language":"sr","language":"hr","label":"neutral"}
{"tweetid":401673115157409792,"ds_language":"sr","language":"hr","label":"positive"}
{"tweetid":401691523038736384,"ds_language":"sr","language":"hr","label":"neutral"}
{"tweetid":401737760224333824,"ds_language":"sr","language":"hr","label":"positive"}
{"tweetid":401881179902992384,"ds_language":"sr","language":"hr","label":"positive"}
{"tweetid":401998272963018752,"ds_language":"sr","language":"hr","label":"negative"}
{"tweetid":402063767745224704,"ds_language":"sr","language":"hr","label":"positive"}
{"tweetid":402112231376027648,"ds_language":"sr","language":"hr","label":"positive"}
{"tweetid":402159946013233152,"ds_language":"sr","language":"hr","label":"positive"}
{"tweetid":402174982056194048,"ds_language":"sr","language":"hr","label":"neutral"}
{"tweetid":402179975035756544,"ds_language":"sr","language":"sl","label":"neutral"}
{"tweetid":402226957263593472,"ds_language":"sr","language":"sl","label":"positive"}
{"tweetid":402352779425243137,"ds_language":"sr","language":"hr","label":"neutral"}
{"tweetid":402352779425243137,"ds_language":"sr","language":"hr","label":"neutral"}
{"tweetid":402376879396503552,"ds_language":"sr","language":"hr","label":"neutral"}
{"tweetid":402465587344859136,"ds_language":"sr","language":"hr","label":"positive"}
{"tweetid":402481505743949824,"ds_language":"sr","language":"sl","label":"neutral"}
{"tweetid":402496082413764608,"ds_language":"sr","language":"id","label":"neutral"}
{"tweetid":402496082413764608,"ds_language":"sr","language":"id","label":"neutral"}
{"tweetid":402541908742127616,"ds_language":"sr","language":"hr","label":"neutral"}
{"tweetid":402564039412174849,"ds_language":"sr","language":"hr","label":"neutral"}
{"tweetid":402569511955492864,"ds_language":"sr","language":"hr","label":"positive"}
{"tweetid":402725871980515328,"ds_language":"sr","language":"hr","label":"neutral"}
{"tweetid":402761892017766400,"ds_language":"sr","language":"hr","label":"positive"}
{"tweetid":402814114851876865,"ds_language":"sr","language":"hr","label":"neutral"}
{"tweetid":402849620776087553,"ds_language":"sr","language":"hr","label":"neutral"}
{"tweetid":402913952717615104,"ds_language":"sr","language":"sl","label":"neutral"}
{"tweetid":403124912010719232,"ds_language":"sr","language":"hr","label":"positive"}
{"tweetid":403133976769884160,"ds_language":"sr","language":"hr","label":"neutral"}
{"tweetid":403133976769884160,"ds_language":"sr","language":"hr","label":"neutral"}
{"tweetid":403188913579114496,"ds_language":"sr","language":"hr","label":"neutral"}
{"tweetid":403221170754830338,"ds_language":"sr","language":"hr","label":"positive"}
{"tweetid":403223497604091905,"ds_language":"sr","language":"sl","label":"positive"}
{"tweetid":403459312666025984,"ds_language":"sr","language":"hr","label":"positive"}
{"tweetid":403490402357227520,"ds_language":"sr","language":"sl","label":"neutral"}
{"tweetid":403497289643466752,"ds_language":"sr","language":"hr","label":"positive"}
{"tweetid":403554693789786112,"ds_language":"sr","language":"et","label":"positive"}
{"tweetid":403593092437397504,"ds_language":"sr","language":"sl","label":"negative"}
{"tweetid":403806497898901504,"ds_language":"sr","language":"hr","label":"positive"}
{"tweetid":403824406289317889,"ds_language":"sr","language":"hr","label":"neutral"}
{"tweetid":403824878572556288,"ds_language":"sr","language":"hr","label":"positive"}
{"tweetid":403839691830874112,"ds_language":"sr","language":"hr","label":"neutral"}
{"tweetid":403856529839104000,"ds_language":"sr","language":"hr","label":"neutral"}
{"tweetid":403970067320553472,"ds_language":"sr","language":"hr","label":"positive"}
{"tweetid":403984876120342528,"ds_language":"sr","language":"hr","label":"neutral"}
{"tweetid":403984876120342528,"ds_language":"sr","language":"hr","label":"neutral"}
{"tweetid":404195289655173120,"ds_language":"sr","language":"hr","label":"neutral"}
{"tweetid":404195289655173120,"ds_language":"sr","language":"hr","label":"neutral"}
{"tweetid":404215417134387201,"ds_language":"sr","language":"hr","label":"neutral"}
{"tweetid":404296454657048577,"ds_language":"sr","language":"et","label":"neutral"}
{"tweetid":404344539504074752,"ds_language":"sr","language":"sl","label":"negative"}
{"tweetid":404413584517509120,"ds_language":"sr","language":"sl","label":"neutral"}
{"tweetid":404413584517509120,"ds_language":"sr","language":"sl","label":"neutral"}
{"tweetid":404550648970346496,"ds_language":"sr","language":"sl","label":"positive"}
{"tweetid":404656900970934272,"ds_language":"sr","language":"sl","label":"positive"}
{"tweetid":404689905307369472,"ds_language":"sr","language":"hr","label":"neutral"}
{"tweetid":404711373181317120,"ds_language":"sr","language":"hr","label":"positive"}
{"tweetid":404909298653741057,"ds_language":"sr","language":"hr","label":"positive"}
{"tweetid":404990637142863872,"ds_language":"sr","language":"hr","label":"positive"}
{"tweetid":405099612119515136,"ds_language":"sr","language":"hr","label":"positive"}
{"tweetid":405118777207316480,"ds_language":"sr","language":"hr","label":"positive"}
{"tweetid":405250644404998145,"ds_language":"sr","language":"hr","label":"positive"}
{"tweetid":405261175723524097,"ds_language":"sr","language":"sl","label":"positive"}
{"tweetid":405300322907979776,"ds_language":"sr","language":"hr","label":"neutral"}
{"tweetid":405349987900727296,"ds_language":"sr","language":"id","label":"negative"}
{"tweetid":405349987900727296,"ds_language":"sr","language":"id","label":"negative"}
{"tweetid":405422774887280640,"ds_language":"sr","language":"hr","label":"negative"}
{"tweetid":405422774887280640,"ds_language":"sr","language":"hr","label":"negative"}
{"tweetid":405476579901308928,"ds_language":"sr","language":"so","label":"negative"}
{"tweetid":405654565263257601,"ds_language":"sr","language":"hr","label":"neutral"}
{"tweetid":405685938946191360,"ds_language":"sr","language":"hr","label":"neutral"}
{"tweetid":405728040103456768,"ds_language":"sr","language":"hr","label":"positive"}
{"tweetid":405760972985741312,"ds_language":"sr","language":"hr","label":"neutral"}
{"tweetid":405795827387748352,"ds_language":"sr","language":"hr","label":"neutral"}
{"tweetid":405809000299909120,"ds_language":"sr","language":"hr","label":"neutral"}
{"tweetid":405810296201441281,"ds_language":"sr","language":"hr","label":"positive"}
{"tweetid":405987030531715072,"ds_language":"sr","language":"pt","label":"neutral"}
{"tweetid":406044761037238272,"ds_language":"sr","language":"sl","label":"neutral"}
{"tweetid":424084549086085120,"ds_language":"sr","language":"hr","label":"positive"}
{"tweetid":424087098132422657,"ds_language":"sr","language":"hr","label":"negative"}
{"tweetid":424109495858757632,"ds_language":"sr","language":"sl","label":"positive"}
{"tweetid":424111278114631680,"ds_language":"sr","language":"hr","label":"positive"}
{"tweetid":424125281537097728,"ds_language":"sr","language":"sl","label":"neutral"}
{"tweetid":424148070880665600,"ds_language":"sr","language":"sl","label":"positive"}
{"tweetid":424148188489351168,"ds_language":"sr","language":"sl","label":"negative"}
{"tweetid":424158222274949121,"ds_language":"sr","language":"hr","label":"neutral"}
{"tweetid":424170762120220672,"ds_language":"sr","language":"hr","label":"positive"}
{"tweetid":424176458928365568,"ds_language":"sr","language":"hr","label":"negative"}
{"tweetid":424191456132079616,"ds_language":"sr","language":"hr","label":"neutral"}
{"tweetid":424214356264771584,"ds_language":"sr","language":"hr","label":"neutral"}
{"tweetid":424256911513755648,"ds_language":"sr","language":"sl","label":"neutral"}
{"tweetid":424283507675115520,"ds_language":"sr","language":"hr","label":"positive"}
{"tweetid":424291554300559360,"ds_language":"sr","language":"hr","label":"neutral"}
{"tweetid":424293368936816641,"ds_language":"sr","language":"hr","label":"neutral"}
{"tweetid":424311949246337024,"ds_language":"sr","language":"hr","label":"positive"}
{"tweetid":424383543373209600,"ds_language":"sr","language":"pt","label":"negative"}
{"tweetid":424440245321732096,"ds_language":"sr","language":"sk","label":"neutral"}
{"tweetid":424476802166165504,"ds_language":"sr","language":"hr","label":"neutral"}
{"tweetid":424483067185860608,"ds_language":"sr","language":"sl","label":"negative"}
{"tweetid":424504315982516224,"ds_language":"sr","language":"pt","label":"neutral"}
{"tweetid":424559512667054080,"ds_language":"sr","language":"hr","label":"neutral"}
{"tweetid":424561783953960960,"ds_language":"sr","language":"sl","label":"positive"}
{"tweetid":424564779106041856,"ds_language":"sr","language":"hr","label":"negative"}
{"tweetid":424578587300483072,"ds_language":"sr","language":"hr","label":"positive"}
{"tweetid":424588274016219136,"ds_language":"sr","language":"sl","label":"neutral"}
{"tweetid":424606191822848000,"ds_language":"sr","language":"hr","label":"negative"}
{"tweetid":424616511249321984,"ds_language":"sr","language":"hr","label":"neutral"}
{"tweetid":424616993132920835,"ds_language":"sr","language":"pt","label":"positive"}
{"tweetid":424665148465242112,"ds_language":"sr","language":"hr","label":"neutral"}
{"tweetid":424669054326956032,"ds_language":"sr","language":"hr","label":"negative"}
{"tweetid":424673966129971200,"ds_language":"sr","language":"hr","label":"neutral"}
{"tweetid":424694080137084928,"ds_language":"sr","language":"id","label":"positive"}
{"tweetid":424777932632883200,"ds_language":"sr","language":"hr","label":"positive"}
{"tweetid":424821689545785344,"ds_language":"sr","language":"hr","label":"neutral"}
{"tweetid":424825165869240320,"ds_language":"sr","language":"hr","label":"positive"}
{"tweetid":424873888179167233,"ds_language":"sr","language":"hr","label":"positive"}
{"tweetid":424879177859596289,"ds_language":"sr","language":"hr","label":"neutral"}
{"tweetid":424881034178473984,"ds_language":"sr","language":"sl","label":"neutral"}
{"tweetid":424890298725330944,"ds_language":"sr","language":"hr","label":"positive"}
{"tweetid":424927621562916864,"ds_language":"sr","language":"hr","label":"positive"}
{"tweetid":424932130305486848,"ds_language":"sr","language":"hr","label":"positive"}
{"tweetid":424948813800161280,"ds_language":"sr","language":"sl","label":"positive"}
{"tweetid":424961891996164098,"ds_language":"sr","language":"sl","label":"positive"}
{"tweetid":424966313451454464,"ds_language":"sr","language":"hr","label":"neutral"}
{"tweetid":424969608853225472,"ds_language":"sr","language":"hr","label":"neutral"}
{"tweetid":425003415325138944,"ds_language":"sr","language":"hr","label":"positive"}
{"tweetid":425032611686526976,"ds_language":"sr","language":"hr","label":"positive"}
{"tweetid":425071460043198464,"ds_language":"sr","language":"et","label":"neutral"}
{"tweetid":425170422079176704,"ds_language":"sr","language":"hr","label":"neutral"}
{"tweetid":425180016465309696,"ds_language":"sr","language":"hr","label":"positive"}
{"tweetid":425187319717834752,"ds_language":"sr","language":"hr","label":"positive"}
{"tweetid":425235619330019329,"ds_language":"sr","language":"hr","label":"neutral"}
{"tweetid":425241646394277888,"ds_language":"sr","language":"hr","label":"positive"}
{"tweetid":425272826778882048,"ds_language":"sr","language":"hr","label":"neutral"}
{"tweetid":425347406826590208,"ds_language":"sr","language":"UNKNOWN","label":"neutral"}
{"tweetid":425374840183209985,"ds_language":"sr","language":"de","label":"negative"}
{"tweetid":425376487642898432,"ds_language":"sr","language":"hr","label":"positive"}
{"tweetid":425380413604102144,"ds_language":"sr","language":"sl","label":"positive"}
{"tweetid":425403574873772032,"ds_language":"sr","language":"hr","label":"positive"}
{"tweetid":425404196402118656,"ds_language":"sr","language":"hr","label":"negative"}
{"tweetid":425407876929429504,"ds_language":"sr","language":"sl","label":"positive"}
{"tweetid":425427005505826816,"ds_language":"sr","language":"hr","label":"positive"}
{"tweetid":425518136407117824,"ds_language":"sr","language":"hr","label":"positive"}
{"tweetid":425578169362841601,"ds_language":"sr","language":"hr","label":"neutral"}
{"tweetid":425589472387141632,"ds_language":"sr","language":"hr","label":"neutral"}
{"tweetid":425635722373373952,"ds_language":"sr","language":"hr","label":"neutral"}
{"tweetid":425679093594484736,"ds_language":"sr","language":"sl","label":"negative"}
{"tweetid":425686457802846208,"ds_language":"sr","language":"sl","label":"neutral"}
{"tweetid":425705869788315648,"ds_language":"sr","language":"hr","label":"neutral"}
{"tweetid":425707328009015296,"ds_language":"sr","language":"hr","label":"positive"}
{"tweetid":425714010596864001,"ds_language":"sr","language":"hr","label":"positive"}
{"tweetid":425749553954832384,"ds_language":"sr","language":"hr","label":"neutral"}
{"tweetid":425762035176321024,"ds_language":"sr","language":"sl","label":"negative"}
{"tweetid":425782966610952192,"ds_language":"sr","language":"sv","label":"positive"}
{"tweetid":425788225094172672,"ds_language":"sr","language":"hr","label":"positive"}
{"tweetid":425919529034608641,"ds_language":"sr","language":"sl","label":"neutral"}
{"tweetid":425933564736065537,"ds_language":"sr","language":"sl","label":"neutral"}
{"tweetid":425987299827261440,"ds_language":"sr","language":"hr","label":"neutral"}
{"tweetid":426025317887528960,"ds_language":"sr","language":"hr","label":"negative"}
{"tweetid":426026611415056384,"ds_language":"sr","language":"hr","label":"neutral"}
{"tweetid":426045555840524288,"ds_language":"sr","language":"hr","label":"positive"}
{"tweetid":426048002726559744,"ds_language":"sr","language":"sl","label":"neutral"}
{"tweetid":426142335647219712,"ds_language":"sr","language":"nl","label":"neutral"}
{"tweetid":426235855620300800,"ds_language":"sr","language":"hr","label":"positive"}
{"tweetid":426259224792813568,"ds_language":"sr","language":"hr","label":"neutral"}
{"tweetid":426300517069766657,"ds_language":"sr","language":"hr","label":"neutral"}
{"tweetid":426302120586117120,"ds_language":"sr","language":"sl","label":"positive"}
{"tweetid":426306787273605120,"ds_language":"sr","language":"hr","label":"negative"}
{"tweetid":426307152945631232,"ds_language":"sr","language":"hr","label":"negative"}
{"tweetid":426327117316366340,"ds_language":"sr","language":"so","label":"positive"}
{"tweetid":426347935970758656,"ds_language":"sr","language":"hr","label":"negative"}
{"tweetid":426374815524855808,"ds_language":"sr","language":"sl","label":"positive"}
{"tweetid":426383792966627328,"ds_language":"sr","language":"lv","label":"positive"}
{"tweetid":426405168234905600,"ds_language":"sr","language":"hr","label":"neutral"}
{"tweetid":426411782073487360,"ds_language":"sr","language":"hr","label":"neutral"}
{"tweetid":426412242049839104,"ds_language":"sr","language":"sl","label":"positive"}
{"tweetid":426424478118064128,"ds_language":"sr","language":"sl","label":"positive"}
{"tweetid":426429533823451136,"ds_language":"sr","language":"sl","label":"positive"}
{"tweetid":426441351253610496,"ds_language":"sr","language":"hr","label":"positive"}
{"tweetid":426449476317089793,"ds_language":"sr","language":"sl","label":"positive"}
{"tweetid":426463507245445122,"ds_language":"sr","language":"cs","label":"negative"}
{"tweetid":426495764165328896,"ds_language":"sr","language":"hr","label":"neutral"}
{"tweetid":426673455358935041,"ds_language":"sr","language":"sl","label":"neutral"}
{"tweetid":426675699681099776,"ds_language":"sr","language":"hr","label":"neutral"}
{"tweetid":426679503281082368,"ds_language":"sr","language":"sl","label":"positive"}
{"tweetid":426679780793016320,"ds_language":"sr","language":"hr","label":"positive"}
{"tweetid":426683140204015617,"ds_language":"sr","language":"hr","label":"negative"}
{"tweetid":426693506347048961,"ds_language":"sr","language":"hr","label":"negative"}
{"tweetid":426693593584381952,"ds_language":"sr","language":"hr","label":"neutral"}
{"tweetid":426708303188459521,"ds_language":"sr","language":"hr","label":"neutral"}
{"tweetid":426711005863751680,"ds_language":"sr","language":"da","label":"positive"}
{"tweetid":426720422995185665,"ds_language":"sr","language":"sl","label":"positive"}
{"tweetid":426756514461007872,"ds_language":"sr","language":"hr","label":"neutral"}
{"tweetid":426827883307606016,"ds_language":"sr","language":"hr","label":"negative"}
{"tweetid":426865556805795840,"ds_language":"sr","language":"sl","label":"positive"}
{"tweetid":426867878311100416,"ds_language":"sr","language":"sl","label":"positive"}
{"tweetid":426872661214769152,"ds_language":"sr","language":"hr","label":"neutral"}
{"tweetid":427010107264995328,"ds_language":"sr","language":"hr","label":"neutral"}
{"tweetid":427012463172018176,"ds_language":"sr","language":"hr","label":"positive"}
{"tweetid":427016986485207040,"ds_language":"sr","language":"sl","label":"positive"}
{"tweetid":427051363478941696,"ds_language":"sr","language":"hr","label":"neutral"}
{"tweetid":427064736455589888,"ds_language":"sr","language":"hr","label":"neutral"}
{"tweetid":427064835134996480,"ds_language":"sr","language":"pt","label":"negative"}
{"tweetid":427092251383451649,"ds_language":"sr","language":"hr","label":"positive"}
{"tweetid":427098060468936704,"ds_language":"sr","language":"sl","label":"neutral"}
{"tweetid":427101889327796224,"ds_language":"sr","language":"hr","label":"negative"}
{"tweetid":427107518285099008,"ds_language":"sr","language":"hr","label":"neutral"}
{"tweetid":427112815561023488,"ds_language":"sr","language":"hr","label":"neutral"}
{"tweetid":427166902210035712,"ds_language":"sr","language":"hr","label":"negative"}
{"tweetid":427391274165882881,"ds_language":"sr","language":"sl","label":"neutral"}
{"tweetid":427405266666024960,"ds_language":"sr","language":"hr","label":"positive"}
{"tweetid":427408695006212096,"ds_language":"sr","language":"sl","label":"neutral"}
{"tweetid":427442525734191104,"ds_language":"sr","language":"hr","label":"positive"}
{"tweetid":427451878012878848,"ds_language":"sr","language":"hr","label":"neutral"}
{"tweetid":427459984902078464,"ds_language":"sr","language":"sl","label":"neutral"}
{"tweetid":427462619344404481,"ds_language":"sr","language":"hr","label":"positive"}
{"tweetid":427463229598470144,"ds_language":"sr","language":"sl","label":"neutral"}
{"tweetid":427472141874102272,"ds_language":"sr","language":"sl","label":"negative"}
{"tweetid":427477247562219520,"ds_language":"sr","language":"hr","label":"negative"}
{"tweetid":427477768696528896,"ds_language":"sr","language":"en","label":"neutral"}
{"tweetid":427493731508695040,"ds_language":"sr","language":"hr","label":"positive"}
{"tweetid":427513289573404672,"ds_language":"sr","language":"hr","label":"positive"}
{"tweetid":427519194612379650,"ds_language":"sr","language":"af","label":"positive"}
{"tweetid":427525556700459008,"ds_language":"sr","language":"hr","label":"positive"}
{"tweetid":427527313996017664,"ds_language":"sr","language":"hr","label":"negative"}
{"tweetid":427540855818559488,"ds_language":"sr","language":"hr","label":"negative"}
{"tweetid":427553610189504512,"ds_language":"sr","language":"sl","label":"positive"}
{"tweetid":427555067005517824,"ds_language":"sr","language":"sl","label":"positive"}
{"tweetid":427570453649960961,"ds_language":"sr","language":"sl","label":"neutral"}
{"tweetid":427598074895429632,"ds_language":"sr","language":"sl","label":"neutral"}
{"tweetid":427609940325580800,"ds_language":"sr","language":"sl","label":"positive"}
{"tweetid":427619832847011840,"ds_language":"sr","language":"hr","label":"neutral"}
{"tweetid":427683254368735232,"ds_language":"sr","language":"hr","label":"negative"}
{"tweetid":427705730565931008,"ds_language":"sr","language":"sl","label":"neutral"}
{"tweetid":427720907990523904,"ds_language":"sr","language":"hr","label":"neutral"}
{"tweetid":427736584394268672,"ds_language":"sr","language":"hr","label":"neutral"}
{"tweetid":427744219449413633,"ds_language":"sr","language":"hr","label":"positive"}
{"tweetid":427766113837936640,"ds_language":"sr","language":"sl","label":"positive"}
{"tweetid":427766824143298560,"ds_language":"sr","language":"hr","label":"positive"}
{"tweetid":427775720128266240,"ds_language":"sr","language":"sl","label":"positive"}
{"tweetid":427785145710432257,"ds_language":"sr","language":"hr","label":"neutral"}
{"tweetid":427808595968008192,"ds_language":"sr","language":"id","label":"neutral"}
{"tweetid":427832855784615936,"ds_language":"sr","language":"hr","label":"neutral"}
{"tweetid":427838945771003904,"ds_language":"sr","language":"sl","label":"neutral"}
{"tweetid":427841014490230784,"ds_language":"sr","language":"hr","label":"positive"}
{"tweetid":427861761023553536,"ds_language":"sr","language":"hr","label":"neutral"}
{"tweetid":427862910136614912,"ds_language":"sr","language":"sl","label":"neutral"}
{"tweetid":427874185965490176,"ds_language":"sr","language":"sl","label":"positive"}
{"tweetid":427895819082412032,"ds_language":"sr","language":"ro","label":"neutral"}
{"tweetid":427902153844600832,"ds_language":"sr","language":"af","label":"negative"}
{"tweetid":427904945300725760,"ds_language":"sr","language":"sl","label":"positive"}
{"tweetid":427915731733598209,"ds_language":"sr","language":"fi","label":"positive"}
{"tweetid":428051299758661632,"ds_language":"sr","language":"hr","label":"neutral"}
{"tweetid":428085630829355008,"ds_language":"sr","language":"UNKNOWN","label":"positive"}
{"tweetid":428111498704343040,"ds_language":"sr","language":"hr","label":"positive"}
{"tweetid":428125365299863553,"ds_language":"sr","language":"hr","label":"positive"}
{"tweetid":428143684321038337,"ds_language":"sr","language":"en","label":"positive"}
{"tweetid":428150824385404928,"ds_language":"sr","language":"en","label":"positive"}
{"tweetid":428159084928712704,"ds_language":"sr","language":"sl","label":"negative"}
{"tweetid":428161949205934081,"ds_language":"sr","language":"hr","label":"negative"}
{"tweetid":428192075902115840,"ds_language":"sr","language":"hr","label":"neutral"}
{"tweetid":428205200114196480,"ds_language":"sr","language":"hr","label":"neutral"}
{"tweetid":428236848004366338,"ds_language":"sr","language":"sl","label":"neutral"}
{"tweetid":428248805356486656,"ds_language":"sr","language":"sl","label":"positive"}
{"tweetid":428259500840452096,"ds_language":"sr","language":"en","label":"positive"}
{"tweetid":428262640235069440,"ds_language":"sr","language":"sl","label":"positive"}
{"tweetid":428290123755974656,"ds_language":"sr","language":"lt","label":"neutral"}
{"tweetid":428294754527625216,"ds_language":"sr","language":"sl","label":"negative"}
{"tweetid":428364141347086336,"ds_language":"sr","language":"hr","label":"positive"}
{"tweetid":428422170273124352,"ds_language":"sr","language":"hr","label":"positive"}
{"tweetid":428490494059245568,"ds_language":"sr","language":"sl","label":"positive"}
{"tweetid":428497395114967040,"ds_language":"sr","language":"hr","label":"positive"}
{"tweetid":428527453481746432,"ds_language":"sr","language":"hr","label":"neutral"}
{"tweetid":428538213083664384,"ds_language":"sr","language":"sl","label":"neutral"}
{"tweetid":428566509875908608,"ds_language":"sr","language":"hr","label":"positive"}
{"tweetid":428603930675646464,"ds_language":"sr","language":"hr","label":"positive"}
{"tweetid":428608559006633984,"ds_language":"sr","language":"hr","label":"neutral"}
{"tweetid":428617828682723329,"ds_language":"sr","language":"sk","label":"neutral"}
{"tweetid":428623040810082304,"ds_language":"sr","language":"hr","label":"positive"}
{"tweetid":428632054432288768,"ds_language":"sr","language":"tr","label":"positive"}
{"tweetid":428640950555258881,"ds_language":"sr","language":"hr","label":"neutral"}
{"tweetid":428642991696130048,"ds_language":"sr","language":"hr","label":"negative"}
{"tweetid":428647984079720448,"ds_language":"sr","language":"sl","label":"positive"}
{"tweetid":428657943496507392,"ds_language":"sr","language":"hr","label":"positive"}
{"tweetid":428686647698276352,"ds_language":"sr","language":"hr","label":"negative"}
{"tweetid":428696889785978880,"ds_language":"sr","language":"hr","label":"positive"}
{"tweetid":428793225823150080,"ds_language":"sr","language":"sl","label":"neutral"}
{"tweetid":428802032867479552,"ds_language":"sr","language":"es","label":"positive"}
{"tweetid":428818541824180224,"ds_language":"sr","language":"hr","label":"positive"}
{"tweetid":428822251702480896,"ds_language":"sr","language":"hr","label":"negative"}
{"tweetid":428831364582891520,"ds_language":"sr","language":"hr","label":"positive"}
{"tweetid":428837513851977729,"ds_language":"sr","language":"hr","label":"positive"}
{"tweetid":428838572976640001,"ds_language":"sr","language":"hr","label":"neutral"}
{"tweetid":428877844866158592,"ds_language":"sr","language":"hr","label":"neutral"}
{"tweetid":428887721424486400,"ds_language":"sr","language":"da","label":"positive"}
{"tweetid":428892057433022464,"ds_language":"sr","language":"en","label":"positive"}
{"tweetid":428895044456550401,"ds_language":"sr","language":"hr","label":"neutral"}
{"tweetid":428900560675549184,"ds_language":"sr","language":"hr","label":"positive"}
{"tweetid":428910185361702912,"ds_language":"sr","language":"hr","label":"negative"}
{"tweetid":428919407411478528,"ds_language":"sr","language":"hr","label":"positive"}
{"tweetid":428930108133765120,"ds_language":"sr","language":"hr","label":"positive"}
{"tweetid":428957455276847104,"ds_language":"sr","language":"en","label":"negative"}
{"tweetid":428961595776303105,"ds_language":"sr","language":"sl","label":"positive"}
{"tweetid":428967034890645504,"ds_language":"sr","language":"sl","label":"negative"}
{"tweetid":428971454294941696,"ds_language":"sr","language":"hr","label":"positive"}
{"tweetid":428998102872494080,"ds_language":"sr","language":"hr","label":"positive"}
{"tweetid":429010228382691328,"ds_language":"sr","language":"hr","label":"negative"}
{"tweetid":429027387888513024,"ds_language":"sr","language":"hr","label":"positive"}
{"tweetid":429186789010849792,"ds_language":"sr","language":"hr","label":"negative"}
{"tweetid":429231586467266560,"ds_language":"sr","language":"hr","label":"neutral"}
{"tweetid":429263590055739392,"ds_language":"sr","language":"hr","label":"positive"}
{"tweetid":429267620228243456,"ds_language":"sr","language":"hr","label":"neutral"}
{"tweetid":429314952378060800,"ds_language":"sr","language":"pt","label":"positive"}
{"tweetid":429315633184919552,"ds_language":"sr","language":"it","label":"neutral"}
{"tweetid":429319752348352512,"ds_language":"sr","language":"sl","label":"positive"}
{"tweetid":429323275320438785,"ds_language":"sr","language":"hr","label":"negative"}
{"tweetid":429325650567380992,"ds_language":"sr","language":"hr","label":"positive"}
{"tweetid":429327385327304705,"ds_language":"sr","language":"sl","label":"neutral"}
{"tweetid":429346577854234624,"ds_language":"sr","language":"sl","label":"negative"}
{"tweetid":429352548454383618,"ds_language":"sr","language":"hr","label":"neutral"}
{"tweetid":429360836550086656,"ds_language":"sr","language":"hr","label":"neutral"}
{"tweetid":429364783121707008,"ds_language":"sr","language":"hr","label":"neutral"}
{"tweetid":429366444359708674,"ds_language":"sr","language":"hr","label":"positive"}
{"tweetid":429367591938064384,"ds_language":"sr","language":"hr","label":"positive"}
{"tweetid":429371673943363584,"ds_language":"sr","language":"sl","label":"negative"}
{"tweetid":429374050180554753,"ds_language":"sr","language":"sl","label":"negative"}
{"tweetid":429404135033565184,"ds_language":"sr","language":"hr","label":"negative"}
{"tweetid":429410510388592640,"ds_language":"sr","language":"hr","label":"positive"}
{"tweetid":429423454790500353,"ds_language":"sr","language":"hr","label":"positive"}
{"tweetid":429515914061824000,"ds_language":"sr","language":"it","label":"neutral"}
{"tweetid":429519905218908160,"ds_language":"sr","language":"hr","label":"neutral"}
{"tweetid":429525616887861248,"ds_language":"sr","language":"hr","label":"negative"}
{"tweetid":429525963161210880,"ds_language":"sr","language":"sv","label":"positive"}
{"tweetid":429542358003486720,"ds_language":"sr","language":"sl","label":"positive"}
{"tweetid":429551670746685440,"ds_language":"sr","language":"hr","label":"negative"}
{"tweetid":429562857697837056,"ds_language":"sr","language":"pt","label":"neutral"}
{"tweetid":429591520950628352,"ds_language":"sr","language":"en","label":"neutral"}
{"tweetid":429605178174873600,"ds_language":"sr","language":"hr","label":"neutral"}
{"tweetid":429607535294054400,"ds_language":"sr","language":"sl","label":"positive"}
{"tweetid":429617014534332416,"ds_language":"sr","language":"pt","label":"negative"}
{"tweetid":429618466493304832,"ds_language":"sr","language":"hr","label":"neutral"}
{"tweetid":429629046779944960,"ds_language":"sr","language":"hr","label":"negative"}
{"tweetid":429630222984806400,"ds_language":"sr","language":"fi","label":"neutral"}
{"tweetid":429635065220698112,"ds_language":"sr","language":"hr","label":"neutral"}
{"tweetid":429642850159304704,"ds_language":"sr","language":"hr","label":"neutral"}
{"tweetid":429643397318860800,"ds_language":"sr","language":"hr","label":"neutral"}
{"tweetid":429647676557496320,"ds_language":"sr","language":"sl","label":"positive"}
{"tweetid":429648645596934145,"ds_language":"sr","language":"hr","label":"neutral"}
{"tweetid":429653933918023680,"ds_language":"sr","language":"hr","label":"negative"}
{"tweetid":429659875610996736,"ds_language":"sr","language":"hr","label":"negative"}
{"tweetid":429662972919955456,"ds_language":"sr","language":"hr","label":"negative"}
{"tweetid":429666171995312128,"ds_language":"sr","language":"sl","label":"positive"}
{"tweetid":429667391841136641,"ds_language":"sr","language":"hr","label":"positive"}
{"tweetid":429685059881152512,"ds_language":"sr","language":"hr","label":"negative"}
{"tweetid":429701843611316224,"ds_language":"sr","language":"hr","label":"neutral"}
{"tweetid":429716980971876352,"ds_language":"sr","language":"hr","label":"positive"}
{"tweetid":429717230411321345,"ds_language":"sr","language":"hr","label":"neutral"}
{"tweetid":429719174408327168,"ds_language":"sr","language":"hr","label":"negative"}
{"tweetid":429726023920254976,"ds_language":"sr","language":"hr","label":"neutral"}
{"tweetid":429726175527591936,"ds_language":"sr","language":"hr","label":"positive"}
{"tweetid":429726782288576512,"ds_language":"sr","language":"hr","label":"negative"}
{"tweetid":429729947599785984,"ds_language":"sr","language":"hr","label":"neutral"}
{"tweetid":429730198552993792,"ds_language":"sr","language":"sl","label":"positive"}
{"tweetid":429738331996295168,"ds_language":"sr","language":"hr","label":"neutral"}
{"tweetid":429742122406010880,"ds_language":"sr","language":"it","label":"negative"}
{"tweetid":429742209479741440,"ds_language":"sr","language":"sl","label":"neutral"}
{"tweetid":429750535777161216,"ds_language":"sr","language":"sv","label":"neutral"}
{"tweetid":429750779176448001,"ds_language":"sr","language":"sl","label":"negative"}
{"tweetid":429882556298059776,"ds_language":"sr","language":"hr","label":"positive"}
{"tweetid":429900425563602944,"ds_language":"sr","language":"hr","label":"neutral"}
{"tweetid":429921036709023744,"ds_language":"sr","language":"hr","label":"neutral"}
{"tweetid":429929774572507136,"ds_language":"sr","language":"hr","label":"neutral"}
{"tweetid":429939849781850112,"ds_language":"sr","language":"hr","label":"negative"}
{"tweetid":429943232760676352,"ds_language":"sr","language":"hr","label":"negative"}
{"tweetid":429945620196261888,"ds_language":"sr","language":"hr","label":"neutral"}
{"tweetid":429950174119874560,"ds_language":"sr","language":"hr","label":"negative"}
{"tweetid":429963214517174272,"ds_language":"sr","language":"hr","label":"negative"}
{"tweetid":429969441355735040,"ds_language":"sr","language":"sl","label":"neutral"}
{"tweetid":429971309842690048,"ds_language":"sr","language":"sl","label":"neutral"}
{"tweetid":429975223203418112,"ds_language":"sr","language":"so","label":"neutral"}
{"tweetid":429976550340329473,"ds_language":"sr","language":"hr","label":"neutral"}
{"tweetid":429990496690110465,"ds_language":"sr","language":"sl","label":"neutral"}
{"tweetid":430008059482488832,"ds_language":"sr","language":"hr","label":"neutral"}
{"tweetid":430010022475870208,"ds_language":"sr","language":"sl","label":"neutral"}
{"tweetid":430019367846576129,"ds_language":"sr","language":"id","label":"positive"}
{"tweetid":430019923167817728,"ds_language":"sr","language":"hr","label":"neutral"}
{"tweetid":430043087025741827,"ds_language":"sr","language":"hr","label":"neutral"}
{"tweetid":430046032613748736,"ds_language":"sr","language":"hr","label":"neutral"}
{"tweetid":430049316573835264,"ds_language":"sr","language":"et","label":"negative"}
{"tweetid":430056377046667264,"ds_language":"sr","language":"hr","label":"neutral"}
{"tweetid":430083515426697216,"ds_language":"sr","language":"hr","label":"positive"}
{"tweetid":430091119020744704,"ds_language":"sr","language":"hr","label":"negative"}
{"tweetid":430099332608851968,"ds_language":"sr","language":"sl","label":"neutral"}
{"tweetid":430254645462990849,"ds_language":"sr","language":"pt","label":"neutral"}
{"tweetid":430259860966739968,"ds_language":"sr","language":"hr","label":"neutral"}
{"tweetid":430263821505003520,"ds_language":"sr","language":"sl","label":"neutral"}
{"tweetid":430312019988721664,"ds_language":"sr","language":"UNKNOWN","label":"neutral"}
{"tweetid":430312147793768448,"ds_language":"sr","language":"sl","label":"positive"}
{"tweetid":430339017251364866,"ds_language":"sr","language":"hr","label":"positive"}
{"tweetid":430361508955295744,"ds_language":"sr","language":"sl","label":"negative"}
{"tweetid":430368311474655232,"ds_language":"sr","language":"hr","label":"neutral"}
{"tweetid":430374173962428417,"ds_language":"sr","language":"hr","label":"neutral"}
{"tweetid":430400318594367488,"ds_language":"sr","language":"hr","label":"neutral"}
{"tweetid":430412847009779712,"ds_language":"sr","language":"sl","label":"negative"}
{"tweetid":430428116213694464,"ds_language":"sr","language":"hr","label":"neutral"}
{"tweetid":430432169367191552,"ds_language":"sr","language":"sl","label":"positive"}
{"tweetid":430445307709493248,"ds_language":"sr","language":"hr","label":"positive"}
{"tweetid":430481611499773952,"ds_language":"sr","language":"es","label":"neutral"}
{"tweetid":430648209485352960,"ds_language":"sr","language":"hr","label":"positive"}
{"tweetid":430653186722918400,"ds_language":"sr","language":"hr","label":"neutral"}
{"tweetid":430660626386780160,"ds_language":"sr","language":"hr","label":"neutral"}
{"tweetid":430668712438677504,"ds_language":"sr","language":"sl","label":"positive"}
{"tweetid":430672822319333376,"ds_language":"sr","language":"hr","label":"positive"}
{"tweetid":430689760005611520,"ds_language":"sr","language":"hr","label":"neutral"}
{"tweetid":430695030303780864,"ds_language":"sr","language":"hr","label":"neutral"}
{"tweetid":430705567586607104,"ds_language":"sr","language":"hr","label":"negative"}
{"tweetid":430707452669984768,"ds_language":"sr","language":"hr","label":"positive"}
{"tweetid":430718125512740864,"ds_language":"sr","language":"sl","label":"neutral"}
{"tweetid":430720614639214592,"ds_language":"sr","language":"hr","label":"neutral"}
{"tweetid":430733139267584000,"ds_language":"sr","language":"hr","label":"negative"}
{"tweetid":430735014301409280,"ds_language":"sr","language":"sl","label":"positive"}
{"tweetid":430751301434343424,"ds_language":"sr","language":"sl","label":"positive"}
{"tweetid":430763531605409792,"ds_language":"sr","language":"hr","label":"positive"}
{"tweetid":430803150011113472,"ds_language":"sr","language":"sl","label":"neutral"}
{"tweetid":430821034791419904,"ds_language":"sr","language":"sl","label":"negative"}
{"tweetid":430887325682634752,"ds_language":"sr","language":"hr","label":"neutral"}
{"tweetid":430974172836401152,"ds_language":"sr","language":"hr","label":"neutral"}
{"tweetid":430976407351861248,"ds_language":"sr","language":"en","label":"positive"}
{"tweetid":430985306863861760,"ds_language":"sr","language":"hr","label":"negative"}
{"tweetid":431005499048599552,"ds_language":"sr","language":"de","label":"negative"}
{"tweetid":431008326587920384,"ds_language":"sr","language":"hr","label":"negative"}
{"tweetid":431021034511548416,"ds_language":"sr","language":"tl","label":"negative"}
{"tweetid":431025798221266945,"ds_language":"sr","language":"hr","label":"neutral"}
{"tweetid":431027226440900608,"ds_language":"sr","language":"sl","label":"positive"}
{"tweetid":431031951571824640,"ds_language":"sr","language":"hr","label":"neutral"}
{"tweetid":431047233069277184,"ds_language":"sr","language":"hr","label":"positive"}
{"tweetid":431048804393955328,"ds_language":"sr","language":"hr","label":"neutral"}
{"tweetid":431051199962697728,"ds_language":"sr","language":"hr","label":"negative"}
{"tweetid":431072600492879872,"ds_language":"sr","language":"hr","label":"neutral"}
{"tweetid":431076423978455040,"ds_language":"sr","language":"hr","label":"positive"}
{"tweetid":431079858543026176,"ds_language":"sr","language":"hr","label":"positive"}
{"tweetid":431081165777563648,"ds_language":"sr","language":"hr","label":"neutral"}
{"tweetid":431084695804059648,"ds_language":"sr","language":"sl","label":"positive"}
{"tweetid":431099964044091392,"ds_language":"sr","language":"hr","label":"neutral"}
{"tweetid":431108174301519872,"ds_language":"sr","language":"hr","label":"negative"}
{"tweetid":431116486824833024,"ds_language":"sr","language":"sl","label":"negative"}
{"tweetid":431125153364574208,"ds_language":"sr","language":"sl","label":"neutral"}
{"tweetid":431126454693548032,"ds_language":"sr","language":"hr","label":"negative"}
{"tweetid":431128913301872640,"ds_language":"sr","language":"sw","label":"positive"}
{"tweetid":431153310880768000,"ds_language":"sr","language":"hr","label":"neutral"}
{"tweetid":431154959984234496,"ds_language":"sr","language":"hr","label":"negative"}
{"tweetid":431174519488016384,"ds_language":"sr","language":"sl","label":"positive"}
{"tweetid":431179917003587585,"ds_language":"sr","language":"hr","label":"positive"}
{"tweetid":431181208488521729,"ds_language":"sr","language":"hr","label":"neutral"}
{"tweetid":431215824322314240,"ds_language":"sr","language":"hr","label":"negative"}
{"tweetid":431340600726917121,"ds_language":"sr","language":"hr","label":"neutral"}
{"tweetid":431340809297092608,"ds_language":"sr","language":"hr","label":"neutral"}
{"tweetid":431343454837571584,"ds_language":"sr","language":"hr","label":"neutral"}
{"tweetid":431345295272599553,"ds_language":"sr","language":"hr","label":"positive"}
{"tweetid":431361908302553088,"ds_language":"sr","language":"hr","label":"neutral"}
{"tweetid":431362384377442304,"ds_language":"sr","language":"hr","label":"negative"}
{"tweetid":431407531164831746,"ds_language":"sr","language":"hr","label":"positive"}
{"tweetid":431425632619470848,"ds_language":"sr","language":"hr","label":"negative"}
{"tweetid":431425981413621760,"ds_language":"sr","language":"hr","label":"neutral"}
{"tweetid":431466455734190080,"ds_language":"sr","language":"UNKNOWN","label":"neutral"}
{"tweetid":431471818247905280,"ds_language":"sr","language":"hr","label":"neutral"}
{"tweetid":431485546775314432,"ds_language":"sr","language":"hr","label":"negative"}
{"tweetid":431494133429972992,"ds_language":"sr","language":"hr","label":"positive"}
{"tweetid":431496423800967168,"ds_language":"sr","language":"sl","label":"neutral"}
{"tweetid":431544170348822528,"ds_language":"sr","language":"sl","label":"neutral"}
{"tweetid":431601223301877760,"ds_language":"sr","language":"sl","label":"neutral"}
{"tweetid":431615972290465793,"ds_language":"sr","language":"sl","label":"positive"}
{"tweetid":431626338202431488,"ds_language":"sr","language":"sl","label":"negative"}
{"tweetid":431695311258783744,"ds_language":"sr","language":"hr","label":"positive"}
{"tweetid":431734322677415936,"ds_language":"sr","language":"hr","label":"positive"}
{"tweetid":431765873289089024,"ds_language":"sr","language":"af","label":"positive"}
{"tweetid":431793574124859392,"ds_language":"sr","language":"hr","label":"positive"}
{"tweetid":431804639214714880,"ds_language":"sr","language":"hr","label":"positive"}
{"tweetid":431808923700449280,"ds_language":"sr","language":"hr","label":"neutral"}
{"tweetid":431817998538903552,"ds_language":"sr","language":"en","label":"negative"}
{"tweetid":431824874189766656,"ds_language":"sr","language":"hr","label":"neutral"}
{"tweetid":431829211624775680,"ds_language":"sr","language":"hr","label":"positive"}
{"tweetid":431833858712272896,"ds_language":"sr","language":"so","label":"neutral"}
{"tweetid":431839769908510721,"ds_language":"sr","language":"hr","label":"positive"}
{"tweetid":431840236449312768,"ds_language":"sr","language":"hr","label":"positive"}
{"tweetid":431841925772369921,"ds_language":"sr","language":"id","label":"neutral"}
{"tweetid":431842842072596480,"ds_language":"sr","language":"ro","label":"positive"}
{"tweetid":431845613559619584,"ds_language":"sr","language":"hr","label":"positive"}
{"tweetid":431853434296610816,"ds_language":"sr","language":"hr","label":"positive"}
{"tweetid":431855441539510272,"ds_language":"sr","language":"hr","label":"positive"}
{"tweetid":431867666870317056,"ds_language":"sr","language":"ro","label":"positive"}
{"tweetid":431882179388641281,"ds_language":"sr","language":"sl","label":"positive"}
{"tweetid":431895096481841152,"ds_language":"sr","language":"sw","label":"positive"}
{"tweetid":431898844935491584,"ds_language":"sr","language":"sw","label":"negative"}
{"tweetid":431898985851523072,"ds_language":"sr","language":"sw","label":"negative"}
{"tweetid":431905845308186624,"ds_language":"sr","language":"sl","label":"neutral"}
{"tweetid":431908295788335104,"ds_language":"sr","language":"hr","label":"negative"}
{"tweetid":431916360076394496,"ds_language":"sr","language":"hr","label":"positive"}
{"tweetid":431929711346712576,"ds_language":"sr","language":"sl","label":"positive"}
{"tweetid":431931768438939648,"ds_language":"sr","language":"hr","label":"negative"}
{"tweetid":431932469500456960,"ds_language":"sr","language":"hr","label":"negative"}
{"tweetid":431932813706027008,"ds_language":"sr","language":"hr","label":"negative"}
{"tweetid":431939939484598272,"ds_language":"sr","language":"hr","label":"negative"}
{"tweetid":431947978363138048,"ds_language":"sr","language":"hr","label":"negative"}
{"tweetid":431998917996449792,"ds_language":"sr","language":"hr","label":"negative"}
{"tweetid":432045462586425344,"ds_language":"sr","language":"hr","label":"positive"}
{"tweetid":432057121027670016,"ds_language":"sr","language":"sk","label":"negative"}
{"tweetid":432064147455746048,"ds_language":"sr","language":"sl","label":"neutral"}
{"tweetid":432068958490230784,"ds_language":"sr","language":"UNKNOWN","label":"neutral"}
{"tweetid":432076125515567104,"ds_language":"sr","language":"UNKNOWN","label":"negative"}
{"tweetid":432088288791240705,"ds_language":"sr","language":"hr","label":"negative"}
{"tweetid":432090569524142080,"ds_language":"sr","language":"hr","label":"negative"}
{"tweetid":432090968779923456,"ds_language":"sr","language":"hr","label":"neutral"}
{"tweetid":432093022080077824,"ds_language":"sr","language":"hr","label":"positive"}
{"tweetid":432116549668069376,"ds_language":"sr","language":"hr","label":"neutral"}
{"tweetid":432128026017800192,"ds_language":"sr","language":"sl","label":"negative"}
{"tweetid":432139507778199552,"ds_language":"sr","language":"hr","label":"negative"}
{"tweetid":432143785812688897,"ds_language":"sr","language":"id","label":"positive"}
{"tweetid":432176796264439809,"ds_language":"sr","language":"hr","label":"neutral"}
{"tweetid":432197341748015104,"ds_language":"sr","language":"sl","label":"neutral"}
{"tweetid":432216357288300544,"ds_language":"sr","language":"hr","label":"positive"}
{"tweetid":432222225941663744,"ds_language":"sr","language":"hr","label":"neutral"}
{"tweetid":432241683095224321,"ds_language":"sr","language":"no","label":"positive"}
{"tweetid":432257590899130369,"ds_language":"sr","language":"sl","label":"neutral"}
{"tweetid":432272885227745280,"ds_language":"sr","language":"sl","label":"positive"}
{"tweetid":432282481874968576,"ds_language":"sr","language":"sl","label":"positive"}
{"tweetid":432441846531620864,"ds_language":"sr","language":"hr","label":"neutral"}
{"tweetid":432459992088588288,"ds_language":"sr","language":"sl","label":"positive"}
{"tweetid":432469606641696768,"ds_language":"sr","language":"hr","label":"neutral"}
{"tweetid":432490215257538560,"ds_language":"sr","language":"sl","label":"positive"}
{"tweetid":432511607449858048,"ds_language":"sr","language":"en","label":"positive"}
{"tweetid":432522931533807616,"ds_language":"sr","language":"hr","label":"neutral"}
{"tweetid":432529602343616513,"ds_language":"sr","language":"af","label":"positive"}
{"tweetid":432540748530323456,"ds_language":"sr","language":"hr","label":"positive"}
{"tweetid":432560123136180224,"ds_language":"sr","language":"et","label":"positive"}
{"tweetid":432590175919931392,"ds_language":"sr","language":"hr","label":"neutral"}
{"tweetid":432592055609851905,"ds_language":"sr","language":"hr","label":"positive"}
{"tweetid":432621206978572288,"ds_language":"sr","language":"hr","label":"positive"}
{"tweetid":432626674300366848,"ds_language":"sr","language":"en","label":"positive"}
{"tweetid":432627956209680384,"ds_language":"sr","language":"hr","label":"positive"}
{"tweetid":432628760211623936,"ds_language":"sr","language":"lt","label":"neutral"}
{"tweetid":432635718859759616,"ds_language":"sr","language":"hr","label":"positive"}
{"tweetid":432653139003867136,"ds_language":"sr","language":"id","label":"positive"}
{"tweetid":432654190855585792,"ds_language":"sr","language":"sl","label":"positive"}
{"tweetid":432654304907104256,"ds_language":"sr","language":"sl","label":"positive"}
{"tweetid":432688300814774272,"ds_language":"sr","language":"sl","label":"positive"}
{"tweetid":432781049714978816,"ds_language":"sr","language":"hr","label":"neutral"}
{"tweetid":432816523749896192,"ds_language":"sr","language":"sl","label":"positive"}
{"tweetid":432833067091496960,"ds_language":"sr","language":"hr","label":"neutral"}
{"tweetid":432834390117609472,"ds_language":"sr","language":"sl","label":"neutral"}
{"tweetid":432859868434010112,"ds_language":"sr","language":"sl","label":"neutral"}
{"tweetid":432863635036450817,"ds_language":"sr","language":"sl","label":"positive"}
{"tweetid":432887283662852096,"ds_language":"sr","language":"hr","label":"neutral"}
{"tweetid":432891183065743360,"ds_language":"sr","language":"sl","label":"positive"}
{"tweetid":432915981938077696,"ds_language":"sr","language":"hr","label":"neutral"}
{"tweetid":432917617133629440,"ds_language":"sr","language":"hr","label":"negative"}
{"tweetid":432927561312903169,"ds_language":"sr","language":"hr","label":"negative"}
{"tweetid":433160412952272896,"ds_language":"sr","language":"es","label":"neutral"}
{"tweetid":433189470666780672,"ds_language":"sr","language":"hr","label":"positive"}
{"tweetid":433199532386443264,"ds_language":"sr","language":"hr","label":"positive"}
{"tweetid":433201412244123648,"ds_language":"sr","language":"hr","label":"positive"}
{"tweetid":433214914812194816,"ds_language":"sr","language":"sl","label":"positive"}
{"tweetid":433218052176769024,"ds_language":"sr","language":"hr","label":"neutral"}
{"tweetid":433242826584117248,"ds_language":"sr","language":"hr","label":"neutral"}
{"tweetid":433246649377628161,"ds_language":"sr","language":"ro","label":"neutral"}
{"tweetid":433257704404971520,"ds_language":"sr","language":"hr","label":"neutral"}
{"tweetid":433279130713751552,"ds_language":"sr","language":"hr","label":"neutral"}
{"tweetid":433283692862377984,"ds_language":"sr","language":"af","label":"neutral"}
{"tweetid":433295520224665600,"ds_language":"sr","language":"hr","label":"negative"}
{"tweetid":433308430649290752,"ds_language":"sr","language":"UNKNOWN","label":"positive"}
{"tweetid":433322058001301505,"ds_language":"sr","language":"hr","label":"positive"}
{"tweetid":433374688438665216,"ds_language":"sr","language":"id","label":"negative"}
{"tweetid":433488695237558272,"ds_language":"sr","language":"sl","label":"positive"}
{"tweetid":433491229771567104,"ds_language":"sr","language":"hr","label":"neutral"}
{"tweetid":433544530886156288,"ds_language":"sr","language":"hr","label":"negative"}
{"tweetid":433550579420626944,"ds_language":"sr","language":"da","label":"neutral"}
{"tweetid":433564418845061120,"ds_language":"sr","language":"hr","label":"negative"}
{"tweetid":433564477871890432,"ds_language":"sr","language":"hr","label":"neutral"}
{"tweetid":433569642284843009,"ds_language":"sr","language":"hr","label":"neutral"}
{"tweetid":433570164240814080,"ds_language":"sr","language":"hr","label":"neutral"}
{"tweetid":433573232613273600,"ds_language":"sr","language":"hr","label":"positive"}
{"tweetid":433577404423229440,"ds_language":"sr","language":"sl","label":"neutral"}
{"tweetid":433578936552128512,"ds_language":"sr","language":"sl","label":"neutral"}
{"tweetid":433580279094329344,"ds_language":"sr","language":"hr","label":"neutral"}
{"tweetid":433589046506688512,"ds_language":"sr","language":"hr","label":"neutral"}
{"tweetid":433601957899796480,"ds_language":"sr","language":"id","label":"neutral"}
{"tweetid":433631243603677184,"ds_language":"sr","language":"hr","label":"positive"}
{"tweetid":433636568763756544,"ds_language":"sr","language":"hr","label":"negative"}
{"tweetid":433664562978889728,"ds_language":"sr","language":"hr","label":"positive"}
{"tweetid":433666672357289984,"ds_language":"sr","language":"sl","label":"neutral"}
{"tweetid":433679758329933824,"ds_language":"sr","language":"hr","label":"neutral"}
{"tweetid":433721936661983232,"ds_language":"sr","language":"hr","label":"positive"}
{"tweetid":433729566972981249,"ds_language":"sr","language":"hr","label":"neutral"}
{"tweetid":433732413621932032,"ds_language":"sr","language":"hr","label":"neutral"}
{"tweetid":433768804376522752,"ds_language":"sr","language":"hr","label":"positive"}
{"tweetid":433930005387968512,"ds_language":"sr","language":"sl","label":"negative"}
{"tweetid":433942687281328128,"ds_language":"sr","language":"et","label":"neutral"}
{"tweetid":433946347452895233,"ds_language":"sr","language":"hr","label":"neutral"}
{"tweetid":433947169435815937,"ds_language":"sr","language":"hr","label":"negative"}
{"tweetid":433958829060268032,"ds_language":"sr","language":"hr","label":"positive"}
{"tweetid":433964787320750081,"ds_language":"sr","language":"hr","label":"neutral"}
{"tweetid":433965329396822016,"ds_language":"sr","language":"en","label":"neutral"}
{"tweetid":433975568334217216,"ds_language":"sr","language":"et","label":"neutral"}
{"tweetid":433991887008321537,"ds_language":"sr","language":"hr","label":"positive"}
{"tweetid":434000635206598657,"ds_language":"sr","language":"pt","label":"positive"}
{"tweetid":434012379110977536,"ds_language":"sr","language":"hr","label":"negative"}
{"tweetid":434035077518200832,"ds_language":"sr","language":"hr","label":"positive"}
{"tweetid":434043961770909696,"ds_language":"sr","language":"hr","label":"neutral"}
{"tweetid":434066715971190784,"ds_language":"sr","language":"et","label":"negative"}
{"tweetid":434078846019993600,"ds_language":"sr","language":"hr","label":"negative"}
{"tweetid":434106879019450368,"ds_language":"sr","language":"hr","label":"positive"}
{"tweetid":434235368150663168,"ds_language":"sr","language":"hr","label":"neutral"}
{"tweetid":434248498238586880,"ds_language":"sr","language":"hr","label":"positive"}
{"tweetid":434258219423502336,"ds_language":"sr","language":"hr","label":"positive"}
{"tweetid":434258339053449216,"ds_language":"sr","language":"hr","label":"neutral"}
{"tweetid":434272268907474944,"ds_language":"sr","language":"hr","label":"positive"}
{"tweetid":434276052891095040,"ds_language":"sr","language":"lt","label":"negative"}
{"tweetid":434293598058971136,"ds_language":"sr","language":"tr","label":"negative"}
{"tweetid":434300684662755328,"ds_language":"sr","language":"hr","label":"neutral"}
{"tweetid":434302680480354304,"ds_language":"sr","language":"tr","label":"positive"}
{"tweetid":434304376585216001,"ds_language":"sr","language":"sl","label":"neutral"}
{"tweetid":434307771308072960,"ds_language":"sr","language":"hr","label":"negative"}
{"tweetid":434310730645401601,"ds_language":"sr","language":"hr","label":"neutral"}
{"tweetid":434314685693706240,"ds_language":"sr","language":"sv","label":"positive"}
{"tweetid":434321840320679936,"ds_language":"sr","language":"hr","label":"positive"}
{"tweetid":434349230816505856,"ds_language":"sr","language":"sl","label":"positive"}
{"tweetid":434360466585182208,"ds_language":"sr","language":"hr","label":"neutral"}
{"tweetid":434362007785979904,"ds_language":"sr","language":"hr","label":"neutral"}
{"tweetid":434376141986492416,"ds_language":"sr","language":"hr","label":"negative"}
{"tweetid":434395895267098624,"ds_language":"sr","language":"sl","label":"positive"}
{"tweetid":434399651773812737,"ds_language":"sr","language":"hr","label":"neutral"}
{"tweetid":434441442539606016,"ds_language":"sr","language":"hr","label":"neutral"}
{"tweetid":434447703020277760,"ds_language":"sr","language":"hr","label":"neutral"}
{"tweetid":434466017214226433,"ds_language":"sr","language":"sl","label":"positive"}
{"tweetid":434585097711276032,"ds_language":"sr","language":"hr","label":"neutral"}
{"tweetid":434624184694865920,"ds_language":"sr","language":"id","label":"positive"}
{"tweetid":434624531614150656,"ds_language":"sr","language":"id","label":"positive"}
{"tweetid":434627229054939136,"ds_language":"sr","language":"hr","label":"positive"}
{"tweetid":434628678161797120,"ds_language":"sr","language":"hr","label":"positive"}
{"tweetid":434631104734056448,"ds_language":"sr","language":"hr","label":"negative"}
{"tweetid":434652900863008769,"ds_language":"sr","language":"hr","label":"positive"}
{"tweetid":434679851552096256,"ds_language":"sr","language":"sl","label":"positive"}
{"tweetid":434680122822496256,"ds_language":"sr","language":"hr","label":"neutral"}
{"tweetid":434683853358530560,"ds_language":"sr","language":"sl","label":"negative"}
{"tweetid":434684924030095360,"ds_language":"sr","language":"hr","label":"positive"}
{"tweetid":434691773869608961,"ds_language":"sr","language":"hr","label":"positive"}
{"tweetid":434704473206685696,"ds_language":"sr","language":"hr","label":"positive"}
{"tweetid":434720949716668417,"ds_language":"sr","language":"sl","label":"positive"}
{"tweetid":434727160377802752,"ds_language":"sr","language":"hr","label":"neutral"}
{"tweetid":434727673404080128,"ds_language":"sr","language":"sl","label":"positive"}
{"tweetid":434734585377603584,"ds_language":"sr","language":"hr","label":"neutral"}
{"tweetid":434737051557457920,"ds_language":"sr","language":"hr","label":"positive"}
{"tweetid":434778812845654016,"ds_language":"sr","language":"sl","label":"positive"}
{"tweetid":434796088277876736,"ds_language":"sr","language":"sl","label":"neutral"}
{"tweetid":434798640012726272,"ds_language":"sr","language":"sl","label":"positive"}
{"tweetid":434810478171156480,"ds_language":"sr","language":"hr","label":"positive"}
{"tweetid":434816434385195009,"ds_language":"sr","language":"hr","label":"neutral"}
{"tweetid":434819086951137281,"ds_language":"sr","language":"af","label":"neutral"}
{"tweetid":434825723178942464,"ds_language":"sr","language":"hr","label":"positive"}
{"tweetid":434842862908628992,"ds_language":"sr","language":"pl","label":"positive"}
{"tweetid":434852178160001024,"ds_language":"sr","language":"hr","label":"positive"}
{"tweetid":434888661826809856,"ds_language":"sr","language":"sl","label":"positive"}
{"tweetid":434967667946962945,"ds_language":"sr","language":"hr","label":"positive"}
{"tweetid":434999694906114050,"ds_language":"sr","language":"hr","label":"neutral"}
{"tweetid":435001866951217154,"ds_language":"sr","language":"hr","label":"neutral"}
{"tweetid":435024118149160961,"ds_language":"sr","language":"hr","label":"neutral"}
{"tweetid":435041344093171713,"ds_language":"sr","language":"sl","label":"positive"}
{"tweetid":435050368754384896,"ds_language":"sr","language":"hr","label":"positive"}
{"tweetid":435055025564704768,"ds_language":"sr","language":"hr","label":"negative"}
{"tweetid":435073880852791297,"ds_language":"sr","language":"hr","label":"neutral"}
{"tweetid":435080072433655808,"ds_language":"sr","language":"hr","label":"neutral"}
{"tweetid":435107282771128320,"ds_language":"sr","language":"hr","label":"positive"}
{"tweetid":435108535241015296,"ds_language":"sr","language":"sl","label":"neutral"}
{"tweetid":435117216745680897,"ds_language":"sr","language":"et","label":"positive"}
{"tweetid":435118926331400192,"ds_language":"sr","language":"hr","label":"positive"}
{"tweetid":435119203981746176,"ds_language":"sr","language":"hr","label":"positive"}
{"tweetid":435133827984654337,"ds_language":"sr","language":"hr","label":"neutral"}
{"tweetid":435146170558840832,"ds_language":"sr","language":"hr","label":"negative"}
{"tweetid":435148326364000256,"ds_language":"sr","language":"sl","label":"positive"}
{"tweetid":435165660541624321,"ds_language":"sr","language":"sl","label":"positive"}
{"tweetid":435193389278310400,"ds_language":"sr","language":"hr","label":"negative"}
{"tweetid":435197933579825152,"ds_language":"sr","language":"hr","label":"positive"}
{"tweetid":435228989356244992,"ds_language":"sr","language":"sl","label":"negative"}
{"tweetid":435320433907224576,"ds_language":"sr","language":"hr","label":"negative"}
{"tweetid":435327035863355392,"ds_language":"sr","language":"no","label":"positive"}
{"tweetid":435327776904585218,"ds_language":"sr","language":"hr","label":"neutral"}
{"tweetid":435328287586283520,"ds_language":"sr","language":"sl","label":"positive"}
