{"tweetid":468499600253648896,"ds_language":"de","language":"de","label":"positive"}
{"tweetid":456210679607730180,"ds_language":"de","language":"de","label":"positive"}
{"tweetid":466165422312939520,"ds_language":"de","language":"ro","label":"positive"}
{"tweetid":462301782082068482,"ds_language":"de","language":"da","label":"positive"}
{"tweetid":472006671305547776,"ds_language":"de","language":"de","label":"neutral"}
{"tweetid":465303821645000704,"ds_language":"de","language":"de","label":"neutral"}
{"tweetid":457254918718750721,"ds_language":"de","language":"de","label":"neutral"}
{"tweetid":470948064724004864,"ds_language":"de","language":"lt","label":"neutral"}
{"tweetid":472465113388433411,"ds_language":"de","language":"de","label":"neutral"}
{"tweetid":458340228433203203,"ds_language":"de","language":"de","label":"positive"}
{"tweetid":449293001450618880,"ds_language":"de","language":"de","label":"negative"}
{"tweetid":467037918893445120,"ds_language":"de","language":"nl","label":"neutral"}
{"tweetid":476710554338615298,"ds_language":"de","language":"de","label":"neutral"}
{"tweetid":461013824586649600,"ds_language":"de","language":"de","label":"positive"}
{"tweetid":421310936797163520,"ds_language":"de","language":"en","label":"neutral"}
{"tweetid":459649786585821184,"ds_language":"de","language":"de","label":"neutral"}
{"tweetid":471745811215564801,"ds_language":"de","language":"de","label":"neutral"}
{"tweetid":470851823264595968,"ds_language":"de","language":"de","label":"neutral"}
{"tweetid":421750668018196480,"ds_language":"de","language":"de","label":"neutral"}
{"tweetid":474240209937506304,"ds_language":"de","language":"en","label":"neutral"}
{"tweetid":474479372947423232,"ds_language":"de","language":"de","label":"neutral"}
{"tweetid":502470845416366080,"ds_language":"de","language":"de","label":"neutral"}
{"tweetid":459068892259028992,"ds_language":"de","language":"et","label":"neutral"}
{"tweetid":513400241148919808,"ds_language":"de","language":"de","label":"neutral"}
{"tweetid":454330343789969408,"ds_language":"de","language":"de","label":"positive"}
{"tweetid":460364407932198912,"ds_language":"de","language":"UNKNOWN","label":"neutral"}
{"tweetid":466313040993214465,"ds_language":"de","language":"id","label":"positive"}
{"tweetid":466885980226846720,"ds_language":"de","language":"tl","label":"positive"}
{"tweetid":503196087889698817,"ds_language":"de","language":"en","label":"neutral"}
{"tweetid":470857231119175680,"ds_language":"de","language":"de","label":"neutral"}
{"tweetid":496706936398966785,"ds_language":"de","language":"de","label":"neutral"}
{"tweetid":512966370393587714,"ds_language":"de","language":"de","label":"neutral"}
{"tweetid":470175103066853376,"ds_language":"de","language":"de","label":"neutral"}
{"tweetid":510477113255018497,"ds_language":"de","language":"de","label":"neutral"}
{"tweetid":458877942378938368,"ds_language":"de","language":"de","label":"positive"}
{"tweetid":467290709557776384,"ds_language":"de","language":"de","label":"neutral"}
{"tweetid":463428481196752896,"ds_language":"de","language":"de","label":"neutral"}
{"tweetid":465038011806539776,"ds_language":"de","language":"de","label":"neutral"}
{"tweetid":464135569543815168,"ds_language":"de","language":"de","label":"positive"}
{"tweetid":471729306599960576,"ds_language":"de","language":"de","label":"neutral"}
{"tweetid":474497224299515905,"ds_language":"de","language":"de","label":"neutral"}
{"tweetid":468798293422903296,"ds_language":"de","language":"de","label":"neutral"}
{"tweetid":479756420158861312,"ds_language":"de","language":"de","label":"neutral"}
{"tweetid":464889646712111104,"ds_language":"de","language":"de","label":"positive"}
{"tweetid":474255867253387264,"ds_language":"de","language":"en","label":"neutral"}
{"tweetid":455741718697361408,"ds_language":"de","language":"de","label":"neutral"}
{"tweetid":513343945217413122,"ds_language":"de","language":"de","label":"neutral"}
{"tweetid":467806365680168960,"ds_language":"de","language":"de","label":"neutral"}
{"tweetid":459669973791952897,"ds_language":"de","language":"en","label":"neutral"}
{"tweetid":467790686951976961,"ds_language":"de","language":"de","label":"neutral"}
{"tweetid":473713506001252352,"ds_language":"de","language":"de","label":"neutral"}
{"tweetid":471225189033074688,"ds_language":"de","language":"de","label":"neutral"}
{"tweetid":418439051096915969,"ds_language":"de","language":"sw","label":"neutral"}
{"tweetid":512189358175449088,"ds_language":"de","language":"de","label":"neutral"}
{"tweetid":457837985661452289,"ds_language":"de","language":"de","label":"positive"}
{"tweetid":456724439929872384,"ds_language":"de","language":"de","label":"neutral"}
{"tweetid":456766731097096192,"ds_language":"de","language":"de","label":"positive"}
{"tweetid":464441335102324736,"ds_language":"de","language":"de","label":"neutral"}
{"tweetid":478618392572997632,"ds_language":"de","language":"nl","label":"neutral"}
{"tweetid":495989500687175680,"ds_language":"de","language":"de","label":"neutral"}
{"tweetid":466196096906461184,"ds_language":"de","language":"de","label":"negative"}
{"tweetid":489691378243211264,"ds_language":"de","language":"nl","label":"neutral"}
{"tweetid":456309824574484480,"ds_language":"de","language":"de","label":"neutral"}
{"tweetid":464121246008217600,"ds_language":"de","language":"de","label":"neutral"}
{"tweetid":454161313326202880,"ds_language":"de","language":"de","label":"neutral"}
{"tweetid":498772803077025792,"ds_language":"de","language":"de","label":"neutral"}
{"tweetid":454634225296478209,"ds_language":"de","language":"id","label":"neutral"}
{"tweetid":458555605910044672,"ds_language":"de","language":"nl","label":"neutral"}
{"tweetid":421065419425054720,"ds_language":"de","language":"de","label":"negative"}
{"tweetid":512319310271115264,"ds_language":"de","language":"et","label":"neutral"}
{"tweetid":459068514763292672,"ds_language":"de","language":"et","label":"neutral"}
{"tweetid":463350542665003008,"ds_language":"de","language":"da","label":"positive"}
