{"tweetid":503912812411125762,"ds_language":"it","language":"it","label":"neutral"}
{"tweetid":508685533061844992,"ds_language":"it","language":"it","label":"neutral"}
{"tweetid":483953702085332992,"ds_language":"it","language":"it","label":"neutral"}
{"tweetid":475576724886130689,"ds_language":"it","language":"de","label":"neutral"}
{"tweetid":476290389935394816,"ds_language":"it","language":"it","label":"neutral"}
{"tweetid":458342828880719872,"ds_language":"it","language":"it","label":"neutral"}
{"tweetid":488340298150313986,"ds_language":"it","language":"sv","label":"neutral"}
{"tweetid":511510937883648000,"ds_language":"it","language":"it","label":"neutral"}
{"tweetid":506384990876491777,"ds_language":"it","language":"it","label":"neutral"}
{"tweetid":513061303850893312,"ds_language":"it","language":"it","label":"neutral"}
{"tweetid":446610630804402177,"ds_language":"it","language":"hr","label":"positive"}
{"tweetid":464447210525298688,"ds_language":"it","language":"UNKNOWN","label":"neutral"}
{"tweetid":490932818449801216,"ds_language":"it","language":"en","label":"neutral"}
{"tweetid":471598654055542784,"ds_language":"it","language":"it","label":"neutral"}
{"tweetid":498165323296940033,"ds_language":"it","language":"it","label":"neutral"}
{"tweetid":496435276403974144,"ds_language":"it","language":"it","label":"neutral"}
{"tweetid":456746447438745600,"ds_language":"it","language":"es","label":"neutral"}
{"tweetid":493347194012184576,"ds_language":"it","language":"en","label":"neutral"}
{"tweetid":509271141807316993,"ds_language":"it","language":"pt","label":"neutral"}
{"tweetid":443401661093253120,"ds_language":"it","language":"it","label":"neutral"}
{"tweetid":510070324218843136,"ds_language":"it","language":"it","label":"neutral"}
{"tweetid":419162312701120512,"ds_language":"it","language":"it","label":"negative"}
{"tweetid":481704850506670080,"ds_language":"it","language":"it","label":"neutral"}
{"tweetid":512177077370769408,"ds_language":"it","language":"it","label":"neutral"}
{"tweetid":443380228178862080,"ds_language":"it","language":"es","label":"neutral"}
{"tweetid":491279213421674496,"ds_language":"it","language":"it","label":"neutral"}
{"tweetid":469133602882879488,"ds_language":"it","language":"et","label":"neutral"}
{"tweetid":506470475208601600,"ds_language":"it","language":"it","label":"neutral"}
{"tweetid":502073216714956800,"ds_language":"it","language":"it","label":"neutral"}
{"tweetid":497355441631150080,"ds_language":"it","language":"it","label":"neutral"}
{"tweetid":468367978829213697,"ds_language":"it","language":"it","label":"neutral"}
{"tweetid":455350197162610688,"ds_language":"it","language":"it","label":"neutral"}
{"tweetid":483950669611941888,"ds_language":"it","language":"it","label":"neutral"}
{"tweetid":499140337362014208,"ds_language":"it","language":"it","label":"neutral"}
{"tweetid":481543102591942657,"ds_language":"it","language":"it","label":"neutral"}
{"tweetid":512594924060282880,"ds_language":"it","language":"it","label":"neutral"}
{"tweetid":501800369127960576,"ds_language":"it","language":"it","label":"neutral"}
{"tweetid":499687407693070336,"ds_language":"it","language":"it","label":"neutral"}
{"tweetid":505801130472124416,"ds_language":"it","language":"it","label":"neutral"}
{"tweetid":506108207572713472,"ds_language":"it","language":"it","label":"neutral"}
{"tweetid":486587481736114177,"ds_language":"it","language":"it","label":"neutral"}
{"tweetid":508510640659787777,"ds_language":"it","language":"it","label":"neutral"}
{"tweetid":502085541006151680,"ds_language":"it","language":"it","label":"neutral"}
{"tweetid":477970061572202496,"ds_language":"it","language":"it","label":"neutral"}
{"tweetid":488397817963352064,"ds_language":"it","language":"it","label":"neutral"}
{"tweetid":496150962462289920,"ds_language":"it","language":"it","label":"neutral"}
{"tweetid":497658348452716544,"ds_language":"it","language":"it","label":"neutral"}
{"tweetid":454226933224833025,"ds_language":"it","language":"it","label":"neutral"}
{"tweetid":477932518638100480,"ds_language":"it","language":"it","label":"neutral"}
{"tweetid":512286074627166208,"ds_language":"it","language":"it","label":"neutral"}
{"tweetid":501007130262913026,"ds_language":"it","language":"it","label":"neutral"}
{"tweetid":500595150390059010,"ds_language":"it","language":"it","label":"neutral"}
{"tweetid":439061693105455104,"ds_language":"it","language":"it","label":"neutral"}
{"tweetid":455740225507958784,"ds_language":"it","language":"it","label":"neutral"}
{"tweetid":487579854049931264,"ds_language":"it","language":"it","label":"neutral"}
{"tweetid":481557094311936000,"ds_language":"it","language":"it","label":"neutral"}
{"tweetid":505594609536602112,"ds_language":"it","language":"it","label":"neutral"}
{"tweetid":496042277618610177,"ds_language":"it","language":"it","label":"neutral"}
{"tweetid":498713150087110656,"ds_language":"it","language":"it","label":"neutral"}
{"tweetid":496375871595634689,"ds_language":"it","language":"it","label":"neutral"}
{"tweetid":498808911869140992,"ds_language":"it","language":"it","label":"neutral"}
{"tweetid":477965221655756800,"ds_language":"it","language":"it","label":"neutral"}
{"tweetid":505450179282341890,"ds_language":"it","language":"it","label":"neutral"}
{"tweetid":505391955854241793,"ds_language":"it","language":"hu","label":"neutral"}
{"tweetid":468409888301780996,"ds_language":"it","language":"it","label":"neutral"}
{"tweetid":489515378565869568,"ds_language":"it","language":"it","label":"neutral"}
{"tweetid":483581205942927360,"ds_language":"it","language":"it","label":"neutral"}
{"tweetid":462506036298276864,"ds_language":"it","language":"de","label":"neutral"}
{"tweetid":496568880866009088,"ds_language":"it","language":"it","label":"neutral"}
{"tweetid":494784779142045696,"ds_language":"it","language":"it","label":"neutral"}
{"tweetid":472801689498836992,"ds_language":"it","language":"pt","label":"neutral"}
{"tweetid":479278445655248897,"ds_language":"it","language":"ca","label":"neutral"}
{"tweetid":465810912990216192,"ds_language":"it","language":"it","label":"neutral"}
{"tweetid":484313808270528512,"ds_language":"it","language":"it","label":"positive"}
{"tweetid":463793121415790592,"ds_language":"it","language":"en","label":"neutral"}
{"tweetid":507827332347080704,"ds_language":"it","language":"it","label":"neutral"}
{"tweetid":500993519163834368,"ds_language":"it","language":"it","label":"neutral"}
{"tweetid":470531786708381697,"ds_language":"it","language":"so","label":"neutral"}
{"tweetid":421059752916156416,"ds_language":"it","language":"it","label":"neutral"}
{"tweetid":482048083006861312,"ds_language":"it","language":"it","label":"neutral"}
{"tweetid":506549240408317952,"ds_language":"it","language":"de","label":"neutral"}
{"tweetid":511166420764598273,"ds_language":"it","language":"it","label":"neutral"}
{"tweetid":498726148915081216,"ds_language":"it","language":"it","label":"neutral"}
{"tweetid":496030395163746304,"ds_language":"it","language":"it","label":"neutral"}
{"tweetid":512881655900823552,"ds_language":"it","language":"it","label":"neutral"}
{"tweetid":462227106714648576,"ds_language":"it","language":"it","label":"neutral"}
{"tweetid":511900202836701184,"ds_language":"it","language":"it","label":"neutral"}
{"tweetid":502192836629258240,"ds_language":"it","language":"it","label":"neutral"}
{"tweetid":477912977405124609,"ds_language":"it","language":"it","label":"neutral"}
{"tweetid":450898291610624000,"ds_language":"it","language":"it","label":"neutral"}
{"tweetid":475718353949298688,"ds_language":"it","language":"it","label":"neutral"}
{"tweetid":468094719894233089,"ds_language":"it","language":"it","label":"neutral"}
{"tweetid":506434278130188288,"ds_language":"it","language":"en","label":"neutral"}
{"tweetid":465814651490795521,"ds_language":"it","language":"it","label":"neutral"}
{"tweetid":476963307275173888,"ds_language":"it","language":"it","label":"neutral"}
{"tweetid":501271513535090688,"ds_language":"it","language":"it","label":"neutral"}
{"tweetid":506724537661390849,"ds_language":"it","language":"it","label":"neutral"}
{"tweetid":452716790809128960,"ds_language":"it","language":"it","label":"neutral"}
{"tweetid":479767652467245056,"ds_language":"it","language":"it","label":"neutral"}
{"tweetid":462888904983867392,"ds_language":"it","language":"it","label":"negative"}
{"tweetid":483681818936639488,"ds_language":"it","language":"it","label":"positive"}
{"tweetid":447350904485052416,"ds_language":"it","language":"it","label":"neutral"}
{"tweetid":509579471650058240,"ds_language":"it","language":"it","label":"neutral"}
{"tweetid":483957489558618112,"ds_language":"it","language":"no","label":"positive"}
{"tweetid":498022590431371264,"ds_language":"it","language":"it","label":"neutral"}
{"tweetid":459408635077349376,"ds_language":"it","language":"it","label":"neutral"}
{"tweetid":506776493020966914,"ds_language":"it","language":"it","label":"neutral"}
{"tweetid":510667634887888896,"ds_language":"it","language":"it","label":"neutral"}
{"tweetid":513187820626640898,"ds_language":"it","language":"it","label":"neutral"}
{"tweetid":470980929545330688,"ds_language":"it","language":"it","label":"neutral"}
{"tweetid":495901810381844480,"ds_language":"it","language":"it","label":"neutral"}
{"tweetid":506393153013030912,"ds_language":"it","language":"it","label":"positive"}
{"tweetid":496911232566579201,"ds_language":"it","language":"it","label":"neutral"}
{"tweetid":455318513411194881,"ds_language":"it","language":"it","label":"neutral"}
{"tweetid":501512761537748992,"ds_language":"it","language":"it","label":"negative"}
{"tweetid":488415359440281600,"ds_language":"it","language":"it","label":"neutral"}
{"tweetid":489281709695700992,"ds_language":"it","language":"es","label":"neutral"}
{"tweetid":441516783003250688,"ds_language":"it","language":"it","label":"neutral"}
{"tweetid":473702319809630208,"ds_language":"it","language":"ro","label":"neutral"}
{"tweetid":471340578538811392,"ds_language":"it","language":"it","label":"neutral"}
{"tweetid":465416421938593792,"ds_language":"it","language":"it","label":"neutral"}
{"tweetid":502132802910187520,"ds_language":"it","language":"it","label":"neutral"}
{"tweetid":477379470295580673,"ds_language":"it","language":"it","label":"neutral"}
{"tweetid":450749137965694976,"ds_language":"it","language":"it","label":"negative"}
{"tweetid":443519068029874176,"ds_language":"it","language":"it","label":"neutral"}
{"tweetid":491619946091520001,"ds_language":"it","language":"it","label":"neutral"}
{"tweetid":508851258300837888,"ds_language":"it","language":"it","label":"neutral"}
{"tweetid":456408432665300993,"ds_language":"it","language":"it","label":"neutral"}
{"tweetid":508245806991015936,"ds_language":"it","language":"it","label":"neutral"}
{"tweetid":493010215273771008,"ds_language":"it","language":"it","label":"neutral"}
{"tweetid":508384994432405504,"ds_language":"it","language":"it","label":"neutral"}
{"tweetid":512511329073381376,"ds_language":"it","language":"it","label":"neutral"}
{"tweetid":429214096425095169,"ds_language":"it","language":"it","label":"neutral"}
{"tweetid":459061560628219904,"ds_language":"it","language":"it","label":"neutral"}
{"tweetid":472012111754051584,"ds_language":"it","language":"it","label":"neutral"}
{"tweetid":420321421962002432,"ds_language":"it","language":"it","label":"negative"}
{"tweetid":469550868988436480,"ds_language":"it","language":"it","label":"neutral"}
{"tweetid":503181582807867393,"ds_language":"it","language":"it","label":"neutral"}
{"tweetid":510678604775456768,"ds_language":"it","language":"it","label":"neutral"}
{"tweetid":493306621184212992,"ds_language":"it","language":"it","label":"neutral"}
{"tweetid":507523599423778817,"ds_language":"it","language":"it","label":"neutral"}
{"tweetid":499963241737748482,"ds_language":"it","language":"it","label":"neutral"}
{"tweetid":492649823892287490,"ds_language":"it","language":"it","label":"neutral"}
{"tweetid":429377741398765569,"ds_language":"it","language":"de","label":"neutral"}
{"tweetid":512503733813800960,"ds_language":"it","language":"UNKNOWN","label":"neutral"}
{"tweetid":486217359578116096,"ds_language":"it","language":"en","label":"neutral"}
{"tweetid":450213491803058176,"ds_language":"it","language":"hu","label":"positive"}
{"tweetid":506012435774709761,"ds_language":"it","language":"it","label":"neutral"}
{"tweetid":446011717714456577,"ds_language":"it","language":"it","label":"neutral"}
{"tweetid":490486645167493120,"ds_language":"it","language":"it","label":"neutral"}
{"tweetid":508264169356165120,"ds_language":"it","language":"it","label":"neutral"}
{"tweetid":480646061376417792,"ds_language":"it","language":"it","label":"neutral"}
{"tweetid":494480751321427968,"ds_language":"it","language":"it","label":"neutral"}
{"tweetid":511903193388032000,"ds_language":"it","language":"it","label":"neutral"}
{"tweetid":510914798528512000,"ds_language":"it","language":"it","label":"neutral"}
{"tweetid":509994524123598848,"ds_language":"it","language":"it","label":"neutral"}
{"tweetid":495520371618357248,"ds_language":"it","language":"it","label":"neutral"}
{"tweetid":456664319329972224,"ds_language":"it","language":"it","label":"neutral"}
{"tweetid":475920385180188673,"ds_language":"it","language":"it","label":"neutral"}
{"tweetid":496180531466612737,"ds_language":"it","language":"it","label":"neutral"}
{"tweetid":481908647564705792,"ds_language":"it","language":"it","label":"neutral"}
{"tweetid":510160434893434880,"ds_language":"it","language":"it","label":"neutral"}
{"tweetid":451640989611216896,"ds_language":"it","language":"af","label":"neutral"}
{"tweetid":471701045413167104,"ds_language":"it","language":"it","label":"neutral"}
{"tweetid":502494865767530496,"ds_language":"it","language":"it","label":"neutral"}
{"tweetid":502786784078884864,"ds_language":"it","language":"it","label":"neutral"}
{"tweetid":494365373915865089,"ds_language":"it","language":"it","label":"neutral"}
{"tweetid":486811499512750080,"ds_language":"it","language":"it","label":"neutral"}
{"tweetid":462865920164397056,"ds_language":"it","language":"ro","label":"neutral"}
{"tweetid":444463319097688064,"ds_language":"it","language":"en","label":"neutral"}
{"tweetid":501658288266952704,"ds_language":"it","language":"it","label":"neutral"}
{"tweetid":422299564016558080,"ds_language":"it","language":"it","label":"neutral"}
{"tweetid":493498268677324800,"ds_language":"it","language":"it","label":"positive"}
{"tweetid":509075393614446592,"ds_language":"it","language":"it","label":"neutral"}
{"tweetid":463995102336413696,"ds_language":"it","language":"it","label":"neutral"}
{"tweetid":471702572118859776,"ds_language":"it","language":"it","label":"neutral"}
{"tweetid":473693738238509056,"ds_language":"it","language":"it","label":"neutral"}
{"tweetid":510229838045933568,"ds_language":"it","language":"it","label":"neutral"}
{"tweetid":502444253642244097,"ds_language":"it","language":"it","label":"neutral"}
{"tweetid":440604265821011968,"ds_language":"it","language":"it","label":"positive"}
{"tweetid":480095814837370880,"ds_language":"it","language":"it","label":"neutral"}
{"tweetid":511899582075514880,"ds_language":"it","language":"it","label":"neutral"}
{"tweetid":511797545358876672,"ds_language":"it","language":"it","label":"neutral"}
{"tweetid":481537504982872065,"ds_language":"it","language":"it","label":"neutral"}
{"tweetid":490435613041364992,"ds_language":"it","language":"et","label":"neutral"}
{"tweetid":420933898605195264,"ds_language":"it","language":"it","label":"positive"}
{"tweetid":489513008767328258,"ds_language":"it","language":"fi","label":"neutral"}
{"tweetid":487841648735711232,"ds_language":"it","language":"it","label":"neutral"}
{"tweetid":477442871399038976,"ds_language":"it","language":"it","label":"neutral"}
{"tweetid":509935855113625600,"ds_language":"it","language":"it","label":"neutral"}
{"tweetid":435770250765041665,"ds_language":"it","language":"it","label":"neutral"}
{"tweetid":478105349841756160,"ds_language":"it","language":"it","label":"neutral"}
{"tweetid":469824916435771392,"ds_language":"it","language":"en","label":"neutral"}
{"tweetid":494964614158090241,"ds_language":"it","language":"it","label":"neutral"}
{"tweetid":446913094619369472,"ds_language":"it","language":"it","label":"neutral"}
{"tweetid":435071051903795201,"ds_language":"it","language":"it","label":"negative"}
{"tweetid":478621123211698177,"ds_language":"it","language":"it","label":"neutral"}
{"tweetid":467295235211804672,"ds_language":"it","language":"it","label":"neutral"}
{"tweetid":490073661379203073,"ds_language":"it","language":"it","label":"neutral"}
{"tweetid":475311586186637312,"ds_language":"it","language":"it","label":"neutral"}
{"tweetid":509002343161946112,"ds_language":"it","language":"it","label":"neutral"}
{"tweetid":492400434771161088,"ds_language":"it","language":"it","label":"neutral"}
{"tweetid":503192578251296768,"ds_language":"it","language":"it","label":"neutral"}
{"tweetid":512915109929582592,"ds_language":"it","language":"it","label":"neutral"}
{"tweetid":508225237142753281,"ds_language":"it","language":"it","label":"neutral"}
{"tweetid":460735150826196992,"ds_language":"it","language":"it","label":"neutral"}
{"tweetid":447328485930188800,"ds_language":"it","language":"it","label":"neutral"}
{"tweetid":493150330159255553,"ds_language":"it","language":"it","label":"neutral"}
{"tweetid":499180710499217408,"ds_language":"it","language":"it","label":"neutral"}
{"tweetid":480827683132026882,"ds_language":"it","language":"it","label":"neutral"}
{"tweetid":471564793447731200,"ds_language":"it","language":"it","label":"neutral"}
{"tweetid":468628608677076992,"ds_language":"it","language":"it","label":"neutral"}
{"tweetid":460403926659907585,"ds_language":"it","language":"it","label":"neutral"}
{"tweetid":511520400216301569,"ds_language":"it","language":"it","label":"neutral"}
{"tweetid":508044978946600960,"ds_language":"it","language":"et","label":"neutral"}
{"tweetid":457193388279078912,"ds_language":"it","language":"it","label":"neutral"}
{"tweetid":499206176232722432,"ds_language":"it","language":"it","label":"neutral"}
{"tweetid":512103256575983616,"ds_language":"it","language":"it","label":"neutral"}
{"tweetid":451340572591403008,"ds_language":"it","language":"it","label":"positive"}
{"tweetid":441970736505585664,"ds_language":"it","language":"cy","label":"positive"}
{"tweetid":467324595344007168,"ds_language":"it","language":"it","label":"neutral"}
{"tweetid":505492785974476800,"ds_language":"it","language":"it","label":"neutral"}
{"tweetid":499298119050604544,"ds_language":"it","language":"it","label":"neutral"}
{"tweetid":495568899937927168,"ds_language":"it","language":"it","label":"neutral"}
{"tweetid":496735325142929410,"ds_language":"it","language":"it","label":"neutral"}
{"tweetid":472060186887471105,"ds_language":"it","language":"it","label":"neutral"}
{"tweetid":460367390082338816,"ds_language":"it","language":"it","label":"neutral"}
{"tweetid":456326700297510913,"ds_language":"it","language":"it","label":"neutral"}
{"tweetid":503711017214693379,"ds_language":"it","language":"it","label":"neutral"}
{"tweetid":441806638585241600,"ds_language":"it","language":"ro","label":"negative"}
{"tweetid":512580617515851776,"ds_language":"it","language":"it","label":"neutral"}
{"tweetid":495605366269693952,"ds_language":"it","language":"it","label":"neutral"}
{"tweetid":504929659654782976,"ds_language":"it","language":"it","label":"neutral"}
{"tweetid":474663327109742594,"ds_language":"it","language":"it","label":"neutral"}
{"tweetid":501396411515424768,"ds_language":"it","language":"it","label":"neutral"}
{"tweetid":476105542768013313,"ds_language":"it","language":"it","label":"neutral"}
{"tweetid":497113935561379841,"ds_language":"it","language":"it","label":"neutral"}
{"tweetid":501128097899749376,"ds_language":"it","language":"it","label":"neutral"}
{"tweetid":453855556949016576,"ds_language":"it","language":"it","label":"neutral"}
{"tweetid":510734348405194752,"ds_language":"it","language":"it","label":"neutral"}
{"tweetid":500536244255080448,"ds_language":"it","language":"it","label":"neutral"}
{"tweetid":488441406047129600,"ds_language":"it","language":"no","label":"neutral"}
{"tweetid":446643686105833472,"ds_language":"it","language":"it","label":"neutral"}
{"tweetid":510953234857742336,"ds_language":"it","language":"it","label":"neutral"}
{"tweetid":493649544622923776,"ds_language":"it","language":"it","label":"neutral"}
{"tweetid":435691721448763392,"ds_language":"it","language":"it","label":"neutral"}
{"tweetid":506088867771211776,"ds_language":"it","language":"it","label":"neutral"}
{"tweetid":501991935582957569,"ds_language":"it","language":"lt","label":"neutral"}
{"tweetid":457776824345718784,"ds_language":"it","language":"it","label":"neutral"}
{"tweetid":492435318789120000,"ds_language":"it","language":"it","label":"neutral"}
{"tweetid":513040864797790208,"ds_language":"it","language":"it","label":"neutral"}
{"tweetid":473209786881024000,"ds_language":"it","language":"it","label":"neutral"}
{"tweetid":512124864035954688,"ds_language":"it","language":"it","label":"neutral"}
{"tweetid":513011199739723776,"ds_language":"it","language":"it","label":"neutral"}
{"tweetid":510902556303052800,"ds_language":"it","language":"it","label":"neutral"}
{"tweetid":428503090606903296,"ds_language":"it","language":"it","label":"neutral"}
{"tweetid":456017494168588289,"ds_language":"it","language":"it","label":"neutral"}
{"tweetid":511778303775342592,"ds_language":"it","language":"it","label":"neutral"}
{"tweetid":453420125291806720,"ds_language":"it","language":"it","label":"neutral"}
{"tweetid":492376304940244992,"ds_language":"it","language":"it","label":"neutral"}
{"tweetid":500539322609975297,"ds_language":"it","language":"it","label":"neutral"}
{"tweetid":488302138360344576,"ds_language":"it","language":"it","label":"neutral"}
{"tweetid":459286736032784384,"ds_language":"it","language":"ro","label":"neutral"}
{"tweetid":497295525356765184,"ds_language":"it","language":"it","label":"neutral"}
{"tweetid":512956293095907328,"ds_language":"it","language":"it","label":"neutral"}
{"tweetid":511562278995775488,"ds_language":"it","language":"it","label":"negative"}
{"tweetid":511219847792181248,"ds_language":"it","language":"it","label":"neutral"}
{"tweetid":493101357499703296,"ds_language":"it","language":"it","label":"neutral"}
{"tweetid":507910450852659200,"ds_language":"it","language":"it","label":"neutral"}
{"tweetid":497459260331397120,"ds_language":"it","language":"cy","label":"neutral"}
{"tweetid":498804466934906880,"ds_language":"it","language":"it","label":"neutral"}
{"tweetid":501050712810598400,"ds_language":"it","language":"it","label":"neutral"}
{"tweetid":465239569110413312,"ds_language":"it","language":"it","label":"neutral"}
{"tweetid":462603549680336896,"ds_language":"it","language":"it","label":"neutral"}
{"tweetid":479267016164249600,"ds_language":"it","language":"it","label":"neutral"}
{"tweetid":501124227828043776,"ds_language":"it","language":"it","label":"neutral"}
{"tweetid":421256327344975872,"ds_language":"it","language":"it","label":"neutral"}
{"tweetid":442933660623593472,"ds_language":"it","language":"it","label":"neutral"}
{"tweetid":496418582180659200,"ds_language":"it","language":"it","label":"neutral"}
{"tweetid":503096035796082688,"ds_language":"it","language":"it","label":"neutral"}
{"tweetid":499491885065715712,"ds_language":"it","language":"it","label":"neutral"}
{"tweetid":444848158808756224,"ds_language":"it","language":"it","label":"neutral"}
{"tweetid":435429765571686401,"ds_language":"it","language":"it","label":"neutral"}
{"tweetid":420908179137249280,"ds_language":"it","language":"et","label":"neutral"}
{"tweetid":446739957965946880,"ds_language":"it","language":"et","label":"neutral"}
{"tweetid":488797896708747264,"ds_language":"it","language":"it","label":"neutral"}
{"tweetid":497834738603016192,"ds_language":"it","language":"it","label":"positive"}
{"tweetid":490918075441897472,"ds_language":"it","language":"it","label":"neutral"}
{"tweetid":486570071201181698,"ds_language":"it","language":"it","label":"neutral"}
{"tweetid":422041182307622912,"ds_language":"it","language":"it","label":"neutral"}
{"tweetid":501802176885555200,"ds_language":"it","language":"it","label":"neutral"}
{"tweetid":499570433851928576,"ds_language":"it","language":"it","label":"neutral"}
{"tweetid":513290892179148800,"ds_language":"it","language":"it","label":"neutral"}
{"tweetid":496579641180979200,"ds_language":"it","language":"it","label":"neutral"}
{"tweetid":477498215261290496,"ds_language":"it","language":"it","label":"neutral"}
{"tweetid":434689265403183104,"ds_language":"it","language":"it","label":"neutral"}
{"tweetid":475834653631586304,"ds_language":"it","language":"it","label":"neutral"}
{"tweetid":431966679766401024,"ds_language":"it","language":"it","label":"neutral"}
{"tweetid":507803264025247744,"ds_language":"it","language":"it","label":"neutral"}
{"tweetid":470692113974579200,"ds_language":"it","language":"it","label":"neutral"}
{"tweetid":513233375360851968,"ds_language":"it","language":"it","label":"neutral"}
{"tweetid":444123244921368576,"ds_language":"it","language":"it","label":"neutral"}
{"tweetid":470913390819684352,"ds_language":"it","language":"it","label":"neutral"}
{"tweetid":511593690671108096,"ds_language":"it","language":"it","label":"neutral"}
{"tweetid":444519065587957760,"ds_language":"it","language":"it","label":"positive"}
{"tweetid":490767604781686784,"ds_language":"it","language":"en","label":"neutral"}
{"tweetid":472079786840711168,"ds_language":"it","language":"it","label":"neutral"}
{"tweetid":509974651347693568,"ds_language":"it","language":"it","label":"neutral"}
{"tweetid":509991045946683392,"ds_language":"it","language":"it","label":"neutral"}
{"tweetid":497479837574258688,"ds_language":"it","language":"en","label":"neutral"}
{"tweetid":506680874503778304,"ds_language":"it","language":"it","label":"neutral"}
{"tweetid":497993819154296832,"ds_language":"it","language":"it","label":"neutral"}
{"tweetid":510468558263185408,"ds_language":"it","language":"it","label":"neutral"}
{"tweetid":462924648817381376,"ds_language":"it","language":"en","label":"neutral"}
{"tweetid":507828347356086273,"ds_language":"it","language":"it","label":"neutral"}
{"tweetid":466972642915143682,"ds_language":"it","language":"de","label":"neutral"}
{"tweetid":499569142031478784,"ds_language":"it","language":"it","label":"neutral"}
{"tweetid":512554198790316032,"ds_language":"it","language":"it","label":"neutral"}
{"tweetid":460010920379686912,"ds_language":"it","language":"it","label":"neutral"}
{"tweetid":485835363353919489,"ds_language":"it","language":"ro","label":"neutral"}
{"tweetid":468460647769194496,"ds_language":"it","language":"it","label":"neutral"}
{"tweetid":444440342730117120,"ds_language":"it","language":"it","label":"neutral"}
{"tweetid":505251989367042048,"ds_language":"it","language":"it","label":"neutral"}
{"tweetid":502759352680607744,"ds_language":"it","language":"it","label":"neutral"}
{"tweetid":491495337505607680,"ds_language":"it","language":"it","label":"neutral"}
{"tweetid":484016792814510081,"ds_language":"it","language":"de","label":"neutral"}
{"tweetid":419433835160281088,"ds_language":"it","language":"it","label":"negative"}
{"tweetid":458916785832873984,"ds_language":"it","language":"it","label":"neutral"}
{"tweetid":478101326791180288,"ds_language":"it","language":"it","label":"neutral"}
{"tweetid":504026919613263872,"ds_language":"it","language":"it","label":"neutral"}
{"tweetid":470671264093597696,"ds_language":"it","language":"it","label":"neutral"}
{"tweetid":506047905065873409,"ds_language":"it","language":"it","label":"neutral"}
{"tweetid":441274881016340480,"ds_language":"it","language":"es","label":"neutral"}
{"tweetid":494465932862181376,"ds_language":"it","language":"it","label":"neutral"}
{"tweetid":455003621827297283,"ds_language":"it","language":"it","label":"neutral"}
{"tweetid":509318423453892608,"ds_language":"it","language":"it","label":"neutral"}
{"tweetid":487171924452048896,"ds_language":"it","language":"da","label":"neutral"}
{"tweetid":481643823387672576,"ds_language":"it","language":"it","label":"neutral"}
{"tweetid":493483668300902400,"ds_language":"it","language":"it","label":"neutral"}
{"tweetid":509270915289341952,"ds_language":"it","language":"it","label":"neutral"}
{"tweetid":498580792046792704,"ds_language":"it","language":"it","label":"neutral"}
{"tweetid":509340136686243840,"ds_language":"it","language":"it","label":"neutral"}
{"tweetid":500233998426464256,"ds_language":"it","language":"it","label":"neutral"}
{"tweetid":494734090097426432,"ds_language":"it","language":"it","label":"neutral"}
{"tweetid":512553146913411073,"ds_language":"it","language":"it","label":"neutral"}
{"tweetid":432120996574003200,"ds_language":"it","language":"it","label":"neutral"}
{"tweetid":498487979707748353,"ds_language":"it","language":"it","label":"neutral"}
{"tweetid":508234986307481600,"ds_language":"it","language":"it","label":"neutral"}
{"tweetid":499515803067482113,"ds_language":"it","language":"en","label":"neutral"}
{"tweetid":477942907941683200,"ds_language":"it","language":"it","label":"neutral"}
{"tweetid":484056873591930880,"ds_language":"it","language":"it","label":"neutral"}
{"tweetid":494858271736737792,"ds_language":"it","language":"it","label":"neutral"}
{"tweetid":510045548746145793,"ds_language":"it","language":"it","label":"neutral"}
{"tweetid":499162504267055104,"ds_language":"it","language":"it","label":"neutral"}
{"tweetid":501409049733525504,"ds_language":"it","language":"it","label":"neutral"}
{"tweetid":492793680101916673,"ds_language":"it","language":"it","label":"neutral"}
{"tweetid":487862894252810240,"ds_language":"it","language":"it","label":"neutral"}
{"tweetid":513333718141140993,"ds_language":"it","language":"it","label":"neutral"}
{"tweetid":489300927976054784,"ds_language":"it","language":"it","label":"neutral"}
{"tweetid":481613545361387520,"ds_language":"it","language":"it","label":"neutral"}
{"tweetid":502112381913559040,"ds_language":"it","language":"it","label":"neutral"}
{"tweetid":439006676415303680,"ds_language":"it","language":"it","label":"neutral"}
{"tweetid":510490514052116480,"ds_language":"it","language":"it","label":"neutral"}
{"tweetid":507077936034623488,"ds_language":"it","language":"it","label":"neutral"}
{"tweetid":474912024192090112,"ds_language":"it","language":"it","label":"neutral"}
{"tweetid":505705806751596545,"ds_language":"it","language":"it","label":"neutral"}
{"tweetid":498874746713677824,"ds_language":"it","language":"it","label":"neutral"}
{"tweetid":421219501381021696,"ds_language":"it","language":"it","label":"neutral"}
{"tweetid":500217800972320768,"ds_language":"it","language":"it","label":"neutral"}
{"tweetid":506829746484047872,"ds_language":"it","language":"it","label":"neutral"}
{"tweetid":497258860642828288,"ds_language":"it","language":"it","label":"neutral"}
{"tweetid":498773964945391616,"ds_language":"it","language":"it","label":"neutral"}
{"tweetid":486975203202043908,"ds_language":"it","language":"it","label":"neutral"}
{"tweetid":481806142944079873,"ds_language":"it","language":"en","label":"neutral"}
{"tweetid":506924253854593025,"ds_language":"it","language":"it","label":"neutral"}
{"tweetid":509647881947873280,"ds_language":"it","language":"it","label":"neutral"}
{"tweetid":445163050639712256,"ds_language":"it","language":"it","label":"positive"}
{"tweetid":499914737149550593,"ds_language":"it","language":"it","label":"neutral"}
{"tweetid":479544150610956288,"ds_language":"it","language":"it","label":"neutral"}
{"tweetid":495520422310707200,"ds_language":"it","language":"it","label":"neutral"}
{"tweetid":510389859308285952,"ds_language":"it","language":"it","label":"neutral"}
{"tweetid":474410154721816576,"ds_language":"it","language":"fi","label":"neutral"}
{"tweetid":501821286151380992,"ds_language":"it","language":"es","label":"neutral"}
{"tweetid":473195526239035392,"ds_language":"it","language":"it","label":"neutral"}
{"tweetid":495712096240168960,"ds_language":"it","language":"it","label":"neutral"}
{"tweetid":496691791937437696,"ds_language":"it","language":"it","label":"neutral"}
{"tweetid":501680735020126208,"ds_language":"it","language":"it","label":"neutral"}
{"tweetid":421265215062560768,"ds_language":"it","language":"da","label":"neutral"}
{"tweetid":497259217158668288,"ds_language":"it","language":"pl","label":"neutral"}
{"tweetid":484044886266884096,"ds_language":"it","language":"it","label":"neutral"}
{"tweetid":473791486518394880,"ds_language":"it","language":"it","label":"neutral"}
{"tweetid":449825413817458689,"ds_language":"it","language":"en","label":"positive"}
{"tweetid":435396924183937024,"ds_language":"it","language":"it","label":"neutral"}
{"tweetid":511248965841731585,"ds_language":"it","language":"it","label":"neutral"}
{"tweetid":466115184587984896,"ds_language":"it","language":"it","label":"neutral"}
{"tweetid":511207047963365376,"ds_language":"it","language":"it","label":"neutral"}
{"tweetid":460431179494461440,"ds_language":"it","language":"ro","label":"neutral"}
{"tweetid":444901489677725697,"ds_language":"it","language":"it","label":"positive"}
{"tweetid":501087767880036352,"ds_language":"it","language":"it","label":"neutral"}
{"tweetid":504959700920979456,"ds_language":"it","language":"it","label":"neutral"}
{"tweetid":495579301950283777,"ds_language":"it","language":"it","label":"neutral"}
{"tweetid":428308231631675392,"ds_language":"it","language":"it","label":"neutral"}
{"tweetid":494889670313254912,"ds_language":"it","language":"it","label":"neutral"}
{"tweetid":505630827762688000,"ds_language":"it","language":"it","label":"neutral"}
{"tweetid":443372032521408512,"ds_language":"it","language":"it","label":"neutral"}
{"tweetid":502483192197435395,"ds_language":"it","language":"it","label":"neutral"}
{"tweetid":506868425353068545,"ds_language":"it","language":"it","label":"neutral"}
{"tweetid":440323667252502528,"ds_language":"it","language":"it","label":"neutral"}
{"tweetid":508570525548179456,"ds_language":"it","language":"it","label":"neutral"}
{"tweetid":486804620841594880,"ds_language":"it","language":"it","label":"neutral"}
{"tweetid":441667291215056897,"ds_language":"it","language":"it","label":"neutral"}
