{"tweetid":434840843334463488,"ds_language":"es","language":"en","label":"neutral"}
{"tweetid":434116361216729088,"ds_language":"es","language":"es","label":"neutral"}
{"tweetid":459480013772177408,"ds_language":"es","language":"es","label":"neutral"}
{"tweetid":438517784465506306,"ds_language":"es","language":"es","label":"neutral"}
{"tweetid":472224309982019584,"ds_language":"es","language":"es","label":"neutral"}
{"tweetid":508019506942205952,"ds_language":"es","language":"es","label":"neutral"}
{"tweetid":474434590744928256,"ds_language":"es","language":"es","label":"neutral"}
{"tweetid":480135555846766592,"ds_language":"es","language":"es","label":"neutral"}
{"tweetid":451420369225003008,"ds_language":"es","language":"pl","label":"neutral"}
{"tweetid":448233578967887872,"ds_language":"es","language":"ca","label":"neutral"}
{"tweetid":444237486915854337,"ds_language":"es","language":"it","label":"neutral"}
{"tweetid":453674706944921600,"ds_language":"es","language":"pt","label":"neutral"}
{"tweetid":487670681736196096,"ds_language":"es","language":"es","label":"neutral"}
{"tweetid":443148861964820480,"ds_language":"es","language":"es","label":"neutral"}
{"tweetid":433327735604535297,"ds_language":"es","language":"es","label":"neutral"}
{"tweetid":453669896095039490,"ds_language":"es","language":"es","label":"neutral"}
{"tweetid":457414218384293888,"ds_language":"es","language":"es","label":"neutral"}
{"tweetid":500986594485346305,"ds_language":"es","language":"sl","label":"positive"}
{"tweetid":504032862950400000,"ds_language":"es","language":"es","label":"neutral"}
{"tweetid":509412779259068416,"ds_language":"es","language":"es","label":"neutral"}
{"tweetid":506896696778170368,"ds_language":"es","language":"es","label":"neutral"}
{"tweetid":472088066400989186,"ds_language":"es","language":"es","label":"neutral"}
{"tweetid":432654507844329472,"ds_language":"es","language":"es","label":"neutral"}
{"tweetid":456547285103423489,"ds_language":"es","language":"pt","label":"neutral"}
{"tweetid":437908374479720448,"ds_language":"es","language":"it","label":"neutral"}
{"tweetid":468836470002679808,"ds_language":"es","language":"es","label":"neutral"}
{"tweetid":469346496270573568,"ds_language":"es","language":"es","label":"neutral"}
{"tweetid":441600090067963904,"ds_language":"es","language":"ro","label":"neutral"}
{"tweetid":450945494316240896,"ds_language":"es","language":"es","label":"neutral"}
{"tweetid":463687403988062209,"ds_language":"es","language":"es","label":"neutral"}
{"tweetid":488353493451694081,"ds_language":"es","language":"it","label":"neutral"}
{"tweetid":467820118840721408,"ds_language":"es","language":"es","label":"neutral"}
{"tweetid":454253490219798528,"ds_language":"es","language":"es","label":"neutral"}
{"tweetid":472725525124108289,"ds_language":"es","language":"es","label":"neutral"}
{"tweetid":445137008206548992,"ds_language":"es","language":"es","label":"neutral"}
{"tweetid":487246402699808768,"ds_language":"es","language":"es","label":"neutral"}
{"tweetid":454055772066816000,"ds_language":"es","language":"es","label":"neutral"}
{"tweetid":488461399166029824,"ds_language":"es","language":"es","label":"neutral"}
{"tweetid":439061588222685184,"ds_language":"es","language":"fi","label":"neutral"}
{"tweetid":470331649876828161,"ds_language":"es","language":"pt","label":"neutral"}
{"tweetid":477776515699343360,"ds_language":"es","language":"es","label":"neutral"}
{"tweetid":489972851295133696,"ds_language":"es","language":"lv","label":"neutral"}
{"tweetid":486280788032638976,"ds_language":"es","language":"pt","label":"neutral"}
{"tweetid":481231837872672769,"ds_language":"es","language":"es","label":"positive"}
{"tweetid":483745098396868608,"ds_language":"es","language":"es","label":"neutral"}
{"tweetid":475637645876658176,"ds_language":"es","language":"it","label":"neutral"}
{"tweetid":489907738911469568,"ds_language":"es","language":"es","label":"neutral"}
{"tweetid":455133083239718912,"ds_language":"es","language":"id","label":"neutral"}
{"tweetid":480022884275220480,"ds_language":"es","language":"es","label":"neutral"}
{"tweetid":463647211566682112,"ds_language":"es","language":"pt","label":"neutral"}
{"tweetid":478614212970041345,"ds_language":"es","language":"es","label":"neutral"}
{"tweetid":467763456771649536,"ds_language":"es","language":"es","label":"neutral"}
{"tweetid":501241159357042688,"ds_language":"es","language":"de","label":"neutral"}
{"tweetid":436082906768084993,"ds_language":"es","language":"vi","label":"neutral"}
{"tweetid":502238829605302272,"ds_language":"es","language":"es","label":"neutral"}
{"tweetid":444218979931144192,"ds_language":"es","language":"es","label":"neutral"}
{"tweetid":487159626744750080,"ds_language":"es","language":"es","label":"neutral"}
{"tweetid":453360134153326592,"ds_language":"es","language":"sl","label":"neutral"}
{"tweetid":456075483914846208,"ds_language":"es","language":"it","label":"neutral"}
{"tweetid":459293396591726592,"ds_language":"es","language":"es","label":"neutral"}
{"tweetid":451660522489118720,"ds_language":"es","language":"es","label":"neutral"}
{"tweetid":476773854766198784,"ds_language":"es","language":"tl","label":"neutral"}
{"tweetid":439722384049078272,"ds_language":"es","language":"es","label":"neutral"}
{"tweetid":470907667628957696,"ds_language":"es","language":"es","label":"neutral"}
{"tweetid":482483594360025088,"ds_language":"es","language":"es","label":"neutral"}
{"tweetid":511160304664064001,"ds_language":"es","language":"es","label":"positive"}
{"tweetid":481446678512156672,"ds_language":"es","language":"es","label":"neutral"}
{"tweetid":510891267207995392,"ds_language":"es","language":"es","label":"neutral"}
{"tweetid":436583052345892864,"ds_language":"es","language":"es","label":"neutral"}
{"tweetid":506174034158297088,"ds_language":"es","language":"es","label":"neutral"}
{"tweetid":449013899862761474,"ds_language":"es","language":"es","label":"neutral"}
{"tweetid":439217339503214592,"ds_language":"es","language":"es","label":"neutral"}
{"tweetid":442018274772283393,"ds_language":"es","language":"lt","label":"neutral"}
{"tweetid":455263714812641280,"ds_language":"es","language":"es","label":"neutral"}
{"tweetid":507618376986816512,"ds_language":"es","language":"es","label":"positive"}
{"tweetid":460102117127376896,"ds_language":"es","language":"es","label":"neutral"}
{"tweetid":458783557972799488,"ds_language":"es","language":"es","label":"neutral"}
{"tweetid":485224324547506177,"ds_language":"es","language":"es","label":"neutral"}
{"tweetid":470043218055557123,"ds_language":"es","language":"it","label":"neutral"}
{"tweetid":478907170067451904,"ds_language":"es","language":"es","label":"neutral"}
{"tweetid":463503034954575872,"ds_language":"es","language":"es","label":"neutral"}
{"tweetid":442166958637973504,"ds_language":"es","language":"es","label":"neutral"}
{"tweetid":433517175530590209,"ds_language":"es","language":"es","label":"neutral"}
{"tweetid":436511237506342912,"ds_language":"es","language":"pt","label":"neutral"}
{"tweetid":471863197209616384,"ds_language":"es","language":"es","label":"neutral"}
{"tweetid":460842298545541120,"ds_language":"es","language":"it","label":"neutral"}
{"tweetid":475394071423614977,"ds_language":"es","language":"es","label":"neutral"}
{"tweetid":451069184315650048,"ds_language":"es","language":"es","label":"neutral"}
{"tweetid":452065558029414400,"ds_language":"es","language":"en","label":"neutral"}
{"tweetid":477863975334707200,"ds_language":"es","language":"es","label":"neutral"}
{"tweetid":469830708769603585,"ds_language":"es","language":"es","label":"neutral"}
{"tweetid":444889296815001600,"ds_language":"es","language":"es","label":"neutral"}
{"tweetid":467000522453839874,"ds_language":"es","language":"pt","label":"neutral"}
{"tweetid":435656052453806080,"ds_language":"es","language":"es","label":"neutral"}
{"tweetid":481164452185014272,"ds_language":"es","language":"es","label":"neutral"}
{"tweetid":441301107500154880,"ds_language":"es","language":"es","label":"neutral"}
{"tweetid":451820384183021568,"ds_language":"es","language":"es","label":"neutral"}
{"tweetid":502300757987979264,"ds_language":"es","language":"nl","label":"neutral"}
{"tweetid":444194820744314881,"ds_language":"es","language":"es","label":"neutral"}
{"tweetid":437028483253141505,"ds_language":"es","language":"es","label":"neutral"}
{"tweetid":451171193991991297,"ds_language":"es","language":"es","label":"neutral"}
{"tweetid":486631878435143680,"ds_language":"es","language":"es","label":"neutral"}
{"tweetid":446004226699702272,"ds_language":"es","language":"es","label":"neutral"}
{"tweetid":509565573538521090,"ds_language":"es","language":"es","label":"neutral"}
{"tweetid":438108466213707776,"ds_language":"es","language":"es","label":"neutral"}
{"tweetid":455631655961513984,"ds_language":"es","language":"en","label":"neutral"}
{"tweetid":486976855757828096,"ds_language":"es","language":"es","label":"neutral"}
{"tweetid":449219513058205697,"ds_language":"es","language":"es","label":"neutral"}
{"tweetid":441232400614699008,"ds_language":"es","language":"es","label":"neutral"}
{"tweetid":479369344602750978,"ds_language":"es","language":"es","label":"neutral"}
{"tweetid":447802199007965184,"ds_language":"es","language":"es","label":"neutral"}
{"tweetid":457445801477033984,"ds_language":"es","language":"sw","label":"neutral"}
{"tweetid":489823476409438208,"ds_language":"es","language":"es","label":"neutral"}
{"tweetid":441428626903695360,"ds_language":"es","language":"es","label":"neutral"}
{"tweetid":472022723578044416,"ds_language":"es","language":"es","label":"neutral"}
{"tweetid":489590813127495680,"ds_language":"es","language":"es","label":"neutral"}
{"tweetid":443033636070522880,"ds_language":"es","language":"es","label":"neutral"}
{"tweetid":489743741616263169,"ds_language":"es","language":"es","label":"neutral"}
{"tweetid":446449473037012993,"ds_language":"es","language":"pt","label":"neutral"}
{"tweetid":490732783686266880,"ds_language":"es","language":"es","label":"neutral"}
{"tweetid":486819191862099968,"ds_language":"es","language":"es","label":"neutral"}
{"tweetid":465054520591257600,"ds_language":"es","language":"es","label":"neutral"}
{"tweetid":437987288560443392,"ds_language":"es","language":"es","label":"neutral"}
{"tweetid":468072028717989889,"ds_language":"es","language":"lt","label":"neutral"}
{"tweetid":488733669339586562,"ds_language":"es","language":"es","label":"neutral"}
{"tweetid":434930903434145792,"ds_language":"es","language":"en","label":"neutral"}
{"tweetid":445955262382604288,"ds_language":"es","language":"es","label":"neutral"}
{"tweetid":468186461897236481,"ds_language":"es","language":"es","label":"neutral"}
{"tweetid":441982639944134657,"ds_language":"es","language":"es","label":"neutral"}
{"tweetid":467153014785310720,"ds_language":"es","language":"es","label":"neutral"}
{"tweetid":506286286333034496,"ds_language":"es","language":"es","label":"neutral"}
{"tweetid":479336691925151744,"ds_language":"es","language":"en","label":"neutral"}
{"tweetid":474543290357141504,"ds_language":"es","language":"es","label":"positive"}
{"tweetid":465881570243772416,"ds_language":"es","language":"es","label":"neutral"}
{"tweetid":453355763688558592,"ds_language":"es","language":"no","label":"neutral"}
{"tweetid":448990915068461057,"ds_language":"es","language":"es","label":"neutral"}
{"tweetid":458286084162863104,"ds_language":"es","language":"pt","label":"neutral"}
{"tweetid":444663400011145216,"ds_language":"es","language":"es","label":"neutral"}
{"tweetid":436706331362213889,"ds_language":"es","language":"es","label":"neutral"}
{"tweetid":445380793742139392,"ds_language":"es","language":"es","label":"neutral"}
{"tweetid":488934126364676096,"ds_language":"es","language":"es","label":"neutral"}
{"tweetid":476494065328852992,"ds_language":"es","language":"es","label":"neutral"}
{"tweetid":437288676885004288,"ds_language":"es","language":"es","label":"neutral"}
{"tweetid":468457805800669185,"ds_language":"es","language":"pt","label":"neutral"}
{"tweetid":451434160096575489,"ds_language":"es","language":"es","label":"neutral"}
{"tweetid":455136677736902656,"ds_language":"es","language":"es","label":"neutral"}
{"tweetid":473462363661033474,"ds_language":"es","language":"pt","label":"neutral"}
{"tweetid":437309410524684288,"ds_language":"es","language":"it","label":"neutral"}
{"tweetid":485950744428679170,"ds_language":"es","language":"es","label":"neutral"}
{"tweetid":433647727428112384,"ds_language":"es","language":"es","label":"neutral"}
{"tweetid":452033484437991424,"ds_language":"es","language":"pt","label":"neutral"}
{"tweetid":489228861465718785,"ds_language":"es","language":"es","label":"neutral"}
{"tweetid":471622205051510784,"ds_language":"es","language":"es","label":"neutral"}
{"tweetid":510990357635813376,"ds_language":"es","language":"es","label":"neutral"}
{"tweetid":432371149075677184,"ds_language":"es","language":"es","label":"neutral"}
{"tweetid":458398021727059968,"ds_language":"es","language":"lv","label":"neutral"}
{"tweetid":444841945895301120,"ds_language":"es","language":"es","label":"neutral"}
{"tweetid":437718219785531392,"ds_language":"es","language":"ca","label":"neutral"}
{"tweetid":487278623330541568,"ds_language":"es","language":"es","label":"neutral"}
{"tweetid":470275036558155776,"ds_language":"es","language":"es","label":"neutral"}
{"tweetid":475452938388000768,"ds_language":"es","language":"es","label":"neutral"}
{"tweetid":444117817520947202,"ds_language":"es","language":"es","label":"neutral"}
{"tweetid":438866456613486593,"ds_language":"es","language":"en","label":"neutral"}
{"tweetid":438088761357131778,"ds_language":"es","language":"es","label":"neutral"}
{"tweetid":452863750853640193,"ds_language":"es","language":"es","label":"neutral"}
{"tweetid":477427740229263360,"ds_language":"es","language":"es","label":"neutral"}
{"tweetid":486407617401462784,"ds_language":"es","language":"es","label":"neutral"}
{"tweetid":457208122063323136,"ds_language":"es","language":"es","label":"negative"}
{"tweetid":488618314420473856,"ds_language":"es","language":"es","label":"neutral"}
{"tweetid":438676765050150912,"ds_language":"es","language":"es","label":"neutral"}
{"tweetid":450329900504055809,"ds_language":"es","language":"et","label":"neutral"}
{"tweetid":439233680523796480,"ds_language":"es","language":"es","label":"neutral"}
{"tweetid":440191261107306496,"ds_language":"es","language":"ro","label":"neutral"}
{"tweetid":507141513294663680,"ds_language":"es","language":"es","label":"neutral"}
{"tweetid":451172343230910464,"ds_language":"es","language":"es","label":"neutral"}
{"tweetid":507886858265952257,"ds_language":"es","language":"es","label":"neutral"}
{"tweetid":489100654187909120,"ds_language":"es","language":"es","label":"neutral"}
{"tweetid":505452286743965696,"ds_language":"es","language":"pt","label":"neutral"}
{"tweetid":435963926946516992,"ds_language":"es","language":"es","label":"neutral"}
{"tweetid":450668833049939968,"ds_language":"es","language":"es","label":"neutral"}
{"tweetid":490951520825798656,"ds_language":"es","language":"es","label":"neutral"}
{"tweetid":466973553066127360,"ds_language":"es","language":"lt","label":"neutral"}
{"tweetid":436420615806148608,"ds_language":"es","language":"es","label":"neutral"}
{"tweetid":478671163170623488,"ds_language":"es","language":"es","label":"neutral"}
{"tweetid":482134632431767552,"ds_language":"es","language":"es","label":"neutral"}
{"tweetid":507881749217439744,"ds_language":"es","language":"es","label":"neutral"}
{"tweetid":478527515678748672,"ds_language":"es","language":"pt","label":"neutral"}
{"tweetid":435521138459172864,"ds_language":"es","language":"en","label":"neutral"}
{"tweetid":450377862361907200,"ds_language":"es","language":"es","label":"neutral"}
{"tweetid":443731056525836288,"ds_language":"es","language":"en","label":"neutral"}
{"tweetid":465494947677089792,"ds_language":"es","language":"es","label":"positive"}
{"tweetid":488472318059225088,"ds_language":"es","language":"es","label":"neutral"}
{"tweetid":487731301974159361,"ds_language":"es","language":"sk","label":"neutral"}
{"tweetid":467440513336246272,"ds_language":"es","language":"es","label":"neutral"}
{"tweetid":456784405877387264,"ds_language":"es","language":"es","label":"neutral"}
{"tweetid":459512947417444352,"ds_language":"es","language":"id","label":"neutral"}
{"tweetid":470673545790763008,"ds_language":"es","language":"es","label":"neutral"}
{"tweetid":476783287743299584,"ds_language":"es","language":"es","label":"neutral"}
{"tweetid":463486232568164353,"ds_language":"es","language":"it","label":"neutral"}
{"tweetid":478414377075224577,"ds_language":"es","language":"da","label":"neutral"}
{"tweetid":463021287250886656,"ds_language":"es","language":"es","label":"neutral"}
{"tweetid":478522099372281856,"ds_language":"es","language":"es","label":"neutral"}
{"tweetid":479404350260142080,"ds_language":"es","language":"es","label":"neutral"}
{"tweetid":468427613816770562,"ds_language":"es","language":"es","label":"neutral"}
{"tweetid":474941262672326657,"ds_language":"es","language":"es","label":"positive"}
{"tweetid":433041583400054784,"ds_language":"es","language":"es","label":"neutral"}
{"tweetid":471750760481718272,"ds_language":"es","language":"es","label":"neutral"}
{"tweetid":474707602207948801,"ds_language":"es","language":"da","label":"neutral"}
{"tweetid":447779151307886593,"ds_language":"es","language":"es","label":"neutral"}
{"tweetid":459068987741974528,"ds_language":"es","language":"pt","label":"neutral"}
{"tweetid":438014783116554240,"ds_language":"es","language":"es","label":"neutral"}
{"tweetid":509836760487329792,"ds_language":"es","language":"es","label":"neutral"}
{"tweetid":490494798894489600,"ds_language":"es","language":"id","label":"neutral"}
{"tweetid":433797657019318272,"ds_language":"es","language":"pt","label":"neutral"}
{"tweetid":452495579046633472,"ds_language":"es","language":"es","label":"neutral"}
{"tweetid":456883307553124354,"ds_language":"es","language":"es","label":"neutral"}
{"tweetid":466143315789099008,"ds_language":"es","language":"es","label":"neutral"}
{"tweetid":511958738572701697,"ds_language":"es","language":"so","label":"neutral"}
{"tweetid":480100525032353792,"ds_language":"es","language":"es","label":"neutral"}
{"tweetid":474089936388648960,"ds_language":"es","language":"es","label":"neutral"}
{"tweetid":434801421083754497,"ds_language":"es","language":"es","label":"neutral"}
{"tweetid":437331106472689665,"ds_language":"es","language":"sw","label":"neutral"}
{"tweetid":464110567306067968,"ds_language":"es","language":"es","label":"neutral"}
{"tweetid":446412374409760768,"ds_language":"es","language":"es","label":"neutral"}
{"tweetid":457936103019126785,"ds_language":"es","language":"sl","label":"neutral"}
{"tweetid":467773922755493888,"ds_language":"es","language":"es","label":"neutral"}
{"tweetid":489853217162153984,"ds_language":"es","language":"ro","label":"neutral"}
{"tweetid":457063083832532992,"ds_language":"es","language":"ca","label":"neutral"}
{"tweetid":505850577822441473,"ds_language":"es","language":"fi","label":"neutral"}
{"tweetid":481823985512873984,"ds_language":"es","language":"es","label":"neutral"}
{"tweetid":477212855776083968,"ds_language":"es","language":"es","label":"neutral"}
{"tweetid":457288687059890176,"ds_language":"es","language":"sl","label":"neutral"}
{"tweetid":438736437404790784,"ds_language":"es","language":"es","label":"neutral"}
{"tweetid":448312549319397376,"ds_language":"es","language":"es","label":"neutral"}
{"tweetid":434372987610218496,"ds_language":"es","language":"es","label":"neutral"}
{"tweetid":455043287360237569,"ds_language":"es","language":"es","label":"neutral"}
{"tweetid":467677785109319680,"ds_language":"es","language":"es","label":"neutral"}
{"tweetid":480160637797289984,"ds_language":"es","language":"es","label":"positive"}
{"tweetid":452843148427812864,"ds_language":"es","language":"id","label":"neutral"}
{"tweetid":454487076533448704,"ds_language":"es","language":"es","label":"neutral"}
{"tweetid":439919935771664384,"ds_language":"es","language":"ca","label":"neutral"}
{"tweetid":444104148288823296,"ds_language":"es","language":"es","label":"neutral"}
{"tweetid":484835567096823808,"ds_language":"es","language":"es","label":"neutral"}
{"tweetid":481733208196018176,"ds_language":"es","language":"es","label":"neutral"}
{"tweetid":463362911633932288,"ds_language":"es","language":"en","label":"neutral"}
{"tweetid":471757219705655296,"ds_language":"es","language":"es","label":"neutral"}
{"tweetid":446122376041078784,"ds_language":"es","language":"ca","label":"neutral"}
{"tweetid":482518927176912896,"ds_language":"es","language":"en","label":"neutral"}
{"tweetid":477681871229562880,"ds_language":"es","language":"es","label":"neutral"}
{"tweetid":449743826224414720,"ds_language":"es","language":"es","label":"neutral"}
{"tweetid":463460366320533505,"ds_language":"es","language":"es","label":"neutral"}
{"tweetid":455472301773836288,"ds_language":"es","language":"es","label":"neutral"}
{"tweetid":437240253653712897,"ds_language":"es","language":"es","label":"neutral"}
{"tweetid":435028647486189568,"ds_language":"es","language":"it","label":"neutral"}
{"tweetid":437577970635771905,"ds_language":"es","language":"es","label":"neutral"}
{"tweetid":509047996668186624,"ds_language":"es","language":"es","label":"neutral"}
{"tweetid":439032794321518592,"ds_language":"es","language":"es","label":"neutral"}
{"tweetid":485165641054560256,"ds_language":"es","language":"pt","label":"neutral"}
{"tweetid":486543080829763584,"ds_language":"es","language":"es","label":"neutral"}
{"tweetid":489788696166555649,"ds_language":"es","language":"es","label":"neutral"}
{"tweetid":488676245698121728,"ds_language":"es","language":"pt","label":"neutral"}
{"tweetid":468412878832549889,"ds_language":"es","language":"es","label":"neutral"}
{"tweetid":444235358705057793,"ds_language":"es","language":"es","label":"neutral"}
{"tweetid":457929639353004033,"ds_language":"es","language":"it","label":"neutral"}
{"tweetid":474287265837887488,"ds_language":"es","language":"es","label":"neutral"}
{"tweetid":483757672899293185,"ds_language":"es","language":"es","label":"neutral"}
{"tweetid":467510784718012416,"ds_language":"es","language":"es","label":"neutral"}
{"tweetid":509858809930870784,"ds_language":"es","language":"es","label":"neutral"}
{"tweetid":447670841799901184,"ds_language":"es","language":"es","label":"neutral"}
{"tweetid":454432298927411200,"ds_language":"es","language":"es","label":"neutral"}
{"tweetid":485505800103018496,"ds_language":"es","language":"pt","label":"neutral"}
{"tweetid":479743333150236672,"ds_language":"es","language":"es","label":"neutral"}
{"tweetid":445411558948999168,"ds_language":"es","language":"es","label":"neutral"}
{"tweetid":508342355112771586,"ds_language":"es","language":"es","label":"negative"}
{"tweetid":470146502124642305,"ds_language":"es","language":"es","label":"neutral"}
{"tweetid":440690664821776384,"ds_language":"es","language":"pt","label":"neutral"}
{"tweetid":447031059415588864,"ds_language":"es","language":"pt","label":"neutral"}
{"tweetid":457867336679440384,"ds_language":"es","language":"pt","label":"neutral"}
{"tweetid":451108581430284288,"ds_language":"es","language":"es","label":"neutral"}
{"tweetid":436186868385054720,"ds_language":"es","language":"ca","label":"neutral"}
{"tweetid":444681913669021696,"ds_language":"es","language":"es","label":"neutral"}
{"tweetid":512205002937761792,"ds_language":"es","language":"es","label":"neutral"}
{"tweetid":506449918710788096,"ds_language":"es","language":"es","label":"neutral"}
{"tweetid":485966754099646464,"ds_language":"es","language":"es","label":"neutral"}
{"tweetid":438805802816913408,"ds_language":"es","language":"es","label":"neutral"}
{"tweetid":470369018344636416,"ds_language":"es","language":"es","label":"neutral"}
{"tweetid":488890164924936192,"ds_language":"es","language":"es","label":"neutral"}
{"tweetid":440642706621366272,"ds_language":"es","language":"es","label":"neutral"}
{"tweetid":444557858718633985,"ds_language":"es","language":"es","label":"neutral"}
{"tweetid":430821546655883265,"ds_language":"es","language":"tl","label":"neutral"}
{"tweetid":442804660639113216,"ds_language":"es","language":"es","label":"neutral"}
{"tweetid":467636945192235008,"ds_language":"es","language":"es","label":"neutral"}
{"tweetid":504098956797038593,"ds_language":"es","language":"es","label":"neutral"}
{"tweetid":449208712696434688,"ds_language":"es","language":"sl","label":"neutral"}
{"tweetid":479240436855631872,"ds_language":"es","language":"cy","label":"neutral"}
{"tweetid":456473909953437696,"ds_language":"es","language":"es","label":"neutral"}
{"tweetid":441338491343867904,"ds_language":"es","language":"es","label":"neutral"}
{"tweetid":480108108325597184,"ds_language":"es","language":"es","label":"neutral"}
{"tweetid":511375935829213185,"ds_language":"es","language":"ca","label":"neutral"}
{"tweetid":437292422406881280,"ds_language":"es","language":"sw","label":"neutral"}
{"tweetid":466388061807718400,"ds_language":"es","language":"es","label":"neutral"}
{"tweetid":506179084112904192,"ds_language":"es","language":"et","label":"neutral"}
{"tweetid":442525483570184192,"ds_language":"es","language":"ro","label":"neutral"}
{"tweetid":445993938089156611,"ds_language":"es","language":"es","label":"neutral"}
{"tweetid":485858708875137024,"ds_language":"es","language":"UNKNOWN","label":"neutral"}
{"tweetid":469408519582941184,"ds_language":"es","language":"es","label":"neutral"}
{"tweetid":484216257156505600,"ds_language":"es","language":"es","label":"neutral"}
{"tweetid":513085367395045376,"ds_language":"es","language":"ca","label":"neutral"}
{"tweetid":463690147071295488,"ds_language":"es","language":"es","label":"neutral"}
{"tweetid":452407209268236290,"ds_language":"es","language":"es","label":"neutral"}
{"tweetid":450174035968929792,"ds_language":"es","language":"es","label":"neutral"}
{"tweetid":435729943519973376,"ds_language":"es","language":"es","label":"neutral"}
{"tweetid":472000313164308481,"ds_language":"es","language":"es","label":"neutral"}
{"tweetid":434788456485486592,"ds_language":"es","language":"es","label":"neutral"}
{"tweetid":437989589438197760,"ds_language":"es","language":"es","label":"neutral"}
{"tweetid":501013408842805248,"ds_language":"es","language":"it","label":"neutral"}
{"tweetid":434084136354344960,"ds_language":"es","language":"es","label":"neutral"}
{"tweetid":434715920192118784,"ds_language":"es","language":"es","label":"neutral"}
{"tweetid":465127396614868992,"ds_language":"es","language":"es","label":"neutral"}
{"tweetid":447858553689108480,"ds_language":"es","language":"es","label":"neutral"}
