{"tweetid":264202743877615616,"ds_language":"en","language":"en","label":"neutral"}
{"tweetid":264221978607636480,"ds_language":"en","language":"en","label":"neutral"}
{"tweetid":263261807177789440,"ds_language":"en","language":"en","label":"neutral"}
{"tweetid":262986191681499139,"ds_language":"en","language":"en","label":"positive"}
{"tweetid":250020093755535360,"ds_language":"en","language":"en","label":"negative"}
{"tweetid":264038368952864768,"ds_language":"en","language":"en","label":"positive"}
{"tweetid":264157563690561536,"ds_language":"en","language":"en","label":"neutral"}
{"tweetid":254047889716813824,"ds_language":"en","language":"en","label":"positive"}
{"tweetid":264184897537732608,"ds_language":"en","language":"en","label":"neutral"}
{"tweetid":245527074658476032,"ds_language":"en","language":"en","label":"neutral"}
{"tweetid":263245122358091778,"ds_language":"en","language":"en","label":"neutral"}
{"tweetid":264198017949777920,"ds_language":"en","language":"en","label":"positive"}
{"tweetid":250881922752974848,"ds_language":"en","language":"fr","label":"neutral"}
{"tweetid":258294705069113344,"ds_language":"en","language":"en","label":"neutral"}
{"tweetid":259924240667648000,"ds_language":"en","language":"en","label":"positive"}
{"tweetid":262923234637389825,"ds_language":"en","language":"en","label":"neutral"}
{"tweetid":264073675802808321,"ds_language":"en","language":"en","label":"positive"}
{"tweetid":259172965558665216,"ds_language":"en","language":"en","label":"neutral"}
{"tweetid":263945805935804416,"ds_language":"en","language":"en","label":"neutral"}
{"tweetid":264241732948992000,"ds_language":"en","language":"en","label":"positive"}
{"tweetid":255449898810494976,"ds_language":"en","language":"en","label":"positive"}
{"tweetid":263965009741225984,"ds_language":"en","language":"en","label":"positive"}
{"tweetid":260973999746592768,"ds_language":"en","language":"en","label":"neutral"}
{"tweetid":264046225022648320,"ds_language":"en","language":"en","label":"neutral"}
{"tweetid":236937024748277760,"ds_language":"en","language":"en","label":"neutral"}
{"tweetid":262442706087837697,"ds_language":"en","language":"en","label":"positive"}
{"tweetid":229401563830042624,"ds_language":"en","language":"en","label":"neutral"}
{"tweetid":258709908923502592,"ds_language":"en","language":"en","label":"neutral"}
{"tweetid":252075399406833664,"ds_language":"en","language":"en","label":"neutral"}
{"tweetid":213342817081233409,"ds_language":"en","language":"en","label":"neutral"}
{"tweetid":263102541745754112,"ds_language":"en","language":"en","label":"positive"}
{"tweetid":263354499370979329,"ds_language":"en","language":"en","label":"positive"}
{"tweetid":222100424767979520,"ds_language":"en","language":"en","label":"neutral"}
{"tweetid":245933879402307584,"ds_language":"en","language":"en","label":"positive"}
{"tweetid":255546265419542528,"ds_language":"en","language":"en","label":"neutral"}
{"tweetid":233310879989514240,"ds_language":"en","language":"en","label":"positive"}
{"tweetid":206053011410272257,"ds_language":"en","language":"en","label":"positive"}
{"tweetid":263491268238245888,"ds_language":"en","language":"en","label":"neutral"}
{"tweetid":255403512081551360,"ds_language":"en","language":"en","label":"positive"}
{"tweetid":261813525259894784,"ds_language":"en","language":"en","label":"negative"}
{"tweetid":253179865019334656,"ds_language":"en","language":"en","label":"neutral"}
{"tweetid":246358852092694529,"ds_language":"en","language":"en","label":"neutral"}
{"tweetid":218112827485986816,"ds_language":"en","language":"en","label":"positive"}
{"tweetid":262618255888359425,"ds_language":"en","language":"en","label":"neutral"}
{"tweetid":222569997988397057,"ds_language":"en","language":"en","label":"neutral"}
{"tweetid":262298853385060353,"ds_language":"en","language":"en","label":"neutral"}
{"tweetid":264148146450464768,"ds_language":"en","language":"en","label":"neutral"}
{"tweetid":261651020411727872,"ds_language":"en","language":"en","label":"positive"}
{"tweetid":246567372385824768,"ds_language":"en","language":"en","label":"positive"}
{"tweetid":209047158853341184,"ds_language":"en","language":"en","label":"neutral"}
{"tweetid":261246099203977216,"ds_language":"en","language":"en","label":"neutral"}
{"tweetid":263549707744325633,"ds_language":"en","language":"en","label":"neutral"}
{"tweetid":262375782402371584,"ds_language":"en","language":"en","label":"positive"}
{"tweetid":250180790892253184,"ds_language":"en","language":"en","label":"neutral"}
{"tweetid":263702360084328449,"ds_language":"en","language":"en","label":"positive"}
{"tweetid":259651417738981376,"ds_language":"en","language":"en","label":"neutral"}
{"tweetid":264225191629033472,"ds_language":"en","language":"en","label":"neutral"}
{"tweetid":262096786880081920,"ds_language":"en","language":"en","label":"neutral"}
{"tweetid":243817608602869760,"ds_language":"en","language":"en","label":"neutral"}
{"tweetid":111344599699693568,"ds_language":"en","language":"en","label":"neutral"}
{"tweetid":111344977212211201,"ds_language":"en","language":"en","label":"neutral"}
{"tweetid":258850903895969792,"ds_language":"en","language":"en","label":"neutral"}
{"tweetid":240979624589398016,"ds_language":"en","language":"en","label":"positive"}
{"tweetid":235014310747836416,"ds_language":"en","language":"en","label":"positive"}
{"tweetid":261977165577453568,"ds_language":"en","language":"en","label":"neutral"}
{"tweetid":230845827487260672,"ds_language":"en","language":"en","label":"neutral"}
{"tweetid":261826233711591424,"ds_language":"en","language":"en","label":"positive"}
{"tweetid":263276031274790914,"ds_language":"en","language":"en","label":"positive"}
{"tweetid":239811565937897472,"ds_language":"en","language":"en","label":"positive"}
{"tweetid":253877104377229312,"ds_language":"en","language":"en","label":"neutral"}
{"tweetid":256555035578728449,"ds_language":"en","language":"en","label":"neutral"}
{"tweetid":263786661517860865,"ds_language":"en","language":"en","label":"positive"}
{"tweetid":198886420125990912,"ds_language":"en","language":"en","label":"positive"}
