{"tweetid":103744444959952896,"ds_language":"en","language":"en","label":"positive"}
{"tweetid":108289076356067328,"ds_language":"en","language":"en","label":"positive"}
{"tweetid":173261574759395328,"ds_language":"en","language":"en","label":"positive"}
{"tweetid":175468126899671040,"ds_language":"en","language":"en","label":"positive"}
{"tweetid":175468133144985600,"ds_language":"en","language":"nl","label":"positive"}
{"tweetid":196724394721148929,"ds_language":"en","language":"en","label":"positive"}
{"tweetid":198886420125990912,"ds_language":"en","language":"en","label":"positive"}
{"tweetid":190820305290280960,"ds_language":"en","language":"en","label":"positive"}
{"tweetid":199310591465230336,"ds_language":"en","language":"en","label":"neutral"}
{"tweetid":207005770871611392,"ds_language":"en","language":"en","label":"positive"}
{"tweetid":207378327936315392,"ds_language":"en","language":"en","label":"positive"}
{"tweetid":210356049075646464,"ds_language":"en","language":"en","label":"neutral"}
{"tweetid":210368282723745793,"ds_language":"en","language":"en","label":"neutral"}
{"tweetid":210407897010679808,"ds_language":"en","language":"en","label":"negative"}
{"tweetid":210446761469284355,"ds_language":"en","language":"en","label":"neutral"}
{"tweetid":211487968840523777,"ds_language":"en","language":"en","label":"positive"}
{"tweetid":217129398166487040,"ds_language":"en","language":"en","label":"neutral"}
{"tweetid":218112827485986816,"ds_language":"en","language":"en","label":"positive"}
{"tweetid":222672945678532608,"ds_language":"en","language":"en","label":"positive"}
{"tweetid":223437439543418880,"ds_language":"en","language":"en","label":"positive"}
{"tweetid":223441907114721281,"ds_language":"en","language":"en","label":"neutral"}
{"tweetid":224704768373821440,"ds_language":"en","language":"en","label":"negative"}
{"tweetid":224966190165000192,"ds_language":"en","language":"en","label":"neutral"}
{"tweetid":226797686295261184,"ds_language":"en","language":"en","label":"positive"}
{"tweetid":226798945987338242,"ds_language":"en","language":"en","label":"positive"}
{"tweetid":226805478443868162,"ds_language":"en","language":"pt","label":"neutral"}
{"tweetid":227897528882966528,"ds_language":"en","language":"pt","label":"negative"}
{"tweetid":227897741278330880,"ds_language":"en","language":"pt","label":"negative"}
{"tweetid":227897909025325056,"ds_language":"en","language":"pt","label":"negative"}
{"tweetid":227900508147425280,"ds_language":"en","language":"pt","label":"negative"}
{"tweetid":228857479403028480,"ds_language":"en","language":"en","label":"positive"}
{"tweetid":229136073069060096,"ds_language":"en","language":"en","label":"positive"}
{"tweetid":233310879989514240,"ds_language":"en","language":"en","label":"positive"}
{"tweetid":235014310747836416,"ds_language":"en","language":"en","label":"positive"}
{"tweetid":235237362429476865,"ds_language":"en","language":"en","label":"positive"}
{"tweetid":237387848377053185,"ds_language":"en","language":"en","label":"neutral"}
{"tweetid":237683667529498624,"ds_language":"en","language":"en","label":"neutral"}
{"tweetid":237683667529498624,"ds_language":"en","language":"en","label":"neutral"}
{"tweetid":237697698860519424,"ds_language":"en","language":"en","label":"neutral"}
{"tweetid":237697698860519424,"ds_language":"en","language":"en","label":"neutral"}
{"tweetid":237735035145445376,"ds_language":"en","language":"en","label":"neutral"}
{"tweetid":237735035145445376,"ds_language":"en","language":"en","label":"neutral"}
{"tweetid":239811565937897472,"ds_language":"en","language":"en","label":"positive"}
{"tweetid":240061422476873728,"ds_language":"en","language":"en","label":"neutral"}
{"tweetid":241642829821124608,"ds_language":"en","language":"el","label":"neutral"}
{"tweetid":242984074094968833,"ds_language":"en","language":"en","label":"neutral"}
{"tweetid":242984436952608768,"ds_language":"en","language":"en","label":"neutral"}
{"tweetid":246010700722495489,"ds_language":"en","language":"en","label":"neutral"}
{"tweetid":246010859808243712,"ds_language":"en","language":"cy","label":"neutral"}
{"tweetid":246567372385824768,"ds_language":"en","language":"en","label":"positive"}
{"tweetid":248561124583305216,"ds_language":"en","language":"en","label":"neutral"}
{"tweetid":250547416581955584,"ds_language":"en","language":"en","label":"neutral"}
{"tweetid":251745961397858304,"ds_language":"en","language":"en","label":"positive"}
{"tweetid":251962587099582464,"ds_language":"en","language":"en","label":"positive"}
{"tweetid":251963249287905280,"ds_language":"en","language":"nl","label":"positive"}
{"tweetid":251963725446262784,"ds_language":"en","language":"it","label":"positive"}
{"tweetid":251963787471634433,"ds_language":"en","language":"it","label":"positive"}
{"tweetid":251963848398082049,"ds_language":"en","language":"it","label":"positive"}
{"tweetid":251965875891085312,"ds_language":"en","language":"it","label":"positive"}
{"tweetid":252381024825253888,"ds_language":"en","language":"en","label":"positive"}
{"tweetid":252951246716153857,"ds_language":"en","language":"en","label":"negative"}
{"tweetid":253235236312342528,"ds_language":"en","language":"en","label":"neutral"}
{"tweetid":253463068070248448,"ds_language":"en","language":"en","label":"positive"}
{"tweetid":253707238177390592,"ds_language":"en","language":"en","label":"positive"}
{"tweetid":253979714253893632,"ds_language":"en","language":"en","label":"neutral"}
{"tweetid":253979789545852928,"ds_language":"en","language":"en","label":"neutral"}
{"tweetid":253981773069971456,"ds_language":"en","language":"en","label":"positive"}
{"tweetid":254047889716813824,"ds_language":"en","language":"en","label":"positive"}
{"tweetid":254982057518829570,"ds_language":"en","language":"en","label":"positive"}
{"tweetid":254984866364522497,"ds_language":"en","language":"en","label":"positive"}
{"tweetid":255060299982454784,"ds_language":"en","language":"en","label":"positive"}
{"tweetid":255403512081551360,"ds_language":"en","language":"en","label":"positive"}
{"tweetid":255449898810494976,"ds_language":"en","language":"en","label":"positive"}
{"tweetid":255664360838537216,"ds_language":"en","language":"en","label":"positive"}
{"tweetid":255267780088168449,"ds_language":"en","language":"en","label":"positive"}
{"tweetid":256551193831165952,"ds_language":"en","language":"it","label":"neutral"}
{"tweetid":256429859583176704,"ds_language":"en","language":"en","label":"positive"}
{"tweetid":256439198276521985,"ds_language":"en","language":"en","label":"neutral"}
{"tweetid":256445097242136576,"ds_language":"en","language":"en","label":"neutral"}
{"tweetid":256663462497886208,"ds_language":"en","language":"en","label":"neutral"}
{"tweetid":254007193836331010,"ds_language":"en","language":"en","label":"neutral"}
{"tweetid":254036052388495361,"ds_language":"en","language":"en","label":"neutral"}
{"tweetid":256543969629052928,"ds_language":"en","language":"en","label":"positive"}
{"tweetid":256892228562198530,"ds_language":"en","language":"en","label":"neutral"}
{"tweetid":256899484032843776,"ds_language":"en","language":"es","label":"neutral"}
{"tweetid":256974840479756288,"ds_language":"en","language":"en","label":"positive"}
{"tweetid":257114438866464768,"ds_language":"en","language":"ca","label":"neutral"}
{"tweetid":257154557182877696,"ds_language":"en","language":"en","label":"positive"}
{"tweetid":257208375715188736,"ds_language":"en","language":"en","label":"positive"}
{"tweetid":257238264824594432,"ds_language":"en","language":"en","label":"positive"}
{"tweetid":257699746741878784,"ds_language":"en","language":"en","label":"positive"}
{"tweetid":257700012472016896,"ds_language":"en","language":"en","label":"positive"}
{"tweetid":257700647837782016,"ds_language":"en","language":"en","label":"positive"}
{"tweetid":257701791779655680,"ds_language":"en","language":"en","label":"positive"}
{"tweetid":257706116199370752,"ds_language":"en","language":"en","label":"positive"}
{"tweetid":257717548139835393,"ds_language":"en","language":"en","label":"positive"}
{"tweetid":257727228492804097,"ds_language":"en","language":"en","label":"positive"}
{"tweetid":257729075358072833,"ds_language":"en","language":"en","label":"positive"}
{"tweetid":257808505682153472,"ds_language":"en","language":"en","label":"positive"}
{"tweetid":257826525079031808,"ds_language":"en","language":"en","label":"positive"}
{"tweetid":257829637072244736,"ds_language":"en","language":"en","label":"positive"}
{"tweetid":256807710102810624,"ds_language":"en","language":"en","label":"neutral"}
{"tweetid":258966723997343744,"ds_language":"en","language":"ro","label":"neutral"}
{"tweetid":258966789831143424,"ds_language":"en","language":"et","label":"neutral"}
{"tweetid":259048262802231296,"ds_language":"en","language":"en","label":"positive"}
{"tweetid":259048263620100096,"ds_language":"en","language":"de","label":"positive"}
{"tweetid":259048270796578816,"ds_language":"en","language":"da","label":"positive"}
{"tweetid":258295448702439424,"ds_language":"en","language":"en","label":"neutral"}
{"tweetid":259218071053561856,"ds_language":"en","language":"en","label":"positive"}
{"tweetid":259221473678458880,"ds_language":"en","language":"en","label":"neutral"}
{"tweetid":259222975147040770,"ds_language":"en","language":"en","label":"neutral"}
{"tweetid":259298869060464640,"ds_language":"en","language":"fi","label":"positive"}
{"tweetid":259415614416887808,"ds_language":"en","language":"en","label":"neutral"}
{"tweetid":259415746944331776,"ds_language":"en","language":"en","label":"neutral"}
{"tweetid":257972276505501696,"ds_language":"en","language":"en","label":"positive"}
{"tweetid":259484109234114560,"ds_language":"en","language":"en","label":"neutral"}
{"tweetid":255113417738842113,"ds_language":"en","language":"en","label":"positive"}
{"tweetid":255113575817940992,"ds_language":"en","language":"en","label":"neutral"}
{"tweetid":255448511875792896,"ds_language":"en","language":"en","label":"positive"}
{"tweetid":255448789819744256,"ds_language":"en","language":"en","label":"positive"}
{"tweetid":255505944161701890,"ds_language":"en","language":"en","label":"positive"}
{"tweetid":259421855675453441,"ds_language":"en","language":"en","label":"neutral"}
{"tweetid":259471730219814912,"ds_language":"en","language":"en","label":"negative"}
{"tweetid":259616568298831873,"ds_language":"en","language":"en","label":"neutral"}
{"tweetid":233197155945439232,"ds_language":"en","language":"en","label":"neutral"}
{"tweetid":233197664819355648,"ds_language":"en","language":"en","label":"neutral"}
{"tweetid":258426642148515840,"ds_language":"en","language":"so","label":"positive"}
{"tweetid":260544027592646657,"ds_language":"en","language":"en","label":"neutral"}
{"tweetid":260544071821586432,"ds_language":"en","language":"en","label":"neutral"}
{"tweetid":260868870594781186,"ds_language":"en","language":"en","label":"positive"}
{"tweetid":260874081480634368,"ds_language":"en","language":"en","label":"neutral"}
{"tweetid":260884513285091328,"ds_language":"en","language":"en","label":"positive"}
{"tweetid":260916879726624768,"ds_language":"en","language":"en","label":"positive"}
{"tweetid":260916902287794176,"ds_language":"en","language":"en","label":"positive"}
{"tweetid":260916921204088832,"ds_language":"en","language":"en","label":"positive"}
{"tweetid":260916928607043585,"ds_language":"en","language":"en","label":"positive"}
{"tweetid":260916933120102400,"ds_language":"en","language":"en","label":"positive"}
{"tweetid":260916966179610626,"ds_language":"en","language":"en","label":"positive"}
{"tweetid":260916975872667648,"ds_language":"en","language":"en","label":"positive"}
{"tweetid":260916980599627776,"ds_language":"en","language":"en","label":"positive"}
{"tweetid":260917010748297217,"ds_language":"en","language":"en","label":"positive"}
{"tweetid":260917017182355456,"ds_language":"en","language":"en","label":"positive"}
{"tweetid":260917030750920704,"ds_language":"en","language":"en","label":"positive"}
{"tweetid":260917076502392832,"ds_language":"en","language":"en","label":"positive"}
{"tweetid":260917084781940738,"ds_language":"en","language":"en","label":"positive"}
{"tweetid":260917091354419201,"ds_language":"en","language":"en","label":"positive"}
{"tweetid":260917115710758912,"ds_language":"en","language":"en","label":"positive"}
{"tweetid":260917117153574912,"ds_language":"en","language":"tl","label":"positive"}
{"tweetid":261264459270602752,"ds_language":"en","language":"en","label":"neutral"}
{"tweetid":261274560974974977,"ds_language":"en","language":"en","label":"neutral"}
{"tweetid":261274697193377792,"ds_language":"en","language":"en","label":"neutral"}
{"tweetid":260893636743553025,"ds_language":"en","language":"en","label":"neutral"}
{"tweetid":260893761381466113,"ds_language":"en","language":"en","label":"neutral"}
{"tweetid":261339797489065986,"ds_language":"en","language":"en","label":"positive"}
{"tweetid":261358395582447617,"ds_language":"en","language":"en","label":"negative"}
{"tweetid":261370527447412736,"ds_language":"en","language":"en","label":"positive"}
{"tweetid":261425795313065984,"ds_language":"en","language":"en","label":"positive"}
{"tweetid":261572749401661441,"ds_language":"en","language":"sw","label":"positive"}
{"tweetid":261584465745309696,"ds_language":"en","language":"en","label":"positive"}
{"tweetid":261584471713792000,"ds_language":"en","language":"en","label":"neutral"}
{"tweetid":261569316531630081,"ds_language":"en","language":"en","label":"negative"}
{"tweetid":261569884771741696,"ds_language":"en","language":"en","label":"negative"}
{"tweetid":261570323273637888,"ds_language":"en","language":"en","label":"negative"}
{"tweetid":261571691791126530,"ds_language":"en","language":"en","label":"negative"}
{"tweetid":261571835651563520,"ds_language":"en","language":"en","label":"negative"}
{"tweetid":261575434611859457,"ds_language":"en","language":"en","label":"negative"}
{"tweetid":261646325748219906,"ds_language":"en","language":"en","label":"neutral"}
{"tweetid":261647667501862912,"ds_language":"en","language":"en","label":"positive"}
{"tweetid":261651020411727872,"ds_language":"en","language":"en","label":"positive"}
{"tweetid":261771102831910913,"ds_language":"en","language":"en","label":"positive"}
{"tweetid":261772650999853057,"ds_language":"en","language":"en","label":"positive"}
{"tweetid":261772732633595904,"ds_language":"en","language":"en","label":"negative"}
{"tweetid":261871505103810560,"ds_language":"en","language":"cy","label":"positive"}
{"tweetid":261902350648737793,"ds_language":"en","language":"it","label":"neutral"}
{"tweetid":261969421663350784,"ds_language":"en","language":"en","label":"positive"}
{"tweetid":262012707925000193,"ds_language":"en","language":"nl","label":"neutral"}
{"tweetid":262013339465568257,"ds_language":"en","language":"en","label":"neutral"}
{"tweetid":261846846681526274,"ds_language":"en","language":"en","label":"positive"}
{"tweetid":261889187500924928,"ds_language":"en","language":"en","label":"positive"}
{"tweetid":262004916434898945,"ds_language":"en","language":"en","label":"neutral"}
{"tweetid":262242523303522305,"ds_language":"en","language":"en","label":"positive"}
{"tweetid":262260499247427584,"ds_language":"en","language":"en","label":"neutral"}
{"tweetid":262261334471749632,"ds_language":"en","language":"en","label":"neutral"}
{"tweetid":262233719581065216,"ds_language":"en","language":"en","label":"positive"}
{"tweetid":262375782402371584,"ds_language":"en","language":"en","label":"positive"}
{"tweetid":262442706087837697,"ds_language":"en","language":"en","label":"positive"}
{"tweetid":262529097043943424,"ds_language":"en","language":"en","label":"negative"}
{"tweetid":262530222988075009,"ds_language":"en","language":"en","label":"positive"}
{"tweetid":262665291664859137,"ds_language":"en","language":"en","label":"positive"}
{"tweetid":262665749926125568,"ds_language":"en","language":"it","label":"positive"}
{"tweetid":262666876717514752,"ds_language":"en","language":"en","label":"positive"}
{"tweetid":262669997090955264,"ds_language":"en","language":"en","label":"positive"}
{"tweetid":262697016180736002,"ds_language":"en","language":"en","label":"positive"}
{"tweetid":262699027680858113,"ds_language":"en","language":"en","label":"positive"}
{"tweetid":262845121761013760,"ds_language":"en","language":"en","label":"positive"}
{"tweetid":262910193258598401,"ds_language":"en","language":"en","label":"negative"}
{"tweetid":262912149616205824,"ds_language":"en","language":"en","label":"positive"}
{"tweetid":262897448790421504,"ds_language":"en","language":"en","label":"neutral"}
{"tweetid":262897634291875840,"ds_language":"en","language":"en","label":"neutral"}
{"tweetid":262906664741646336,"ds_language":"en","language":"en","label":"neutral"}
{"tweetid":262921704282664960,"ds_language":"en","language":"en","label":"neutral"}
{"tweetid":262938041742675968,"ds_language":"en","language":"en","label":"neutral"}
{"tweetid":262938083572465664,"ds_language":"en","language":"en","label":"neutral"}
{"tweetid":262969576415969280,"ds_language":"en","language":"en","label":"positive"}
{"tweetid":262986191681499139,"ds_language":"en","language":"en","label":"positive"}
{"tweetid":263191103354847232,"ds_language":"en","language":"en","label":"positive"}
{"tweetid":263343182920695808,"ds_language":"en","language":"cy","label":"positive"}
{"tweetid":263343191661617152,"ds_language":"en","language":"en","label":"neutral"}
{"tweetid":263343197403631616,"ds_language":"en","language":"en","label":"neutral"}
{"tweetid":263343199463038976,"ds_language":"en","language":"it","label":"positive"}
{"tweetid":263343206144557056,"ds_language":"en","language":"en","label":"neutral"}
{"tweetid":263351403676835840,"ds_language":"en","language":"en","label":"neutral"}
{"tweetid":263354499370979329,"ds_language":"en","language":"en","label":"positive"}
{"tweetid":263352468161839104,"ds_language":"en","language":"en","label":"positive"}
{"tweetid":263343997567791107,"ds_language":"en","language":"so","label":"neutral"}
{"tweetid":263362708630548480,"ds_language":"en","language":"en","label":"positive"}
{"tweetid":263373928473456642,"ds_language":"en","language":"en","label":"negative"}
{"tweetid":263363892078596098,"ds_language":"en","language":"en","label":"positive"}
{"tweetid":263386763798642690,"ds_language":"en","language":"ro","label":"positive"}
{"tweetid":263567859119173632,"ds_language":"en","language":"en","label":"positive"}
{"tweetid":263710823543865344,"ds_language":"en","language":"en","label":"neutral"}
{"tweetid":263710824844111872,"ds_language":"en","language":"sv","label":"neutral"}
{"tweetid":263710827671060480,"ds_language":"en","language":"pt","label":"positive"}
{"tweetid":263710827914350592,"ds_language":"en","language":"en","label":"positive"}
{"tweetid":263710829780824064,"ds_language":"en","language":"en","label":"neutral"}
{"tweetid":263407937005953024,"ds_language":"en","language":"sv","label":"neutral"}
{"tweetid":263476572449812480,"ds_language":"en","language":"en","label":"positive"}
{"tweetid":263722199440060418,"ds_language":"en","language":"en","label":"positive"}
{"tweetid":263744390978232320,"ds_language":"en","language":"en","label":"negative"}
{"tweetid":263744516224339969,"ds_language":"en","language":"en","label":"neutral"}
{"tweetid":263749246078042113,"ds_language":"en","language":"en","label":"positive"}
{"tweetid":263757723546570752,"ds_language":"en","language":"en","label":"neutral"}
{"tweetid":263757914869747712,"ds_language":"en","language":"en","label":"positive"}
{"tweetid":263786661517860865,"ds_language":"en","language":"en","label":"positive"}
{"tweetid":263795769436418048,"ds_language":"en","language":"en","label":"neutral"}
{"tweetid":263796884542459905,"ds_language":"en","language":"en","label":"neutral"}
{"tweetid":263796904427663360,"ds_language":"en","language":"en","label":"positive"}
{"tweetid":263801393058566144,"ds_language":"en","language":"en","label":"neutral"}
{"tweetid":263801403963748354,"ds_language":"en","language":"ca","label":"neutral"}
{"tweetid":263742154017488896,"ds_language":"en","language":"ro","label":"positive"}
{"tweetid":263746337810546688,"ds_language":"en","language":"en","label":"positive"}
{"tweetid":260712435483291651,"ds_language":"en","language":"en","label":"neutral"}
{"tweetid":263389568487796736,"ds_language":"en","language":"en","label":"positive"}
{"tweetid":263848290393657344,"ds_language":"en","language":"en","label":"positive"}
{"tweetid":263851394140876801,"ds_language":"en","language":"en","label":"positive"}
{"tweetid":263854384000155648,"ds_language":"en","language":"en","label":"positive"}
{"tweetid":263854388936843264,"ds_language":"en","language":"en","label":"positive"}
{"tweetid":263854391969345538,"ds_language":"en","language":"en","label":"positive"}
{"tweetid":263854397610663936,"ds_language":"en","language":"en","label":"positive"}
{"tweetid":263856782412230657,"ds_language":"en","language":"en","label":"positive"}
{"tweetid":263857056392564736,"ds_language":"en","language":"en","label":"positive"}
{"tweetid":263596540461981696,"ds_language":"en","language":"en","label":"positive"}
{"tweetid":263646961972965377,"ds_language":"en","language":"en","label":"positive"}
{"tweetid":263965009741225984,"ds_language":"en","language":"en","label":"positive"}
{"tweetid":261727702900436992,"ds_language":"en","language":"da","label":"positive"}
{"tweetid":263997774650015744,"ds_language":"en","language":"en","label":"neutral"}
{"tweetid":264029645370953729,"ds_language":"en","language":"nl","label":"positive"}
{"tweetid":264038368952864768,"ds_language":"en","language":"en","label":"positive"}
{"tweetid":264042660183040000,"ds_language":"en","language":"af","label":"negative"}
{"tweetid":264073675802808321,"ds_language":"en","language":"en","label":"positive"}
{"tweetid":263982017803325440,"ds_language":"en","language":"en","label":"neutral"}
{"tweetid":264014353387380736,"ds_language":"en","language":"af","label":"neutral"}
{"tweetid":264020550362488833,"ds_language":"en","language":"es","label":"neutral"}
{"tweetid":264061003489218561,"ds_language":"en","language":"en","label":"neutral"}
{"tweetid":264061985031856128,"ds_language":"en","language":"en","label":"positive"}
{"tweetid":264083759064838144,"ds_language":"en","language":"en","label":"neutral"}
{"tweetid":263098068575080449,"ds_language":"en","language":"en","label":"positive"}
{"tweetid":264099911585378305,"ds_language":"en","language":"en","label":"positive"}
{"tweetid":264114341622718464,"ds_language":"en","language":"en","label":"positive"}
{"tweetid":264113793527865344,"ds_language":"en","language":"no","label":"positive"}
{"tweetid":264118434923679744,"ds_language":"en","language":"en","label":"positive"}
{"tweetid":264119670225911808,"ds_language":"en","language":"en","label":"negative"}
{"tweetid":263590963224641536,"ds_language":"en","language":"en","label":"positive"}
{"tweetid":263591051573481472,"ds_language":"en","language":"en","label":"positive"}
{"tweetid":263593410458431488,"ds_language":"en","language":"en","label":"positive"}
{"tweetid":263597566434885632,"ds_language":"en","language":"en","label":"positive"}
{"tweetid":263598197455343616,"ds_language":"en","language":"en","label":"positive"}
{"tweetid":263606465409982464,"ds_language":"en","language":"en","label":"positive"}
{"tweetid":263615931564048384,"ds_language":"en","language":"en","label":"positive"}
{"tweetid":263624158032834560,"ds_language":"en","language":"en","label":"positive"}
{"tweetid":263640651478999041,"ds_language":"en","language":"en","label":"positive"}
{"tweetid":263642391565701120,"ds_language":"en","language":"en","label":"positive"}
{"tweetid":263657150260322304,"ds_language":"en","language":"en","label":"positive"}
{"tweetid":263658973364895744,"ds_language":"en","language":"en","label":"positive"}
{"tweetid":263660088630337536,"ds_language":"en","language":"en","label":"positive"}
{"tweetid":264005981447520257,"ds_language":"en","language":"en","label":"positive"}
{"tweetid":263806593349595137,"ds_language":"en","language":"en","label":"negative"}
{"tweetid":264056510760497152,"ds_language":"en","language":"en","label":"negative"}
{"tweetid":264159239201779712,"ds_language":"en","language":"da","label":"positive"}
{"tweetid":264159239419875328,"ds_language":"en","language":"en","label":"positive"}
{"tweetid":264159306612621312,"ds_language":"en","language":"en","label":"positive"}
{"tweetid":264138923016601601,"ds_language":"en","language":"en","label":"neutral"}
{"tweetid":264141458808905728,"ds_language":"en","language":"en","label":"neutral"}
{"tweetid":264168537294254080,"ds_language":"en","language":"en","label":"negative"}
{"tweetid":264171404663066624,"ds_language":"en","language":"en","label":"positive"}
{"tweetid":264171908193480705,"ds_language":"en","language":"en","label":"positive"}
{"tweetid":263461769140400128,"ds_language":"en","language":"en","label":"positive"}
{"tweetid":264174429469298688,"ds_language":"en","language":"en","label":"positive"}
{"tweetid":264174807665483777,"ds_language":"en","language":"en","label":"positive"}
{"tweetid":264161110154952704,"ds_language":"en","language":"en","label":"negative"}
{"tweetid":264176300841914369,"ds_language":"en","language":"pl","label":"positive"}
{"tweetid":264179284862722049,"ds_language":"en","language":"en","label":"positive"}
{"tweetid":264191838565576704,"ds_language":"en","language":"en","label":"positive"}
{"tweetid":264194424018460672,"ds_language":"en","language":"en","label":"neutral"}
{"tweetid":264174960187174912,"ds_language":"en","language":"en","label":"positive"}
{"tweetid":264174960187174912,"ds_language":"en","language":"en","label":"positive"}
{"tweetid":264180357186871296,"ds_language":"en","language":"en","label":"positive"}
{"tweetid":264180357186871296,"ds_language":"en","language":"en","label":"positive"}
{"tweetid":264198017949777920,"ds_language":"en","language":"en","label":"positive"}
{"tweetid":264174280135294976,"ds_language":"en","language":"en","label":"neutral"}
{"tweetid":264188913994838016,"ds_language":"en","language":"en","label":"positive"}
{"tweetid":264189088310099970,"ds_language":"en","language":"en","label":"positive"}
{"tweetid":264205446078943232,"ds_language":"en","language":"en","label":"positive"}
{"tweetid":264206464476909570,"ds_language":"en","language":"it","label":"positive"}
{"tweetid":264206806946029568,"ds_language":"en","language":"en","label":"positive"}
{"tweetid":264210373077504001,"ds_language":"en","language":"en","label":"positive"}
{"tweetid":264216496773951488,"ds_language":"en","language":"en","label":"neutral"}
{"tweetid":264215492145868801,"ds_language":"en","language":"en","label":"neutral"}
{"tweetid":264217825336500225,"ds_language":"en","language":"en","label":"positive"}
{"tweetid":264196206400512003,"ds_language":"en","language":"en","label":"neutral"}
{"tweetid":264212927324762112,"ds_language":"en","language":"en","label":"positive"}
{"tweetid":263456780636520449,"ds_language":"en","language":"en","label":"neutral"}
{"tweetid":264071038080524288,"ds_language":"en","language":"en","label":"positive"}
{"tweetid":264225643649171456,"ds_language":"en","language":"fi","label":"neutral"}
{"tweetid":264204686435971072,"ds_language":"en","language":"af","label":"neutral"}
{"tweetid":263583915363692544,"ds_language":"en","language":"en","label":"neutral"}
{"tweetid":263886166548439040,"ds_language":"en","language":"en","label":"neutral"}
{"tweetid":264028129029402624,"ds_language":"en","language":"en","label":"negative"}
{"tweetid":264177945738899458,"ds_language":"en","language":"en","label":"neutral"}
{"tweetid":264183046859812864,"ds_language":"en","language":"nl","label":"negative"}
{"tweetid":264199491417149440,"ds_language":"en","language":"en","label":"positive"}
{"tweetid":264241732948992000,"ds_language":"en","language":"en","label":"positive"}
{"tweetid":252762027674697728,"ds_language":"en","language":"en","label":"positive"}
{"tweetid":264130255525130240,"ds_language":"en","language":"en","label":"positive"}
{"tweetid":264245829043359744,"ds_language":"en","language":"en","label":"neutral"}
{"tweetid":264238971670904833,"ds_language":"en","language":"en","label":"positive"}
{"tweetid":264244902433546240,"ds_language":"en","language":"de","label":"positive"}
{"tweetid":264180462405156865,"ds_language":"en","language":"cy","label":"neutral"}
{"tweetid":264253567433580544,"ds_language":"en","language":"en","label":"neutral"}
{"tweetid":264253721142239232,"ds_language":"en","language":"en","label":"neutral"}
{"tweetid":264254249465180160,"ds_language":"en","language":"en","label":"neutral"}
{"tweetid":264257170755944448,"ds_language":"en","language":"en","label":"neutral"}
{"tweetid":105047665548591104,"ds_language":"en","language":"en","label":"positive"}
{"tweetid":105048258728050688,"ds_language":"en","language":"en","label":"positive"}
{"tweetid":105048311945371648,"ds_language":"en","language":"en","label":"positive"}
{"tweetid":112578887107612672,"ds_language":"en","language":"en","label":"positive"}
{"tweetid":112579783019339777,"ds_language":"en","language":"en","label":"neutral"}
{"tweetid":192455391953694720,"ds_language":"en","language":"en","label":"positive"}
{"tweetid":195011930212147201,"ds_language":"en","language":"fr","label":"negative"}
{"tweetid":198816995481882624,"ds_language":"en","language":"en","label":"negative"}
{"tweetid":198844701649018880,"ds_language":"en","language":"en","label":"neutral"}
{"tweetid":216927136865468417,"ds_language":"en","language":"en","label":"neutral"}
{"tweetid":216945503781396480,"ds_language":"en","language":"en","label":"positive"}
{"tweetid":237955167264309250,"ds_language":"en","language":"en","label":"positive"}
{"tweetid":243780077295394816,"ds_language":"en","language":"id","label":"positive"}
{"tweetid":243782043195039744,"ds_language":"en","language":"en","label":"positive"}
{"tweetid":245484904492711936,"ds_language":"en","language":"en","label":"neutral"}
{"tweetid":247160082318647296,"ds_language":"en","language":"en","label":"positive"}
{"tweetid":247160201910824960,"ds_language":"en","language":"en","label":"negative"}
{"tweetid":247649258780643330,"ds_language":"en","language":"sv","label":"neutral"}
{"tweetid":247655637352333312,"ds_language":"en","language":"en","label":"neutral"}
{"tweetid":247658259626983424,"ds_language":"en","language":"en","label":"neutral"}
{"tweetid":247670342162726912,"ds_language":"en","language":"en","label":"positive"}
{"tweetid":248674425845731329,"ds_language":"en","language":"nl","label":"neutral"}
{"tweetid":248677295777255425,"ds_language":"en","language":"en","label":"neutral"}
{"tweetid":248685148697153536,"ds_language":"en","language":"en","label":"negative"}
{"tweetid":249899490285346816,"ds_language":"en","language":"en","label":"neutral"}
{"tweetid":249901317701644288,"ds_language":"en","language":"en","label":"neutral"}
{"tweetid":250020093755535360,"ds_language":"en","language":"en","label":"negative"}
{"tweetid":250583677141123072,"ds_language":"en","language":"en","label":"neutral"}
{"tweetid":250585113090469888,"ds_language":"en","language":"en","label":"neutral"}
{"tweetid":250585247962505216,"ds_language":"en","language":"en","label":"neutral"}
{"tweetid":250585948109275138,"ds_language":"en","language":"en","label":"neutral"}
{"tweetid":250840239365554176,"ds_language":"en","language":"en","label":"neutral"}
{"tweetid":250843068717211648,"ds_language":"en","language":"en","label":"negative"}
{"tweetid":251654679359012865,"ds_language":"en","language":"en","label":"neutral"}
{"tweetid":251427037712089088,"ds_language":"en","language":"tl","label":"neutral"}
{"tweetid":255695191883776000,"ds_language":"en","language":"en","label":"neutral"}
{"tweetid":255823624366354433,"ds_language":"en","language":"en","label":"negative"}
{"tweetid":256121405689696256,"ds_language":"en","language":"en","label":"positive"}
{"tweetid":256518181131272192,"ds_language":"en","language":"no","label":"positive"}
{"tweetid":257259094740701184,"ds_language":"en","language":"en","label":"positive"}
{"tweetid":259458212808519680,"ds_language":"en","language":"en","label":"neutral"}
{"tweetid":259514515534782464,"ds_language":"en","language":"en","label":"neutral"}
{"tweetid":260033375082000385,"ds_language":"en","language":"sk","label":"neutral"}
{"tweetid":260139580181839872,"ds_language":"en","language":"en","label":"neutral"}
{"tweetid":260139745575849986,"ds_language":"en","language":"en","label":"neutral"}
{"tweetid":260139923485638657,"ds_language":"en","language":"en","label":"neutral"}
{"tweetid":260536078556082176,"ds_language":"en","language":"de","label":"positive"}
{"tweetid":206382552334864384,"ds_language":"en","language":"en","label":"neutral"}
{"tweetid":261174780579942400,"ds_language":"en","language":"en","label":"neutral"}
{"tweetid":261174992614604800,"ds_language":"en","language":"et","label":"neutral"}
{"tweetid":262176127253106688,"ds_language":"en","language":"it","label":"neutral"}
{"tweetid":262176207200731136,"ds_language":"en","language":"en","label":"neutral"}
{"tweetid":262176269670678528,"ds_language":"en","language":"en","label":"neutral"}
{"tweetid":262176385735479296,"ds_language":"en","language":"en","label":"neutral"}
{"tweetid":262176417377288192,"ds_language":"en","language":"en","label":"neutral"}
{"tweetid":262176517163982849,"ds_language":"en","language":"en","label":"neutral"}
{"tweetid":262176946186768385,"ds_language":"en","language":"en","label":"neutral"}
{"tweetid":262177243332222978,"ds_language":"en","language":"en","label":"neutral"}
{"tweetid":262233313736028160,"ds_language":"en","language":"en","label":"neutral"}
{"tweetid":262378373756616704,"ds_language":"en","language":"en","label":"negative"}
{"tweetid":262584853365661696,"ds_language":"en","language":"en","label":"neutral"}
{"tweetid":262584935074893824,"ds_language":"en","language":"en","label":"positive"}
{"tweetid":262881130737455104,"ds_language":"en","language":"en","label":"positive"}
{"tweetid":263337412380487680,"ds_language":"en","language":"en","label":"neutral"}
{"tweetid":263409451271344129,"ds_language":"en","language":"en","label":"neutral"}
{"tweetid":263456272811167744,"ds_language":"en","language":"en","label":"neutral"}
{"tweetid":263635623464800257,"ds_language":"en","language":"en","label":"neutral"}
{"tweetid":263635724648210433,"ds_language":"en","language":"en","label":"neutral"}
{"tweetid":263672766316830721,"ds_language":"en","language":"en","label":"negative"}
{"tweetid":263776101984243712,"ds_language":"en","language":"en","label":"positive"}
{"tweetid":263791490713673728,"ds_language":"en","language":"en","label":"positive"}
{"tweetid":263791544526594048,"ds_language":"en","language":"en","label":"positive"}
{"tweetid":263818518380826624,"ds_language":"en","language":"it","label":"positive"}
{"tweetid":263892369886310400,"ds_language":"en","language":"af","label":"positive"}
{"tweetid":263931165717712897,"ds_language":"en","language":"en","label":"neutral"}
{"tweetid":263944756718100480,"ds_language":"en","language":"cy","label":"negative"}
{"tweetid":263718321051009025,"ds_language":"en","language":"en","label":"positive"}
{"tweetid":264076859023716352,"ds_language":"en","language":"de","label":"positive"}
{"tweetid":264080425994039297,"ds_language":"en","language":"en","label":"neutral"}
{"tweetid":264116144745639937,"ds_language":"en","language":"en","label":"neutral"}
{"tweetid":261240053198643200,"ds_language":"en","language":"en","label":"neutral"}
{"tweetid":261511252692570112,"ds_language":"en","language":"nl","label":"neutral"}
{"tweetid":264153649922592769,"ds_language":"en","language":"en","label":"positive"}
{"tweetid":262976882348277761,"ds_language":"en","language":"en","label":"negative"}
{"tweetid":264191442375802880,"ds_language":"en","language":"en","label":"neutral"}
{"tweetid":264170334423511040,"ds_language":"en","language":"en","label":"neutral"}
{"tweetid":245573445872676864,"ds_language":"en","language":"en","label":"neutral"}
{"tweetid":245573602680901632,"ds_language":"en","language":"en","label":"neutral"}
{"tweetid":264250867597848576,"ds_language":"en","language":"en","label":"neutral"}
{"tweetid":101086996503597056,"ds_language":"en","language":"en","label":"neutral"}
{"tweetid":101762128456843265,"ds_language":"en","language":"en","label":"positive"}
{"tweetid":102199254054998016,"ds_language":"en","language":"en","label":"neutral"}
{"tweetid":111344599699693568,"ds_language":"en","language":"en","label":"neutral"}
{"tweetid":111344977212211201,"ds_language":"en","language":"en","label":"neutral"}
{"tweetid":115749015211094016,"ds_language":"en","language":"en","label":"neutral"}
{"tweetid":115749021011808256,"ds_language":"en","language":"en","label":"neutral"}
{"tweetid":172085750240772096,"ds_language":"en","language":"en","label":"neutral"}
{"tweetid":172541036780986371,"ds_language":"en","language":"en","label":"positive"}
{"tweetid":175166515761528832,"ds_language":"en","language":"en","label":"positive"}
{"tweetid":176583572944191488,"ds_language":"en","language":"en","label":"positive"}
{"tweetid":179790863847784448,"ds_language":"en","language":"en","label":"neutral"}
{"tweetid":181311309604847616,"ds_language":"en","language":"en","label":"neutral"}
{"tweetid":182659624057581569,"ds_language":"en","language":"en","label":"neutral"}
{"tweetid":182671465710223360,"ds_language":"en","language":"en","label":"neutral"}
{"tweetid":200375530254647296,"ds_language":"en","language":"en","label":"negative"}
{"tweetid":200376006249426944,"ds_language":"en","language":"en","label":"positive"}
{"tweetid":200376609797177345,"ds_language":"en","language":"en","label":"negative"}
{"tweetid":201377877713895424,"ds_language":"en","language":"en","label":"neutral"}
{"tweetid":207183183140241410,"ds_language":"en","language":"en","label":"neutral"}
{"tweetid":207183701149356032,"ds_language":"en","language":"en","label":"neutral"}
{"tweetid":209047158853341184,"ds_language":"en","language":"en","label":"neutral"}
{"tweetid":209067361544839168,"ds_language":"en","language":"en","label":"positive"}
{"tweetid":201903154554605569,"ds_language":"en","language":"en","label":"positive"}
{"tweetid":210728136051138561,"ds_language":"en","language":"fr","label":"neutral"}
{"tweetid":213342817081233409,"ds_language":"en","language":"en","label":"neutral"}
{"tweetid":136483313631232000,"ds_language":"en","language":"en","label":"neutral"}
{"tweetid":159779817850548224,"ds_language":"en","language":"da","label":"neutral"}
{"tweetid":215793730576318464,"ds_language":"en","language":"en","label":"positive"}
{"tweetid":215794100253892608,"ds_language":"en","language":"fr","label":"positive"}
{"tweetid":215794296337600512,"ds_language":"en","language":"en","label":"positive"}
{"tweetid":215794896844492801,"ds_language":"en","language":"en","label":"neutral"}
{"tweetid":215795316761432064,"ds_language":"en","language":"en","label":"neutral"}
{"tweetid":217011456032509952,"ds_language":"en","language":"so","label":"negative"}
{"tweetid":218215681609572352,"ds_language":"en","language":"en","label":"neutral"}
{"tweetid":215624750544859137,"ds_language":"en","language":"en","label":"neutral"}
{"tweetid":215625636297969666,"ds_language":"en","language":"en","label":"neutral"}
{"tweetid":215666804813606912,"ds_language":"en","language":"en","label":"positive"}
{"tweetid":215824336903340032,"ds_language":"en","language":"en","label":"neutral"}
{"tweetid":215824858225975297,"ds_language":"en","language":"en","label":"positive"}
{"tweetid":180125704648790016,"ds_language":"en","language":"en","label":"positive"}
{"tweetid":182996145759457280,"ds_language":"en","language":"af","label":"neutral"}
{"tweetid":182998895301902336,"ds_language":"en","language":"en","label":"positive"}
{"tweetid":183013849971167233,"ds_language":"en","language":"en","label":"positive"}
{"tweetid":183034947299315712,"ds_language":"en","language":"af","label":"positive"}
{"tweetid":220565385257304064,"ds_language":"en","language":"en","label":"neutral"}
{"tweetid":222100424767979520,"ds_language":"en","language":"en","label":"neutral"}
{"tweetid":216670362916749313,"ds_language":"en","language":"en","label":"neutral"}
{"tweetid":216720472954503169,"ds_language":"en","language":"en","label":"neutral"}
{"tweetid":217007592948506624,"ds_language":"en","language":"en","label":"neutral"}
{"tweetid":217008632544501760,"ds_language":"en","language":"en","label":"neutral"}
{"tweetid":217050924051476482,"ds_language":"en","language":"en","label":"neutral"}
{"tweetid":217140561512116225,"ds_language":"en","language":"en","label":"neutral"}
{"tweetid":223688491513548801,"ds_language":"en","language":"nl","label":"positive"}
{"tweetid":224143832634245120,"ds_language":"en","language":"tr","label":"positive"}
{"tweetid":224149130312818688,"ds_language":"en","language":"en","label":"neutral"}
{"tweetid":227281507805433856,"ds_language":"en","language":"en","label":"positive"}
{"tweetid":229401563830042624,"ds_language":"en","language":"en","label":"neutral"}
{"tweetid":230779482049495040,"ds_language":"en","language":"en","label":"neutral"}
{"tweetid":230779678783332352,"ds_language":"en","language":"en","label":"neutral"}
{"tweetid":230845827487260672,"ds_language":"en","language":"en","label":"neutral"}
{"tweetid":231107412252303360,"ds_language":"en","language":"en","label":"positive"}
{"tweetid":233272713689563136,"ds_language":"en","language":"en","label":"positive"}
{"tweetid":233276595517935616,"ds_language":"en","language":"en","label":"positive"}
{"tweetid":233278864175009792,"ds_language":"en","language":"en","label":"neutral"}
{"tweetid":233290289689792513,"ds_language":"en","language":"en","label":"neutral"}
{"tweetid":234342877948416000,"ds_language":"en","language":"en","label":"neutral"}
{"tweetid":236103642225184768,"ds_language":"en","language":"en","label":"negative"}
{"tweetid":236107374006509569,"ds_language":"en","language":"en","label":"positive"}
{"tweetid":236112311369228288,"ds_language":"en","language":"sw","label":"positive"}
{"tweetid":236567601206157312,"ds_language":"en","language":"en","label":"neutral"}
{"tweetid":236937024748277760,"ds_language":"en","language":"en","label":"neutral"}
{"tweetid":236211134233985024,"ds_language":"en","language":"en","label":"positive"}
{"tweetid":238128790902026240,"ds_language":"en","language":"en","label":"neutral"}
{"tweetid":241143548429361152,"ds_language":"en","language":"en","label":"neutral"}
{"tweetid":241146813581762560,"ds_language":"en","language":"en","label":"neutral"}
{"tweetid":241595409200459776,"ds_language":"en","language":"en","label":"neutral"}
{"tweetid":242310480897654784,"ds_language":"en","language":"en","label":"neutral"}
{"tweetid":243817608602869760,"ds_language":"en","language":"en","label":"neutral"}
{"tweetid":244132223568207873,"ds_language":"en","language":"it","label":"positive"}
{"tweetid":244132360034058240,"ds_language":"en","language":"en","label":"neutral"}
{"tweetid":244132432775901185,"ds_language":"en","language":"en","label":"positive"}
{"tweetid":244649130054516736,"ds_language":"en","language":"en","label":"neutral"}
{"tweetid":244676048879484928,"ds_language":"en","language":"en","label":"neutral"}
{"tweetid":244676333819551747,"ds_language":"en","language":"en","label":"neutral"}
{"tweetid":244689443892654080,"ds_language":"en","language":"en","label":"neutral"}
{"tweetid":244690608919289856,"ds_language":"en","language":"en","label":"neutral"}
{"tweetid":244744426709217280,"ds_language":"en","language":"en","label":"neutral"}
{"tweetid":245116613567856640,"ds_language":"en","language":"en","label":"neutral"}
{"tweetid":244132580935487488,"ds_language":"en","language":"en","label":"negative"}
{"tweetid":245527074658476032,"ds_language":"en","language":"en","label":"neutral"}
{"tweetid":245596051594153985,"ds_language":"en","language":"en","label":"positive"}
{"tweetid":246354937813012481,"ds_language":"en","language":"en","label":"neutral"}
{"tweetid":246355227089969152,"ds_language":"en","language":"en","label":"neutral"}
{"tweetid":246355607454617600,"ds_language":"en","language":"en","label":"neutral"}
{"tweetid":246357577347260418,"ds_language":"en","language":"en","label":"negative"}
{"tweetid":246358852092694529,"ds_language":"en","language":"en","label":"neutral"}
{"tweetid":247411230166360064,"ds_language":"en","language":"en","label":"positive"}
{"tweetid":247469893950263296,"ds_language":"en","language":"en","label":"positive"}
{"tweetid":248151710160273412,"ds_language":"en","language":"en","label":"negative"}
{"tweetid":248421076940509184,"ds_language":"en","language":"en","label":"neutral"}
{"tweetid":248687515513544705,"ds_language":"en","language":"en","label":"positive"}
{"tweetid":248687722200457216,"ds_language":"en","language":"en","label":"negative"}
{"tweetid":248687727862755328,"ds_language":"en","language":"en","label":"positive"}
{"tweetid":248989600398311424,"ds_language":"en","language":"en","label":"neutral"}
{"tweetid":250180790892253184,"ds_language":"en","language":"en","label":"neutral"}
{"tweetid":250719140812316672,"ds_language":"en","language":"en","label":"positive"}
{"tweetid":250719406177525760,"ds_language":"en","language":"en","label":"neutral"}
{"tweetid":250792953004576768,"ds_language":"en","language":"en","label":"neutral"}
{"tweetid":250800538415927296,"ds_language":"en","language":"en","label":"positive"}
{"tweetid":250453007018373120,"ds_language":"en","language":"en","label":"neutral"}
{"tweetid":250881922752974848,"ds_language":"en","language":"fr","label":"neutral"}
{"tweetid":250995726732103680,"ds_language":"en","language":"en","label":"neutral"}
{"tweetid":251055669669658624,"ds_language":"en","language":"en","label":"neutral"}
{"tweetid":251468008629870592,"ds_language":"en","language":"en","label":"positive"}
{"tweetid":251953429184909312,"ds_language":"en","language":"en","label":"positive"}
{"tweetid":251953526341787648,"ds_language":"en","language":"en","label":"positive"}
{"tweetid":251953665437491200,"ds_language":"en","language":"en","label":"positive"}
{"tweetid":251954569515520000,"ds_language":"en","language":"tl","label":"neutral"}
{"tweetid":252075399406833664,"ds_language":"en","language":"en","label":"neutral"}
{"tweetid":252038153869856769,"ds_language":"en","language":"cy","label":"neutral"}
{"tweetid":252047707013795840,"ds_language":"en","language":"en","label":"neutral"}
{"tweetid":252059816447586304,"ds_language":"en","language":"en","label":"positive"}
{"tweetid":253179865019334656,"ds_language":"en","language":"en","label":"neutral"}
{"tweetid":253513194839109632,"ds_language":"en","language":"cy","label":"neutral"}
{"tweetid":254528561518616576,"ds_language":"en","language":"en","label":"positive"}
{"tweetid":255360462781300736,"ds_language":"en","language":"en","label":"positive"}
{"tweetid":255473694254702592,"ds_language":"en","language":"en","label":"neutral"}
{"tweetid":255473764169560065,"ds_language":"en","language":"en","label":"neutral"}
{"tweetid":255473931954290688,"ds_language":"en","language":"en","label":"neutral"}
{"tweetid":255477661361647616,"ds_language":"en","language":"en","label":"neutral"}
{"tweetid":255479177376063488,"ds_language":"en","language":"en","label":"neutral"}
{"tweetid":255479586777862145,"ds_language":"en","language":"en","label":"neutral"}
{"tweetid":255858723988328448,"ds_language":"en","language":"en","label":"negative"}
{"tweetid":256075191363452931,"ds_language":"en","language":"en","label":"negative"}
{"tweetid":256075718260305920,"ds_language":"en","language":"tl","label":"neutral"}
{"tweetid":256147505186746368,"ds_language":"en","language":"en","label":"positive"}
{"tweetid":256191295230459905,"ds_language":"en","language":"en","label":"neutral"}
{"tweetid":256555035578728449,"ds_language":"en","language":"en","label":"neutral"}
{"tweetid":256572313049395200,"ds_language":"en","language":"en","label":"neutral"}
{"tweetid":256786950315446273,"ds_language":"en","language":"en","label":"neutral"}
{"tweetid":256787399944830976,"ds_language":"en","language":"en","label":"neutral"}
{"tweetid":256886054433464320,"ds_language":"en","language":"en","label":"neutral"}
{"tweetid":256886814567170048,"ds_language":"en","language":"UNKNOWN","label":"neutral"}
{"tweetid":257203787503120384,"ds_language":"en","language":"en","label":"positive"}
{"tweetid":257551511637336064,"ds_language":"en","language":"en","label":"neutral"}
{"tweetid":258057768454467584,"ds_language":"en","language":"tl","label":"positive"}
{"tweetid":258294705069113344,"ds_language":"en","language":"en","label":"neutral"}
{"tweetid":258630341005295616,"ds_language":"en","language":"en","label":"neutral"}
{"tweetid":258630720535285760,"ds_language":"en","language":"en","label":"neutral"}
{"tweetid":258631219263184896,"ds_language":"en","language":"sv","label":"neutral"}
{"tweetid":258648625201156097,"ds_language":"en","language":"en","label":"positive"}
{"tweetid":258648912452284416,"ds_language":"en","language":"en","label":"positive"}
{"tweetid":258649591245856770,"ds_language":"en","language":"en","label":"positive"}
{"tweetid":258652091747291139,"ds_language":"en","language":"en","label":"positive"}
{"tweetid":258709908923502592,"ds_language":"en","language":"en","label":"neutral"}
{"tweetid":258831717765373952,"ds_language":"en","language":"en","label":"positive"}
{"tweetid":258833097422946304,"ds_language":"en","language":"en","label":"neutral"}
{"tweetid":258850903895969792,"ds_language":"en","language":"en","label":"neutral"}
{"tweetid":258894317362479104,"ds_language":"en","language":"en","label":"neutral"}
{"tweetid":259000421912305664,"ds_language":"en","language":"en","label":"neutral"}
{"tweetid":259003849463980032,"ds_language":"en","language":"en","label":"neutral"}
{"tweetid":259004802984472576,"ds_language":"en","language":"en","label":"neutral"}
{"tweetid":259021283864481792,"ds_language":"en","language":"en","label":"neutral"}
{"tweetid":259028669308223488,"ds_language":"en","language":"en","label":"negative"}
{"tweetid":259172965558665216,"ds_language":"en","language":"en","label":"neutral"}
{"tweetid":258535552784162816,"ds_language":"en","language":"en","label":"neutral"}
{"tweetid":259306830386323456,"ds_language":"en","language":"en","label":"neutral"}
{"tweetid":259306866826416129,"ds_language":"en","language":"en","label":"neutral"}
{"tweetid":259325040754057216,"ds_language":"en","language":"en","label":"positive"}
{"tweetid":259148377957212160,"ds_language":"en","language":"en","label":"positive"}
{"tweetid":258691111814569985,"ds_language":"en","language":"sk","label":"neutral"}
{"tweetid":258693443906322432,"ds_language":"en","language":"en","label":"positive"}
{"tweetid":259273708034723840,"ds_language":"en","language":"sk","label":"neutral"}
{"tweetid":259723072276418561,"ds_language":"en","language":"en","label":"neutral"}
{"tweetid":259733377509371905,"ds_language":"en","language":"en","label":"neutral"}
{"tweetid":258245439135047680,"ds_language":"en","language":"en","label":"positive"}
{"tweetid":259524667633696769,"ds_language":"en","language":"so","label":"neutral"}
{"tweetid":260034848155136000,"ds_language":"en","language":"en","label":"neutral"}
{"tweetid":260034880954585089,"ds_language":"en","language":"en","label":"positive"}
{"tweetid":260035131119632386,"ds_language":"en","language":"en","label":"neutral"}
{"tweetid":260035135880171520,"ds_language":"en","language":"en","label":"positive"}
{"tweetid":260035276729102336,"ds_language":"en","language":"en","label":"neutral"}
{"tweetid":260035686827167744,"ds_language":"en","language":"so","label":"neutral"}
{"tweetid":260035786030841857,"ds_language":"en","language":"en","label":"neutral"}
{"tweetid":260035856306409472,"ds_language":"en","language":"en","label":"positive"}
{"tweetid":260092934819557379,"ds_language":"en","language":"en","label":"positive"}
{"tweetid":235074863910514688,"ds_language":"en","language":"en","label":"neutral"}
{"tweetid":235075148221403136,"ds_language":"en","language":"it","label":"neutral"}
{"tweetid":235413483640979456,"ds_language":"en","language":"en","label":"neutral"}
{"tweetid":235669453113806848,"ds_language":"en","language":"en","label":"neutral"}
{"tweetid":235675594816360448,"ds_language":"en","language":"it","label":"neutral"}
{"tweetid":235675857673416704,"ds_language":"en","language":"it","label":"neutral"}
{"tweetid":260077686196695042,"ds_language":"en","language":"en","label":"positive"}
{"tweetid":260539542325587968,"ds_language":"en","language":"en","label":"positive"}
{"tweetid":260859172046897152,"ds_language":"en","language":"de","label":"neutral"}
{"tweetid":260873419007066114,"ds_language":"en","language":"en","label":"neutral"}
{"tweetid":260875910281048065,"ds_language":"en","language":"en","label":"neutral"}
{"tweetid":260882429999456257,"ds_language":"en","language":"en","label":"neutral"}
{"tweetid":260932987481387009,"ds_language":"en","language":"en","label":"neutral"}
{"tweetid":260932987821125633,"ds_language":"en","language":"en","label":"neutral"}
{"tweetid":260932997610602496,"ds_language":"en","language":"en","label":"neutral"}
{"tweetid":260933025129431040,"ds_language":"en","language":"en","label":"neutral"}
{"tweetid":260933052958666753,"ds_language":"en","language":"en","label":"neutral"}
{"tweetid":260933063775776768,"ds_language":"en","language":"en","label":"neutral"}
{"tweetid":260933093249138688,"ds_language":"en","language":"en","label":"neutral"}
{"tweetid":260933137591304192,"ds_language":"en","language":"en","label":"neutral"}
{"tweetid":260933144511926273,"ds_language":"en","language":"en","label":"neutral"}
{"tweetid":260933150157455360,"ds_language":"en","language":"en","label":"neutral"}
{"tweetid":260973999746592768,"ds_language":"en","language":"en","label":"neutral"}
{"tweetid":261130398585733121,"ds_language":"en","language":"en","label":"neutral"}
{"tweetid":261139864425205761,"ds_language":"en","language":"en","label":"positive"}
{"tweetid":261176290147725312,"ds_language":"en","language":"en","label":"positive"}
{"tweetid":261217193553965056,"ds_language":"en","language":"en","label":"neutral"}
{"tweetid":261217196984897536,"ds_language":"en","language":"en","label":"positive"}
{"tweetid":261246099203977216,"ds_language":"en","language":"en","label":"neutral"}
{"tweetid":253484566629711872,"ds_language":"en","language":"en","label":"negative"}
{"tweetid":261263168020553731,"ds_language":"en","language":"en","label":"neutral"}
{"tweetid":261310595675070467,"ds_language":"en","language":"en","label":"positive"}
{"tweetid":261328261840240640,"ds_language":"en","language":"en","label":"positive"}
{"tweetid":261455584505778176,"ds_language":"en","language":"en","label":"neutral"}
{"tweetid":261455968351703043,"ds_language":"en","language":"en","label":"neutral"}
{"tweetid":261513760550830081,"ds_language":"en","language":"en","label":"neutral"}
{"tweetid":261553274870710274,"ds_language":"en","language":"sk","label":"neutral"}
{"tweetid":261941353620070400,"ds_language":"en","language":"en","label":"positive"}
{"tweetid":261977165577453568,"ds_language":"en","language":"en","label":"neutral"}
{"tweetid":262096786880081920,"ds_language":"en","language":"en","label":"neutral"}
{"tweetid":217315143711866880,"ds_language":"en","language":"en","label":"neutral"}
{"tweetid":262218985620250624,"ds_language":"en","language":"en","label":"positive"}
{"tweetid":262528263119851520,"ds_language":"en","language":"en","label":"neutral"}
{"tweetid":262528287174164480,"ds_language":"en","language":"en","label":"neutral"}
{"tweetid":262528299379589120,"ds_language":"en","language":"en","label":"negative"}
{"tweetid":262618255888359425,"ds_language":"en","language":"en","label":"neutral"}
{"tweetid":260600645952872448,"ds_language":"en","language":"en","label":"positive"}
{"tweetid":262801246115745792,"ds_language":"en","language":"en","label":"positive"}
{"tweetid":262801246115745792,"ds_language":"en","language":"en","label":"positive"}
{"tweetid":262616145440423936,"ds_language":"en","language":"en","label":"neutral"}
{"tweetid":262653472279769088,"ds_language":"en","language":"en","label":"neutral"}
{"tweetid":262814909019078656,"ds_language":"en","language":"en","label":"positive"}
{"tweetid":262882498898448384,"ds_language":"en","language":"en","label":"neutral"}
{"tweetid":262803362825781248,"ds_language":"en","language":"en","label":"neutral"}
{"tweetid":262923234637389825,"ds_language":"en","language":"en","label":"neutral"}
{"tweetid":262955953622765569,"ds_language":"en","language":"en","label":"neutral"}
{"tweetid":262956243252027392,"ds_language":"en","language":"en","label":"neutral"}
{"tweetid":262956309366845441,"ds_language":"en","language":"en","label":"neutral"}
{"tweetid":263024252712787968,"ds_language":"en","language":"en","label":"positive"}
{"tweetid":249690136617549824,"ds_language":"en","language":"fr","label":"negative"}
{"tweetid":263243441599832065,"ds_language":"en","language":"en","label":"positive"}
{"tweetid":263243508083740673,"ds_language":"en","language":"en","label":"negative"}
{"tweetid":263245122358091778,"ds_language":"en","language":"en","label":"neutral"}
{"tweetid":263261807177789440,"ds_language":"en","language":"en","label":"neutral"}
{"tweetid":263273983116472320,"ds_language":"en","language":"en","label":"positive"}
{"tweetid":263307241430609920,"ds_language":"en","language":"id","label":"neutral"}
{"tweetid":263322264894857218,"ds_language":"en","language":"en","label":"positive"}
{"tweetid":263348118505021440,"ds_language":"en","language":"en","label":"negative"}
{"tweetid":263364024241102850,"ds_language":"en","language":"en","label":"positive"}
{"tweetid":263365068522135552,"ds_language":"en","language":"da","label":"neutral"}
{"tweetid":263369078364852224,"ds_language":"en","language":"en","label":"negative"}
{"tweetid":263417984587034624,"ds_language":"en","language":"en","label":"neutral"}
{"tweetid":263417988680663041,"ds_language":"en","language":"en","label":"negative"}
{"tweetid":263418012760158208,"ds_language":"en","language":"nl","label":"positive"}
{"tweetid":263418021912141824,"ds_language":"en","language":"nl","label":"positive"}
{"tweetid":263418023120076802,"ds_language":"en","language":"en","label":"neutral"}
{"tweetid":263408675593519105,"ds_language":"en","language":"en","label":"neutral"}
{"tweetid":263491268238245888,"ds_language":"en","language":"en","label":"neutral"}
{"tweetid":263522679624196096,"ds_language":"en","language":"id","label":"positive"}
{"tweetid":263528458527834113,"ds_language":"en","language":"en","label":"neutral"}
{"tweetid":263374428870684673,"ds_language":"en","language":"en","label":"positive"}
{"tweetid":263549707744325633,"ds_language":"en","language":"en","label":"neutral"}
{"tweetid":263276341447782400,"ds_language":"en","language":"en","label":"positive"}
{"tweetid":263276584616726528,"ds_language":"en","language":"en","label":"positive"}
{"tweetid":263304985943617536,"ds_language":"en","language":"en","label":"positive"}
{"tweetid":263584405073842176,"ds_language":"en","language":"en","label":"neutral"}
{"tweetid":263628330954285057,"ds_language":"en","language":"tl","label":"positive"}
{"tweetid":263629035727355905,"ds_language":"en","language":"en","label":"negative"}
{"tweetid":263678609535934464,"ds_language":"en","language":"en","label":"neutral"}
{"tweetid":262028051276234754,"ds_language":"en","language":"en","label":"neutral"}
{"tweetid":263701207531536384,"ds_language":"en","language":"en","label":"neutral"}
{"tweetid":263701609421344769,"ds_language":"en","language":"en","label":"neutral"}
{"tweetid":263702327029022721,"ds_language":"en","language":"ca","label":"positive"}
{"tweetid":263650524052721665,"ds_language":"en","language":"en","label":"positive"}
{"tweetid":263671285169680384,"ds_language":"en","language":"nl","label":"positive"}
{"tweetid":263682747346870272,"ds_language":"en","language":"af","label":"positive"}
{"tweetid":263696374544080897,"ds_language":"en","language":"en","label":"positive"}
{"tweetid":263708523676979201,"ds_language":"en","language":"en","label":"neutral"}
{"tweetid":263709038737518592,"ds_language":"en","language":"nl","label":"positive"}
{"tweetid":263709246301028352,"ds_language":"en","language":"pl","label":"positive"}
{"tweetid":263714209089597440,"ds_language":"en","language":"en","label":"neutral"}
{"tweetid":263716359278579712,"ds_language":"en","language":"en","label":"neutral"}
{"tweetid":263730958488969216,"ds_language":"en","language":"en","label":"negative"}
{"tweetid":263731503723319296,"ds_language":"en","language":"en","label":"neutral"}
{"tweetid":263732933620289536,"ds_language":"en","language":"en","label":"negative"}
{"tweetid":263733649608941568,"ds_language":"en","language":"en","label":"neutral"}
{"tweetid":263739919124533248,"ds_language":"en","language":"en","label":"positive"}
{"tweetid":263730089202704384,"ds_language":"en","language":"en","label":"neutral"}
{"tweetid":263741664177307648,"ds_language":"en","language":"en","label":"positive"}
{"tweetid":263742444665987072,"ds_language":"en","language":"en","label":"positive"}
{"tweetid":263750725522317312,"ds_language":"en","language":"en","label":"positive"}
{"tweetid":263751365694742528,"ds_language":"en","language":"id","label":"neutral"}
{"tweetid":263751959339745280,"ds_language":"en","language":"en","label":"neutral"}
{"tweetid":263761004289208320,"ds_language":"en","language":"en","label":"neutral"}
{"tweetid":263761353397903360,"ds_language":"en","language":"it","label":"neutral"}
{"tweetid":263761672487972865,"ds_language":"en","language":"en","label":"neutral"}
{"tweetid":263763291531247616,"ds_language":"en","language":"en","label":"positive"}
{"tweetid":263763576639078400,"ds_language":"en","language":"en","label":"positive"}
{"tweetid":263780377628401665,"ds_language":"en","language":"en","label":"positive"}
{"tweetid":263797779724398593,"ds_language":"en","language":"tl","label":"neutral"}
{"tweetid":263817665255198722,"ds_language":"en","language":"en","label":"neutral"}
{"tweetid":263516738677788672,"ds_language":"en","language":"en","label":"neutral"}
{"tweetid":263827028103540736,"ds_language":"en","language":"en","label":"positive"}
{"tweetid":263859397963444224,"ds_language":"en","language":"en","label":"neutral"}
{"tweetid":263901788493725696,"ds_language":"en","language":"en","label":"positive"}
{"tweetid":263902718790356992,"ds_language":"en","language":"en","label":"positive"}
{"tweetid":263902981135671296,"ds_language":"en","language":"en","label":"positive"}
{"tweetid":263903648898248704,"ds_language":"en","language":"en","label":"neutral"}
{"tweetid":263904075727384576,"ds_language":"en","language":"id","label":"neutral"}
{"tweetid":262616368761937920,"ds_language":"en","language":"en","label":"neutral"}
{"tweetid":263014207245668352,"ds_language":"en","language":"en","label":"neutral"}
{"tweetid":263983639291887617,"ds_language":"en","language":"en","label":"neutral"}
{"tweetid":264005576655253505,"ds_language":"en","language":"en","label":"neutral"}
{"tweetid":264046225022648320,"ds_language":"en","language":"en","label":"neutral"}
{"tweetid":261129775366676480,"ds_language":"en","language":"en","label":"positive"}
{"tweetid":264007356390715392,"ds_language":"en","language":"en","label":"neutral"}
{"tweetid":264064718019366912,"ds_language":"en","language":"en","label":"positive"}
{"tweetid":264071845567946752,"ds_language":"en","language":"en","label":"negative"}
{"tweetid":264072039072157696,"ds_language":"en","language":"en","label":"positive"}
{"tweetid":264075620227616768,"ds_language":"en","language":"en","label":"neutral"}
{"tweetid":264084956228251648,"ds_language":"en","language":"en","label":"positive"}
{"tweetid":255829647579836418,"ds_language":"en","language":"tl","label":"neutral"}
{"tweetid":264088909942767616,"ds_language":"en","language":"en","label":"neutral"}
{"tweetid":264093103860875264,"ds_language":"en","language":"en","label":"neutral"}
{"tweetid":263444366142611457,"ds_language":"en","language":"en","label":"positive"}
{"tweetid":264093363609944064,"ds_language":"en","language":"nl","label":"positive"}
{"tweetid":264104803053993984,"ds_language":"en","language":"en","label":"neutral"}
{"tweetid":264118054638714880,"ds_language":"en","language":"en","label":"positive"}
{"tweetid":264118092496502784,"ds_language":"en","language":"en","label":"neutral"}
{"tweetid":256778195947380736,"ds_language":"en","language":"en","label":"negative"}
{"tweetid":264127581761183744,"ds_language":"en","language":"pt","label":"positive"}
{"tweetid":264140878375952384,"ds_language":"en","language":"en","label":"negative"}
{"tweetid":264140892938575872,"ds_language":"en","language":"en","label":"neutral"}
{"tweetid":264148146450464768,"ds_language":"en","language":"en","label":"neutral"}
{"tweetid":264120824565493760,"ds_language":"en","language":"en","label":"neutral"}
{"tweetid":264146249060610048,"ds_language":"en","language":"en","label":"neutral"}
{"tweetid":264124644989222912,"ds_language":"en","language":"en","label":"positive"}
{"tweetid":263675823805067264,"ds_language":"en","language":"pt","label":"positive"}
{"tweetid":263676066957242368,"ds_language":"en","language":"en","label":"neutral"}
{"tweetid":263676408516182017,"ds_language":"en","language":"en","label":"neutral"}
{"tweetid":263676411401887744,"ds_language":"en","language":"en","label":"neutral"}
{"tweetid":263681018425376768,"ds_language":"en","language":"vi","label":"positive"}
{"tweetid":263705476557066241,"ds_language":"en","language":"en","label":"neutral"}
{"tweetid":263705799673655296,"ds_language":"en","language":"en","label":"neutral"}
{"tweetid":263706280085041153,"ds_language":"en","language":"en","label":"neutral"}
{"tweetid":263707023416389632,"ds_language":"en","language":"en","label":"neutral"}
{"tweetid":263720356127313920,"ds_language":"en","language":"en","label":"negative"}
{"tweetid":263721167679000576,"ds_language":"en","language":"en","label":"neutral"}
{"tweetid":264029841479831552,"ds_language":"en","language":"en","label":"neutral"}
{"tweetid":264073281706008576,"ds_language":"en","language":"en","label":"neutral"}
{"tweetid":264107607122407424,"ds_language":"en","language":"en","label":"neutral"}
{"tweetid":264161031394320384,"ds_language":"en","language":"en","label":"neutral"}
{"tweetid":264164054346633217,"ds_language":"en","language":"en","label":"neutral"}
{"tweetid":264164554378997760,"ds_language":"en","language":"en","label":"neutral"}
{"tweetid":264165040628850688,"ds_language":"en","language":"en","label":"positive"}
{"tweetid":264202743877615616,"ds_language":"en","language":"en","label":"neutral"}
{"tweetid":261591027733917696,"ds_language":"en","language":"en","label":"positive"}
{"tweetid":264217145121062912,"ds_language":"en","language":"en","label":"negative"}
{"tweetid":264186845829668864,"ds_language":"en","language":"en","label":"positive"}
{"tweetid":264218183643316225,"ds_language":"en","language":"en","label":"neutral"}
{"tweetid":264209970789228545,"ds_language":"en","language":"hr","label":"neutral"}
{"tweetid":264220660224634880,"ds_language":"en","language":"en","label":"neutral"}
{"tweetid":264172628636471297,"ds_language":"en","language":"en","label":"positive"}
{"tweetid":264173316045156352,"ds_language":"en","language":"en","label":"positive"}
{"tweetid":264225191629033472,"ds_language":"en","language":"en","label":"neutral"}
{"tweetid":264230735005753345,"ds_language":"en","language":"en","label":"neutral"}
{"tweetid":264235252711563264,"ds_language":"en","language":"en","label":"neutral"}
{"tweetid":264115714917548032,"ds_language":"en","language":"en","label":"positive"}
{"tweetid":264226491137683456,"ds_language":"en","language":"en","label":"neutral"}
{"tweetid":264230494340796416,"ds_language":"en","language":"en","label":"positive"}
{"tweetid":264233540923834368,"ds_language":"en","language":"en","label":"neutral"}
{"tweetid":261268931816341504,"ds_language":"en","language":"de","label":"neutral"}
{"tweetid":264252560989368320,"ds_language":"en","language":"en","label":"positive"}
{"tweetid":264257302088007682,"ds_language":"en","language":"en","label":"neutral"}
