{"tweetid":641045779419803648,"ds_language":"en","language":"en","label":"positive"}
{"tweetid":641221882155540480,"ds_language":"en","language":"en","label":"positive"}
{"tweetid":641297149033086977,"ds_language":"en","language":"en","label":"positive"}
{"tweetid":641315202269618176,"ds_language":"en","language":"en","label":"positive"}
{"tweetid":641497394962694144,"ds_language":"en","language":"en","label":"positive"}
{"tweetid":641614426752348160,"ds_language":"en","language":"en","label":"positive"}
{"tweetid":641630842729680896,"ds_language":"en","language":"en","label":"positive"}
{"tweetid":637626986979033088,"ds_language":"en","language":"en","label":"positive"}
{"tweetid":637745966909526016,"ds_language":"en","language":"de","label":"positive"}
{"tweetid":638510545008771073,"ds_language":"en","language":"en","label":"positive"}
{"tweetid":640958530103693312,"ds_language":"en","language":"en","label":"positive"}
{"tweetid":641383137340182528,"ds_language":"en","language":"en","label":"negative"}
{"tweetid":622169226980274176,"ds_language":"en","language":"en","label":"positive"}
{"tweetid":625071677425209344,"ds_language":"en","language":"en","label":"positive"}
{"tweetid":639278863088914432,"ds_language":"en","language":"en","label":"positive"}
{"tweetid":638188012539523072,"ds_language":"en","language":"en","label":"positive"}
{"tweetid":639464019485687808,"ds_language":"en","language":"en","label":"positive"}
{"tweetid":639720230697201664,"ds_language":"en","language":"da","label":"positive"}
{"tweetid":639766917520211968,"ds_language":"en","language":"en","label":"positive"}
{"tweetid":639817715666972672,"ds_language":"en","language":"en","label":"positive"}
{"tweetid":639850577149607936,"ds_language":"en","language":"en","label":"positive"}
{"tweetid":639865037167939584,"ds_language":"en","language":"vi","label":"positive"}
{"tweetid":639909241042698240,"ds_language":"en","language":"en","label":"positive"}
{"tweetid":641605601609428992,"ds_language":"en","language":"vi","label":"positive"}
{"tweetid":635354524685832192,"ds_language":"en","language":"en","label":"positive"}
{"tweetid":635504019008413696,"ds_language":"en","language":"en","label":"positive"}
{"tweetid":633851898752163840,"ds_language":"en","language":"en","label":"positive"}
{"tweetid":634440326770393088,"ds_language":"en","language":"en","label":"positive"}
{"tweetid":635275051722403840,"ds_language":"en","language":"en","label":"positive"}
{"tweetid":638408659505184768,"ds_language":"en","language":"en","label":"positive"}
{"tweetid":640743080254177280,"ds_language":"en","language":"en","label":"positive"}
{"tweetid":641229507962241024,"ds_language":"en","language":"en","label":"positive"}
{"tweetid":634387755003420672,"ds_language":"en","language":"en","label":"positive"}
{"tweetid":639745321115983872,"ds_language":"en","language":"en","label":"positive"}
{"tweetid":634275104709435392,"ds_language":"en","language":"en","label":"positive"}
{"tweetid":634273693644906498,"ds_language":"en","language":"en","label":"positive"}
{"tweetid":634323234167635968,"ds_language":"en","language":"en","label":"positive"}
{"tweetid":634838269885313024,"ds_language":"en","language":"en","label":"positive"}
{"tweetid":640671195235491840,"ds_language":"en","language":"en","label":"positive"}
{"tweetid":628630329469833216,"ds_language":"en","language":"en","label":"positive"}
{"tweetid":630236523175153665,"ds_language":"en","language":"en","label":"positive"}
{"tweetid":630548986571546624,"ds_language":"en","language":"en","label":"positive"}
{"tweetid":632039480694669312,"ds_language":"en","language":"en","label":"positive"}
{"tweetid":633391209415843840,"ds_language":"en","language":"en","label":"positive"}
{"tweetid":635915840337022976,"ds_language":"en","language":"en","label":"positive"}
{"tweetid":636325804209668096,"ds_language":"en","language":"en","label":"positive"}
{"tweetid":641291335861833728,"ds_language":"en","language":"en","label":"positive"}
{"tweetid":641407429696163840,"ds_language":"en","language":"en","label":"positive"}
{"tweetid":624320557576642560,"ds_language":"en","language":"tl","label":"positive"}
{"tweetid":625991715447386112,"ds_language":"en","language":"en","label":"positive"}
