{"tweetid":629394528336637953,"ds_language":"en","language":"en","label":"negative"}
{"tweetid":630159517058142208,"ds_language":"en","language":"en","label":"positive"}
{"tweetid":631104156187627520,"ds_language":"en","language":"en","label":"negative"}
{"tweetid":634169076210733056,"ds_language":"en","language":"en","label":"positive"}
{"tweetid":635658548265947136,"ds_language":"en","language":"en","label":"positive"}
{"tweetid":638268341052948480,"ds_language":"en","language":"en","label":"positive"}
{"tweetid":638570993397682177,"ds_language":"en","language":"en","label":"positive"}
{"tweetid":638618791711084544,"ds_language":"en","language":"en","label":"positive"}
{"tweetid":639935724033339393,"ds_language":"en","language":"it","label":"positive"}
{"tweetid":636396611900321792,"ds_language":"en","language":"en","label":"positive"}
{"tweetid":638683716286464001,"ds_language":"en","language":"en","label":"positive"}
{"tweetid":639159279715545089,"ds_language":"en","language":"en","label":"positive"}
{"tweetid":641338441024712705,"ds_language":"en","language":"en","label":"neutral"}
{"tweetid":641380820180172801,"ds_language":"en","language":"en","label":"positive"}
{"tweetid":641403775442362368,"ds_language":"en","language":"en","label":"positive"}
{"tweetid":641487529703817216,"ds_language":"en","language":"en","label":"negative"}
{"tweetid":641514019304697856,"ds_language":"en","language":"en","label":"positive"}
{"tweetid":629750527560142848,"ds_language":"en","language":"en","label":"positive"}
{"tweetid":640896835234701312,"ds_language":"en","language":"en","label":"positive"}
{"tweetid":621522460807143424,"ds_language":"en","language":"en","label":"negative"}
{"tweetid":620979391984566272,"ds_language":"en","language":"en","label":"negative"}
{"tweetid":621683248851234816,"ds_language":"en","language":"en","label":"negative"}
{"tweetid":621701322815995904,"ds_language":"en","language":"en","label":"negative"}
{"tweetid":640481730126811136,"ds_language":"en","language":"en","label":"neutral"}
{"tweetid":641594551224934402,"ds_language":"en","language":"en","label":"positive"}
{"tweetid":641600749684793344,"ds_language":"en","language":"en","label":"neutral"}
{"tweetid":641634937339297792,"ds_language":"en","language":"en","label":"positive"}
{"tweetid":641639739871903745,"ds_language":"en","language":"en","label":"neutral"}
{"tweetid":641649097682874368,"ds_language":"en","language":"en","label":"positive"}
{"tweetid":641649097682874368,"ds_language":"en","language":"en","label":"positive"}
{"tweetid":641659133863718912,"ds_language":"en","language":"en","label":"positive"}
{"tweetid":641662846196150272,"ds_language":"en","language":"en","label":"neutral"}
{"tweetid":628155253758693376,"ds_language":"en","language":"en","label":"positive"}
{"tweetid":628225751964254209,"ds_language":"en","language":"en","label":"neutral"}
{"tweetid":630475066506125312,"ds_language":"en","language":"en","label":"neutral"}
{"tweetid":640416883678707712,"ds_language":"en","language":"en","label":"positive"}
{"tweetid":640917908433043457,"ds_language":"en","language":"en","label":"positive"}
{"tweetid":640095094373240832,"ds_language":"en","language":"id","label":"positive"}
{"tweetid":641162035015852032,"ds_language":"en","language":"af","label":"neutral"}
{"tweetid":641189394100133888,"ds_language":"en","language":"en","label":"positive"}
{"tweetid":637650889549983745,"ds_language":"en","language":"en","label":"neutral"}
{"tweetid":639689301438017536,"ds_language":"en","language":"en","label":"positive"}
{"tweetid":639792975791456256,"ds_language":"en","language":"en","label":"positive"}
{"tweetid":639869013980413952,"ds_language":"en","language":"en","label":"neutral"}
{"tweetid":640097058033004545,"ds_language":"en","language":"en","label":"positive"}
{"tweetid":641030078021939200,"ds_language":"en","language":"en","label":"neutral"}
{"tweetid":641380527858028544,"ds_language":"en","language":"en","label":"positive"}
{"tweetid":641614426752348160,"ds_language":"en","language":"en","label":"positive"}
{"tweetid":641195520447410176,"ds_language":"en","language":"en","label":"positive"}
{"tweetid":641359048323919872,"ds_language":"en","language":"en","label":"positive"}
{"tweetid":641514213085736960,"ds_language":"en","language":"en","label":"positive"}
{"tweetid":641622093830955008,"ds_language":"en","language":"en","label":"neutral"}
{"tweetid":631168990476402688,"ds_language":"en","language":"en","label":"positive"}
{"tweetid":631458650243117056,"ds_language":"en","language":"en","label":"neutral"}
{"tweetid":634406155264110593,"ds_language":"en","language":"en","label":"neutral"}
{"tweetid":636298797866422272,"ds_language":"en","language":"en","label":"positive"}
{"tweetid":637354000136949761,"ds_language":"en","language":"en","label":"positive"}
{"tweetid":638448199133437952,"ds_language":"en","language":"en","label":"neutral"}
{"tweetid":641258686934052864,"ds_language":"en","language":"af","label":"positive"}
{"tweetid":641284117754191872,"ds_language":"en","language":"en","label":"positive"}
{"tweetid":639950098026397696,"ds_language":"en","language":"en","label":"positive"}
{"tweetid":639969872030535680,"ds_language":"en","language":"en","label":"positive"}
{"tweetid":640423358702587904,"ds_language":"en","language":"en","label":"neutral"}
{"tweetid":640644683245449216,"ds_language":"en","language":"en","label":"positive"}
{"tweetid":641429950067814400,"ds_language":"en","language":"en","label":"positive"}
{"tweetid":641554901496152064,"ds_language":"en","language":"en","label":"positive"}
{"tweetid":631823843179540480,"ds_language":"en","language":"en","label":"positive"}
{"tweetid":633892499807969280,"ds_language":"en","language":"en","label":"positive"}
{"tweetid":635559181278253056,"ds_language":"en","language":"en","label":"positive"}
{"tweetid":635823785397080066,"ds_language":"en","language":"en","label":"positive"}
{"tweetid":640198736665276416,"ds_language":"en","language":"en","label":"positive"}
{"tweetid":628332936836874240,"ds_language":"en","language":"en","label":"negative"}
{"tweetid":635152515940548609,"ds_language":"en","language":"en","label":"neutral"}
{"tweetid":635974485112303616,"ds_language":"en","language":"en","label":"neutral"}
{"tweetid":641585364457684992,"ds_language":"en","language":"en","label":"positive"}
{"tweetid":624691572945362944,"ds_language":"en","language":"en","label":"positive"}
{"tweetid":627246987943915521,"ds_language":"en","language":"en","label":"positive"}
{"tweetid":641356590616940545,"ds_language":"en","language":"en","label":"negative"}
{"tweetid":624295252799672320,"ds_language":"en","language":"en","label":"positive"}
{"tweetid":628295376890671104,"ds_language":"en","language":"en","label":"positive"}
{"tweetid":637282857002659841,"ds_language":"en","language":"en","label":"positive"}
{"tweetid":638411702564966400,"ds_language":"en","language":"en","label":"positive"}
{"tweetid":638768516548530177,"ds_language":"en","language":"en","label":"neutral"}
{"tweetid":638969368550899712,"ds_language":"en","language":"en","label":"positive"}
{"tweetid":641419627051008000,"ds_language":"en","language":"en","label":"neutral"}
{"tweetid":639373839718289408,"ds_language":"en","language":"en","label":"negative"}
{"tweetid":639775350646538244,"ds_language":"en","language":"en","label":"positive"}
{"tweetid":639789950419005440,"ds_language":"en","language":"en","label":"negative"}
{"tweetid":641546858985324544,"ds_language":"en","language":"en","label":"neutral"}
{"tweetid":626687076445089792,"ds_language":"en","language":"en","label":"negative"}
{"tweetid":627106489371598848,"ds_language":"en","language":"en","label":"neutral"}
{"tweetid":634704285683445760,"ds_language":"en","language":"en","label":"neutral"}
{"tweetid":638109028548128768,"ds_language":"en","language":"en","label":"neutral"}
{"tweetid":628325192847237120,"ds_language":"en","language":"en","label":"positive"}
{"tweetid":636397031347478528,"ds_language":"en","language":"en","label":"positive"}
{"tweetid":639996717920862208,"ds_language":"en","language":"de","label":"positive"}
{"tweetid":640679274035347456,"ds_language":"en","language":"en","label":"neutral"}
{"tweetid":640827300079108096,"ds_language":"en","language":"en","label":"positive"}
{"tweetid":641127726192177152,"ds_language":"en","language":"en","label":"positive"}
{"tweetid":641207353660960768,"ds_language":"en","language":"en","label":"positive"}
{"tweetid":641309473244643328,"ds_language":"en","language":"UNKNOWN","label":"positive"}
{"tweetid":637182554395799552,"ds_language":"en","language":"en","label":"positive"}
{"tweetid":639327225695875072,"ds_language":"en","language":"en","label":"positive"}
{"tweetid":625626638756225024,"ds_language":"en","language":"en","label":"positive"}
{"tweetid":627732254370983936,"ds_language":"en","language":"en","label":"positive"}
{"tweetid":631403822800187392,"ds_language":"en","language":"en","label":"positive"}
{"tweetid":631677442571173888,"ds_language":"en","language":"en","label":"neutral"}
{"tweetid":632363681301573633,"ds_language":"en","language":"en","label":"positive"}
{"tweetid":633096009384624128,"ds_language":"en","language":"en","label":"positive"}
{"tweetid":633398449979846658,"ds_language":"en","language":"en","label":"positive"}
{"tweetid":635179668233039873,"ds_language":"en","language":"en","label":"neutral"}
{"tweetid":636155235648585728,"ds_language":"en","language":"en","label":"negative"}
{"tweetid":641384392179478528,"ds_language":"en","language":"en","label":"positive"}
{"tweetid":641503832246124545,"ds_language":"en","language":"en","label":"neutral"}
{"tweetid":641504309293793280,"ds_language":"en","language":"en","label":"neutral"}
{"tweetid":641562484822831105,"ds_language":"en","language":"en","label":"positive"}
{"tweetid":641639586511253504,"ds_language":"en","language":"en","label":"positive"}
{"tweetid":641645363540037632,"ds_language":"en","language":"en","label":"positive"}
{"tweetid":641645457182191616,"ds_language":"en","language":"en","label":"neutral"}
{"tweetid":641650166357848064,"ds_language":"en","language":"en","label":"positive"}
{"tweetid":628031368392523776,"ds_language":"en","language":"en","label":"positive"}
{"tweetid":628468584130326528,"ds_language":"en","language":"en","label":"positive"}
{"tweetid":629063496945287168,"ds_language":"en","language":"en","label":"negative"}
{"tweetid":629307432557260800,"ds_language":"en","language":"en","label":"neutral"}
{"tweetid":631808676420939776,"ds_language":"en","language":"en","label":"neutral"}
{"tweetid":639350928261447680,"ds_language":"en","language":"en","label":"positive"}
{"tweetid":639449952532451328,"ds_language":"en","language":"en","label":"positive"}
{"tweetid":627390672086114304,"ds_language":"en","language":"en","label":"positive"}
{"tweetid":629623583636000768,"ds_language":"en","language":"en","label":"positive"}
{"tweetid":632948814522007552,"ds_language":"en","language":"en","label":"positive"}
{"tweetid":640631832086757376,"ds_language":"en","language":"en","label":"positive"}
{"tweetid":641317600023179266,"ds_language":"en","language":"en","label":"neutral"}
{"tweetid":641397360447197184,"ds_language":"en","language":"en","label":"positive"}
{"tweetid":640832161516421121,"ds_language":"en","language":"en","label":"positive"}
{"tweetid":640942391197868032,"ds_language":"en","language":"en","label":"positive"}
{"tweetid":641001960812900353,"ds_language":"en","language":"en","label":"neutral"}
{"tweetid":641331172446900225,"ds_language":"en","language":"en","label":"positive"}
{"tweetid":641489331966877696,"ds_language":"en","language":"en","label":"positive"}
{"tweetid":638427850526224384,"ds_language":"en","language":"en","label":"neutral"}
{"tweetid":638522290452336641,"ds_language":"en","language":"en","label":"positive"}
{"tweetid":641015405058723840,"ds_language":"en","language":"en","label":"positive"}
{"tweetid":641291071415128064,"ds_language":"en","language":"en","label":"positive"}
{"tweetid":641524015761334272,"ds_language":"en","language":"en","label":"positive"}
{"tweetid":637674130670796800,"ds_language":"en","language":"tl","label":"positive"}
{"tweetid":635369700298498048,"ds_language":"en","language":"en","label":"neutral"}
{"tweetid":636440904967061504,"ds_language":"en","language":"en","label":"positive"}
{"tweetid":636828460820729856,"ds_language":"en","language":"en","label":"positive"}
{"tweetid":637018128111693824,"ds_language":"en","language":"en","label":"positive"}
{"tweetid":638614098482065410,"ds_language":"en","language":"en","label":"positive"}
{"tweetid":639001381655982080,"ds_language":"en","language":"en","label":"positive"}
{"tweetid":639071474754711552,"ds_language":"en","language":"en","label":"positive"}
{"tweetid":639542718117490688,"ds_language":"en","language":"en","label":"neutral"}
{"tweetid":640163020539203584,"ds_language":"en","language":"en","label":"neutral"}
{"tweetid":641433564836290560,"ds_language":"en","language":"en","label":"positive"}
{"tweetid":641482982688075776,"ds_language":"en","language":"en","label":"positive"}
{"tweetid":641323950056841216,"ds_language":"en","language":"en","label":"positive"}
{"tweetid":641328263822999555,"ds_language":"en","language":"en","label":"positive"}
{"tweetid":641595961068900352,"ds_language":"en","language":"tl","label":"positive"}
{"tweetid":641625805508841472,"ds_language":"en","language":"en","label":"positive"}
{"tweetid":641509708747010048,"ds_language":"en","language":"en","label":"neutral"}
{"tweetid":641509725226553344,"ds_language":"en","language":"en","label":"neutral"}
{"tweetid":641584856976203776,"ds_language":"en","language":"en","label":"positive"}
{"tweetid":641636406054526978,"ds_language":"en","language":"en","label":"positive"}
{"tweetid":639909065582231552,"ds_language":"en","language":"en","label":"positive"}
{"tweetid":625942609379336192,"ds_language":"en","language":"en","label":"neutral"}
{"tweetid":631291306829053952,"ds_language":"en","language":"en","label":"negative"}
{"tweetid":635292944271048704,"ds_language":"en","language":"en","label":"neutral"}
{"tweetid":636946543321460737,"ds_language":"en","language":"en","label":"neutral"}
{"tweetid":640291081867952129,"ds_language":"en","language":"en","label":"neutral"}
{"tweetid":639046032140185600,"ds_language":"en","language":"en","label":"neutral"}
{"tweetid":639074965418049536,"ds_language":"en","language":"en","label":"neutral"}
{"tweetid":639892607129264129,"ds_language":"en","language":"vi","label":"neutral"}
{"tweetid":631988836701069312,"ds_language":"en","language":"en","label":"neutral"}
{"tweetid":633389735617036288,"ds_language":"en","language":"en","label":"positive"}
{"tweetid":633676433517244416,"ds_language":"en","language":"en","label":"positive"}
{"tweetid":635952230034608129,"ds_language":"en","language":"en","label":"positive"}
{"tweetid":636147999509479424,"ds_language":"en","language":"en","label":"positive"}
{"tweetid":637028500168310784,"ds_language":"en","language":"en","label":"positive"}
{"tweetid":639330794901737472,"ds_language":"en","language":"en","label":"positive"}
{"tweetid":640388581308043265,"ds_language":"en","language":"en","label":"positive"}
{"tweetid":629056468759773184,"ds_language":"en","language":"en","label":"positive"}
{"tweetid":630775904277540864,"ds_language":"en","language":"en","label":"neutral"}
{"tweetid":631140651707559936,"ds_language":"en","language":"en","label":"positive"}
{"tweetid":631572925313904640,"ds_language":"en","language":"en","label":"neutral"}
{"tweetid":631827817580204034,"ds_language":"en","language":"UNKNOWN","label":"neutral"}
{"tweetid":635599883697815553,"ds_language":"en","language":"en","label":"positive"}
{"tweetid":636167154321227776,"ds_language":"en","language":"en","label":"positive"}
{"tweetid":636644300642611200,"ds_language":"en","language":"en","label":"positive"}
{"tweetid":636671433171668993,"ds_language":"en","language":"en","label":"positive"}
{"tweetid":637302048942387200,"ds_language":"en","language":"af","label":"positive"}
{"tweetid":639515026424860672,"ds_language":"en","language":"en","label":"positive"}
{"tweetid":639587228960882688,"ds_language":"en","language":"en","label":"positive"}
{"tweetid":640884739805548545,"ds_language":"en","language":"en","label":"positive"}
{"tweetid":641311858130092034,"ds_language":"en","language":"en","label":"positive"}
{"tweetid":641544991836372992,"ds_language":"en","language":"en","label":"positive"}
{"tweetid":637335506070687744,"ds_language":"en","language":"en","label":"positive"}
{"tweetid":637671120833916928,"ds_language":"en","language":"en","label":"neutral"}
{"tweetid":638004741243543553,"ds_language":"en","language":"en","label":"positive"}
{"tweetid":638119456733044736,"ds_language":"en","language":"en","label":"neutral"}
{"tweetid":640289087069401088,"ds_language":"en","language":"en","label":"positive"}
{"tweetid":641653392784388097,"ds_language":"en","language":"en","label":"positive"}
{"tweetid":624645175172857856,"ds_language":"en","language":"en","label":"neutral"}
{"tweetid":628964462175895552,"ds_language":"en","language":"en","label":"neutral"}
{"tweetid":631362482309722112,"ds_language":"en","language":"en","label":"neutral"}
{"tweetid":631565030450855936,"ds_language":"en","language":"en","label":"positive"}
{"tweetid":632404457515433984,"ds_language":"en","language":"en","label":"neutral"}
{"tweetid":633775867358003200,"ds_language":"en","language":"en","label":"positive"}
{"tweetid":634940828075429888,"ds_language":"en","language":"en","label":"positive"}
{"tweetid":641403361825198080,"ds_language":"en","language":"en","label":"positive"}
{"tweetid":641408289608212480,"ds_language":"en","language":"en","label":"positive"}
{"tweetid":641408866119454720,"ds_language":"en","language":"en","label":"positive"}
{"tweetid":641599667470401536,"ds_language":"en","language":"so","label":"neutral"}
{"tweetid":641628092843360256,"ds_language":"en","language":"en","label":"neutral"}
{"tweetid":641653593263722496,"ds_language":"en","language":"en","label":"positive"}
{"tweetid":641663607286181888,"ds_language":"en","language":"en","label":"positive"}
{"tweetid":627482421097820160,"ds_language":"en","language":"en","label":"positive"}
{"tweetid":628346967429677056,"ds_language":"en","language":"tl","label":"positive"}
{"tweetid":629243826343821312,"ds_language":"en","language":"en","label":"positive"}
{"tweetid":632197781965438976,"ds_language":"en","language":"en","label":"neutral"}
{"tweetid":637343421527642112,"ds_language":"en","language":"en","label":"positive"}
{"tweetid":638572838874705921,"ds_language":"en","language":"en","label":"positive"}
{"tweetid":639537323995074560,"ds_language":"en","language":"en","label":"negative"}
{"tweetid":638356697040465920,"ds_language":"en","language":"en","label":"positive"}
{"tweetid":639436190706475008,"ds_language":"en","language":"en","label":"positive"}
{"tweetid":641529631615680513,"ds_language":"en","language":"en","label":"positive"}
{"tweetid":629345294266859520,"ds_language":"en","language":"en","label":"positive"}
{"tweetid":636305411918860288,"ds_language":"en","language":"en","label":"positive"}
{"tweetid":638829173469900800,"ds_language":"en","language":"nl","label":"positive"}
{"tweetid":636285195885252608,"ds_language":"en","language":"en","label":"positive"}
{"tweetid":638991537490235392,"ds_language":"en","language":"en","label":"positive"}
{"tweetid":640168030320885760,"ds_language":"en","language":"en","label":"positive"}
{"tweetid":639804600065871872,"ds_language":"en","language":"en","label":"positive"}
{"tweetid":641363371145588736,"ds_language":"en","language":"en","label":"neutral"}
{"tweetid":641441420893515776,"ds_language":"en","language":"en","label":"positive"}
{"tweetid":641558874085003264,"ds_language":"en","language":"en","label":"neutral"}
{"tweetid":629122586920685568,"ds_language":"en","language":"en","label":"positive"}
{"tweetid":629331648929222656,"ds_language":"en","language":"en","label":"neutral"}
{"tweetid":629527291035566080,"ds_language":"en","language":"en","label":"positive"}
{"tweetid":629871654781325312,"ds_language":"en","language":"en","label":"positive"}
{"tweetid":630224972003287040,"ds_language":"en","language":"en","label":"neutral"}
{"tweetid":639804828739346432,"ds_language":"en","language":"en","label":"positive"}
{"tweetid":641034340068143104,"ds_language":"en","language":"en","label":"neutral"}
