{"tweetid":195681830316421120,"ds_language":"en","language":"lt","label":"neutral"}
{"tweetid":198886420125990912,"ds_language":"en","language":"en","label":"positive"}
{"tweetid":218112827485986816,"ds_language":"en","language":"en","label":"positive"}
{"tweetid":233310879989514240,"ds_language":"en","language":"en","label":"positive"}
{"tweetid":235014310747836416,"ds_language":"en","language":"en","label":"positive"}
{"tweetid":239811565937897472,"ds_language":"en","language":"en","label":"positive"}
{"tweetid":243904549369290752,"ds_language":"en","language":"en","label":"positive"}
{"tweetid":246567372385824768,"ds_language":"en","language":"en","label":"positive"}
{"tweetid":254047889716813824,"ds_language":"en","language":"en","label":"positive"}
{"tweetid":255403512081551360,"ds_language":"en","language":"en","label":"positive"}
{"tweetid":255449898810494976,"ds_language":"en","language":"en","label":"positive"}
{"tweetid":255664360838537216,"ds_language":"en","language":"en","label":"positive"}
{"tweetid":260916501916307456,"ds_language":"en","language":"en","label":"positive"}
{"tweetid":260917117153574912,"ds_language":"en","language":"tl","label":"positive"}
{"tweetid":261283713575440385,"ds_language":"en","language":"en","label":"positive"}
{"tweetid":261651020411727872,"ds_language":"en","language":"en","label":"positive"}
{"tweetid":262183560813891584,"ds_language":"en","language":"en","label":"neutral"}
{"tweetid":262375782402371584,"ds_language":"en","language":"en","label":"positive"}
{"tweetid":262442706087837697,"ds_language":"en","language":"en","label":"positive"}
{"tweetid":262759256149872642,"ds_language":"en","language":"et","label":"neutral"}
{"tweetid":262986191681499139,"ds_language":"en","language":"en","label":"positive"}
{"tweetid":263297989370589185,"ds_language":"en","language":"en","label":"positive"}
{"tweetid":263354499370979329,"ds_language":"en","language":"en","label":"positive"}
{"tweetid":263413751426981888,"ds_language":"en","language":"en","label":"positive"}
{"tweetid":263786661517860865,"ds_language":"en","language":"en","label":"positive"}
{"tweetid":263832762564366337,"ds_language":"en","language":"en","label":"neutral"}
{"tweetid":263851394140876801,"ds_language":"en","language":"en","label":"positive"}
{"tweetid":263965009741225984,"ds_language":"en","language":"en","label":"positive"}
{"tweetid":264038368952864768,"ds_language":"en","language":"en","label":"positive"}
{"tweetid":264073675802808321,"ds_language":"en","language":"en","label":"positive"}
{"tweetid":264191838565576704,"ds_language":"en","language":"en","label":"positive"}
{"tweetid":264198017949777920,"ds_language":"en","language":"en","label":"positive"}
{"tweetid":264122435270488064,"ds_language":"en","language":"en","label":"positive"}
{"tweetid":264241732948992000,"ds_language":"en","language":"en","label":"positive"}
{"tweetid":250020093755535360,"ds_language":"en","language":"en","label":"negative"}
{"tweetid":258347233806802944,"ds_language":"en","language":"en","label":"neutral"}
{"tweetid":263610395426705408,"ds_language":"en","language":"en","label":"neutral"}
{"tweetid":263672706103398400,"ds_language":"en","language":"fi","label":"neutral"}
{"tweetid":263768702644801536,"ds_language":"en","language":"en","label":"positive"}
{"tweetid":263773509493342208,"ds_language":"en","language":"en","label":"negative"}
{"tweetid":263947980497891328,"ds_language":"en","language":"de","label":"positive"}
{"tweetid":111344599699693568,"ds_language":"en","language":"en","label":"neutral"}
{"tweetid":111344977212211201,"ds_language":"en","language":"en","label":"neutral"}
{"tweetid":209047158853341184,"ds_language":"en","language":"en","label":"neutral"}
{"tweetid":213342817081233409,"ds_language":"en","language":"en","label":"neutral"}
{"tweetid":222100424767979520,"ds_language":"en","language":"en","label":"neutral"}
{"tweetid":229401563830042624,"ds_language":"en","language":"en","label":"neutral"}
{"tweetid":230845827487260672,"ds_language":"en","language":"en","label":"neutral"}
{"tweetid":236937024748277760,"ds_language":"en","language":"en","label":"neutral"}
{"tweetid":238128790902026240,"ds_language":"en","language":"en","label":"neutral"}
{"tweetid":243817608602869760,"ds_language":"en","language":"en","label":"neutral"}
{"tweetid":245527074658476032,"ds_language":"en","language":"en","label":"neutral"}
{"tweetid":246358852092694529,"ds_language":"en","language":"en","label":"neutral"}
{"tweetid":248580926773268480,"ds_language":"en","language":"es","label":"neutral"}
{"tweetid":250180790892253184,"ds_language":"en","language":"en","label":"neutral"}
{"tweetid":250881922752974848,"ds_language":"en","language":"fr","label":"neutral"}
{"tweetid":252075399406833664,"ds_language":"en","language":"en","label":"neutral"}
{"tweetid":253179865019334656,"ds_language":"en","language":"en","label":"neutral"}
{"tweetid":255706334526337025,"ds_language":"en","language":"en","label":"neutral"}
{"tweetid":256352721765023744,"ds_language":"en","language":"en","label":"neutral"}
{"tweetid":256555035578728449,"ds_language":"en","language":"en","label":"neutral"}
{"tweetid":258294705069113344,"ds_language":"en","language":"en","label":"neutral"}
{"tweetid":258709908923502592,"ds_language":"en","language":"en","label":"neutral"}
{"tweetid":258850903895969792,"ds_language":"en","language":"en","label":"neutral"}
{"tweetid":259172965558665216,"ds_language":"en","language":"en","label":"neutral"}
{"tweetid":260204491591274496,"ds_language":"en","language":"en","label":"positive"}
{"tweetid":260973999746592768,"ds_language":"en","language":"en","label":"neutral"}
{"tweetid":261246099203977216,"ds_language":"en","language":"en","label":"neutral"}
{"tweetid":261977165577453568,"ds_language":"en","language":"en","label":"neutral"}
{"tweetid":262096786880081920,"ds_language":"en","language":"en","label":"neutral"}
{"tweetid":262133740174712832,"ds_language":"en","language":"en","label":"positive"}
{"tweetid":262618255888359425,"ds_language":"en","language":"en","label":"neutral"}
{"tweetid":262857878937939968,"ds_language":"en","language":"en","label":"positive"}
{"tweetid":262923234637389825,"ds_language":"en","language":"en","label":"neutral"}
{"tweetid":263245122358091778,"ds_language":"en","language":"en","label":"neutral"}
{"tweetid":263261807177789440,"ds_language":"en","language":"en","label":"neutral"}
{"tweetid":263436453902680065,"ds_language":"en","language":"no","label":"neutral"}
{"tweetid":263491268238245888,"ds_language":"en","language":"en","label":"neutral"}
{"tweetid":263549707744325633,"ds_language":"en","language":"en","label":"neutral"}
{"tweetid":263678609535934464,"ds_language":"en","language":"en","label":"neutral"}
{"tweetid":263964753133723648,"ds_language":"en","language":"sq","label":"neutral"}
{"tweetid":264046225022648320,"ds_language":"en","language":"en","label":"neutral"}
{"tweetid":264104803053993984,"ds_language":"en","language":"en","label":"neutral"}
{"tweetid":264148146450464768,"ds_language":"en","language":"en","label":"neutral"}
{"tweetid":264202743877615616,"ds_language":"en","language":"en","label":"neutral"}
{"tweetid":264225191629033472,"ds_language":"en","language":"en","label":"neutral"}
{"tweetid":264236404408737792,"ds_language":"en","language":"en","label":"neutral"}
