{"tweetid":198391250011951105,"ds_language":"en","language":"en","label":"negative"}
{"tweetid":199593997327536129,"ds_language":"en","language":"en","label":"neutral"}
{"tweetid":200450788340940800,"ds_language":"en","language":"ca","label":"neutral"}
{"tweetid":206053011410272257,"ds_language":"en","language":"en","label":"positive"}
{"tweetid":245933879402307584,"ds_language":"en","language":"en","label":"positive"}
{"tweetid":247034531276787713,"ds_language":"en","language":"en","label":"positive"}
{"tweetid":247034602403803136,"ds_language":"en","language":"en","label":"positive"}
{"tweetid":251459214940188672,"ds_language":"en","language":"en","label":"positive"}
{"tweetid":251466781452038144,"ds_language":"en","language":"so","label":"neutral"}
{"tweetid":255829304653512704,"ds_language":"en","language":"en","label":"positive"}
{"tweetid":255845719150317568,"ds_language":"en","language":"en","label":"neutral"}
{"tweetid":259924240667648000,"ds_language":"en","language":"en","label":"positive"}
{"tweetid":261011721131524096,"ds_language":"en","language":"en","label":"positive"}
{"tweetid":250428071868506112,"ds_language":"en","language":"en","label":"neutral"}
{"tweetid":262452826507190272,"ds_language":"en","language":"en","label":"neutral"}
{"tweetid":262453724713218048,"ds_language":"en","language":"en","label":"positive"}
{"tweetid":262691159271419904,"ds_language":"en","language":"cy","label":"neutral"}
{"tweetid":262919861733318656,"ds_language":"en","language":"en","label":"neutral"}
{"tweetid":262952197153759232,"ds_language":"en","language":"en","label":"positive"}
{"tweetid":260933079688957952,"ds_language":"en","language":"en","label":"positive"}
{"tweetid":260934764897394688,"ds_language":"en","language":"en","label":"neutral"}
{"tweetid":260935342146863104,"ds_language":"en","language":"en","label":"neutral"}
{"tweetid":260939338219671554,"ds_language":"en","language":"en","label":"neutral"}
{"tweetid":261281002167615488,"ds_language":"en","language":"en","label":"positive"}
{"tweetid":261295481056014336,"ds_language":"en","language":"en","label":"positive"}
{"tweetid":261559082618593280,"ds_language":"en","language":"en","label":"positive"}
{"tweetid":261561798891827201,"ds_language":"en","language":"en","label":"positive"}
{"tweetid":261590626435489793,"ds_language":"en","language":"en","label":"positive"}
{"tweetid":262957728727724034,"ds_language":"en","language":"af","label":"neutral"}
{"tweetid":263092720321564672,"ds_language":"en","language":"en","label":"positive"}
{"tweetid":263100712601411584,"ds_language":"en","language":"en","label":"neutral"}
{"tweetid":263102541745754112,"ds_language":"en","language":"en","label":"positive"}
{"tweetid":263276031274790914,"ds_language":"en","language":"en","label":"positive"}
{"tweetid":263161196948119553,"ds_language":"en","language":"en","label":"positive"}
{"tweetid":263161542516826112,"ds_language":"en","language":"en","label":"positive"}
{"tweetid":263164825616654336,"ds_language":"en","language":"en","label":"positive"}
{"tweetid":263194670358749184,"ds_language":"en","language":"en","label":"positive"}
{"tweetid":263223390230425601,"ds_language":"en","language":"en","label":"positive"}
{"tweetid":263235029784731649,"ds_language":"en","language":"en","label":"positive"}
{"tweetid":263239195483574272,"ds_language":"en","language":"en","label":"positive"}
{"tweetid":263244664415608832,"ds_language":"en","language":"en","label":"positive"}
{"tweetid":263245146349531136,"ds_language":"en","language":"en","label":"positive"}
{"tweetid":263249156829753346,"ds_language":"en","language":"en","label":"positive"}
{"tweetid":263264176171016192,"ds_language":"en","language":"en","label":"positive"}
{"tweetid":263595708676980736,"ds_language":"en","language":"en","label":"neutral"}
{"tweetid":263610288404832256,"ds_language":"en","language":"en","label":"negative"}
{"tweetid":263610305337253888,"ds_language":"en","language":"nl","label":"positive"}
{"tweetid":263702360084328449,"ds_language":"en","language":"en","label":"positive"}
{"tweetid":263776296218279936,"ds_language":"en","language":"en","label":"positive"}
{"tweetid":263930887207518208,"ds_language":"en","language":"en","label":"positive"}
{"tweetid":263933920930852864,"ds_language":"en","language":"en","label":"neutral"}
{"tweetid":263974060118142976,"ds_language":"en","language":"en","label":"negative"}
{"tweetid":263974073925767168,"ds_language":"en","language":"en","label":"negative"}
{"tweetid":263974091667668992,"ds_language":"en","language":"de","label":"neutral"}
{"tweetid":263974111615778816,"ds_language":"en","language":"en","label":"positive"}
{"tweetid":263755226861957122,"ds_language":"en","language":"en","label":"negative"}
{"tweetid":263757266564567040,"ds_language":"en","language":"en","label":"neutral"}
{"tweetid":263760344617472000,"ds_language":"en","language":"en","label":"neutral"}
{"tweetid":264061529903738880,"ds_language":"en","language":"en","label":"positive"}
{"tweetid":264037320368476160,"ds_language":"en","language":"en","label":"positive"}
{"tweetid":264107309431672832,"ds_language":"en","language":"en","label":"neutral"}
{"tweetid":264130829737938944,"ds_language":"en","language":"en","label":"neutral"}
{"tweetid":264082930815598592,"ds_language":"en","language":"en","label":"neutral"}
{"tweetid":264214972836495360,"ds_language":"en","language":"en","label":"positive"}
{"tweetid":254988895584940032,"ds_language":"en","language":"en","label":"positive"}
{"tweetid":264165598953619456,"ds_language":"en","language":"en","label":"neutral"}
{"tweetid":264246508977782784,"ds_language":"en","language":"en","label":"positive"}
{"tweetid":225306134557360130,"ds_language":"en","language":"en","label":"negative"}
{"tweetid":261405270859739136,"ds_language":"en","language":"it","label":"neutral"}
{"tweetid":262134716524818432,"ds_language":"en","language":"af","label":"neutral"}
{"tweetid":263581316782632960,"ds_language":"en","language":"en","label":"neutral"}
{"tweetid":263770185486438401,"ds_language":"en","language":"en","label":"neutral"}
{"tweetid":264113920594280448,"ds_language":"en","language":"en","label":"neutral"}
{"tweetid":264113983961849856,"ds_language":"en","language":"en","label":"neutral"}
{"tweetid":264113984880386048,"ds_language":"en","language":"en","label":"neutral"}
{"tweetid":264114012923514881,"ds_language":"en","language":"en","label":"neutral"}
{"tweetid":263866527302967296,"ds_language":"en","language":"en","label":"negative"}
{"tweetid":264112040312979457,"ds_language":"en","language":"en","label":"neutral"}
{"tweetid":261638074042306560,"ds_language":"en","language":"en","label":"negative"}
{"tweetid":261638820359979008,"ds_language":"en","language":"en","label":"negative"}
{"tweetid":193628096010788865,"ds_language":"en","language":"en","label":"positive"}
{"tweetid":239777567673044994,"ds_language":"en","language":"en","label":"neutral"}
{"tweetid":239779459086024705,"ds_language":"en","language":"en","label":"negative"}
{"tweetid":239779650832855041,"ds_language":"en","language":"en","label":"positive"}
{"tweetid":239779996074385408,"ds_language":"en","language":"en","label":"positive"}
{"tweetid":246260773062594560,"ds_language":"en","language":"en","label":"positive"}
{"tweetid":246263312763977729,"ds_language":"en","language":"en","label":"positive"}
{"tweetid":253650490989084672,"ds_language":"en","language":"en","label":"neutral"}
{"tweetid":257269940728520705,"ds_language":"en","language":"en","label":"neutral"}
{"tweetid":258606164391124992,"ds_language":"en","language":"en","label":"neutral"}
{"tweetid":260825293361643522,"ds_language":"en","language":"en","label":"neutral"}
{"tweetid":260825333333381121,"ds_language":"en","language":"en","label":"positive"}
{"tweetid":260825350882344961,"ds_language":"en","language":"en","label":"neutral"}
{"tweetid":260825378094997504,"ds_language":"en","language":"en","label":"positive"}
{"tweetid":261578553508909056,"ds_language":"en","language":"af","label":"neutral"}
{"tweetid":262060573682958337,"ds_language":"en","language":"en","label":"negative"}
{"tweetid":262063459695464448,"ds_language":"en","language":"en","label":"negative"}
{"tweetid":262298853385060353,"ds_language":"en","language":"en","label":"neutral"}
{"tweetid":262504515855581184,"ds_language":"en","language":"en","label":"positive"}
{"tweetid":262620914917732352,"ds_language":"en","language":"en","label":"neutral"}
{"tweetid":262948302264365057,"ds_language":"en","language":"en","label":"neutral"}
{"tweetid":263300100284096512,"ds_language":"en","language":"en","label":"positive"}
{"tweetid":263745596584767488,"ds_language":"en","language":"en","label":"neutral"}
{"tweetid":263945805935804416,"ds_language":"en","language":"en","label":"neutral"}
{"tweetid":264089743124475905,"ds_language":"en","language":"en","label":"positive"}
{"tweetid":264132219650588672,"ds_language":"en","language":"en","label":"neutral"}
{"tweetid":264132769515446274,"ds_language":"en","language":"en","label":"neutral"}
{"tweetid":264148172471943168,"ds_language":"en","language":"en","label":"neutral"}
{"tweetid":264157563690561536,"ds_language":"en","language":"en","label":"neutral"}
{"tweetid":256563683176640512,"ds_language":"en","language":"en","label":"neutral"}
{"tweetid":260885713455833088,"ds_language":"en","language":"en","label":"negative"}
{"tweetid":261943532485480448,"ds_language":"en","language":"sq","label":"neutral"}
