{"tweetid":783708331198164992,"ds_language":"ar","language":"ar","label":"negative"}
{"tweetid":784548096302800908,"ds_language":"ar","language":"ar","label":"negative"}
{"tweetid":784681525266841600,"ds_language":"ar","language":"ar","label":"positive"}
{"tweetid":784708272850866176,"ds_language":"ar","language":"ar","label":"positive"}
{"tweetid":784748566698946560,"ds_language":"ar","language":"ar","label":"negative"}
{"tweetid":784949022100426752,"ds_language":"ar","language":"ar","label":"negative"}
{"tweetid":785098962701258752,"ds_language":"ar","language":"ar","label":"positive"}
{"tweetid":785123888640434176,"ds_language":"ar","language":"ar","label":"negative"}
{"tweetid":785124237694504960,"ds_language":"ar","language":"ar","label":"negative"}
{"tweetid":785129421330010112,"ds_language":"ar","language":"ar","label":"positive"}
{"tweetid":785357138453491712,"ds_language":"ar","language":"ar","label":"positive"}
{"tweetid":785377829651296256,"ds_language":"ar","language":"ar","label":"negative"}
{"tweetid":785559739589591040,"ds_language":"ar","language":"ar","label":"negative"}
{"tweetid":785925589849047040,"ds_language":"ar","language":"ar","label":"positive"}
{"tweetid":782979691653324800,"ds_language":"ar","language":"ar","label":"negative"}
{"tweetid":783277244445851648,"ds_language":"ar","language":"ar","label":"positive"}
{"tweetid":783351441561976832,"ds_language":"ar","language":"ar","label":"positive"}
{"tweetid":784087346849386496,"ds_language":"ar","language":"ar","label":"positive"}
{"tweetid":784292902641950720,"ds_language":"ar","language":"ar","label":"positive"}
{"tweetid":784748228650606592,"ds_language":"ar","language":"ar","label":"positive"}
{"tweetid":784900204717830144,"ds_language":"ar","language":"ar","label":"positive"}
{"tweetid":784904807274409984,"ds_language":"ar","language":"ar","label":"positive"}
{"tweetid":785038941015638016,"ds_language":"ar","language":"ar","label":"positive"}
{"tweetid":785072437918662656,"ds_language":"ar","language":"ar","label":"positive"}
{"tweetid":785595721546276865,"ds_language":"ar","language":"ar","label":"positive"}
{"tweetid":785596764724133888,"ds_language":"ar","language":"ar","label":"positive"}
{"tweetid":785601580380852224,"ds_language":"ar","language":"ar","label":"positive"}
{"tweetid":785744397698736128,"ds_language":"ar","language":"ar","label":"positive"}
{"tweetid":785815255905480705,"ds_language":"ar","language":"ar","label":"positive"}
{"tweetid":785920598383824896,"ds_language":"ar","language":"ar","label":"positive"}
{"tweetid":785209494137671680,"ds_language":"ar","language":"ar","label":"negative"}
{"tweetid":785236783646777346,"ds_language":"ar","language":"ar","label":"negative"}
{"tweetid":785248253537357824,"ds_language":"ar","language":"ar","label":"negative"}
{"tweetid":785516820795195392,"ds_language":"ar","language":"ar","label":"negative"}
{"tweetid":785567644011360258,"ds_language":"ar","language":"ar","label":"negative"}
{"tweetid":785571408344551424,"ds_language":"ar","language":"ar","label":"negative"}
{"tweetid":785575536923963392,"ds_language":"ar","language":"ar","label":"negative"}
{"tweetid":785925190324785152,"ds_language":"ar","language":"ar","label":"positive"}
{"tweetid":785225644779200514,"ds_language":"ar","language":"ar","label":"negative"}
{"tweetid":785235315996889089,"ds_language":"ar","language":"so","label":"negative"}
{"tweetid":785992405061218304,"ds_language":"ar","language":"ar","label":"negative"}
{"tweetid":785992585311584256,"ds_language":"ar","language":"ar","label":"negative"}
{"tweetid":785992905903239168,"ds_language":"ar","language":"ar","label":"negative"}
{"tweetid":785628934729822208,"ds_language":"ar","language":"ar","label":"negative"}
{"tweetid":785992495566057472,"ds_language":"ar","language":"ar","label":"positive"}
{"tweetid":785992528155799552,"ds_language":"ar","language":"ar","label":"positive"}
{"tweetid":785992781491765248,"ds_language":"ar","language":"ar","label":"positive"}
{"tweetid":785992849531736064,"ds_language":"ar","language":"ar","label":"positive"}
{"tweetid":785993187517161472,"ds_language":"ar","language":"ar","label":"positive"}
{"tweetid":785265821148909568,"ds_language":"ar","language":"ar","label":"negative"}
{"tweetid":785630530540859392,"ds_language":"ar","language":"ar","label":"negative"}
{"tweetid":785987116941672448,"ds_language":"ar","language":"ar","label":"negative"}
{"tweetid":785987698410618880,"ds_language":"ar","language":"ar","label":"positive"}
{"tweetid":785987892183171073,"ds_language":"ar","language":"ar","label":"negative"}
{"tweetid":785993125223395328,"ds_language":"ar","language":"ar","label":"negative"}
{"tweetid":785993154340225024,"ds_language":"ar","language":"ar","label":"negative"}
{"tweetid":785993327921463296,"ds_language":"ar","language":"ar","label":"positive"}
{"tweetid":785256799905677312,"ds_language":"ar","language":"ar","label":"positive"}
{"tweetid":785621434441891841,"ds_language":"ar","language":"ar","label":"positive"}
{"tweetid":785630403130429440,"ds_language":"ar","language":"ar","label":"positive"}
{"tweetid":785963954950504448,"ds_language":"ar","language":"ar","label":"positive"}
{"tweetid":785991960079241216,"ds_language":"ar","language":"ar","label":"negative"}
{"tweetid":785268567491108864,"ds_language":"ar","language":"ar","label":"positive"}
{"tweetid":785630778327564288,"ds_language":"ar","language":"ar","label":"negative"}
{"tweetid":782477743808212994,"ds_language":"ar","language":"ar","label":"positive"}
{"tweetid":783219095605043200,"ds_language":"ar","language":"ar","label":"positive"}
{"tweetid":783374276514684928,"ds_language":"ar","language":"ar","label":"negative"}
{"tweetid":784766431112138752,"ds_language":"ar","language":"ar","label":"negative"}
{"tweetid":785166696306860036,"ds_language":"ar","language":"ar","label":"positive"}
{"tweetid":785175275478786048,"ds_language":"ar","language":"ar","label":"negative"}
{"tweetid":785176096341831680,"ds_language":"ar","language":"ar","label":"positive"}
{"tweetid":785223055656247300,"ds_language":"ar","language":"ar","label":"positive"}
{"tweetid":785625493190041600,"ds_language":"ar","language":"ar","label":"positive"}
{"tweetid":785944775589376000,"ds_language":"ar","language":"ar","label":"positive"}
{"tweetid":782164206162472960,"ds_language":"ar","language":"ar","label":"negative"}
{"tweetid":783278272599556096,"ds_language":"ar","language":"ar","label":"positive"}
{"tweetid":783283598283661312,"ds_language":"ar","language":"fa","label":"negative"}
{"tweetid":784157631069859840,"ds_language":"ar","language":"ar","label":"negative"}
{"tweetid":784390926596710400,"ds_language":"ar","language":"ar","label":"negative"}
{"tweetid":785882169600200705,"ds_language":"ar","language":"ar","label":"negative"}
{"tweetid":785191967806349312,"ds_language":"ar","language":"ar","label":"positive"}
{"tweetid":785219630612774916,"ds_language":"ar","language":"ar","label":"positive"}
{"tweetid":784443385776001024,"ds_language":"ar","language":"ar","label":"positive"}
{"tweetid":784756880983879680,"ds_language":"ar","language":"ar","label":"positive"}
{"tweetid":784854845786353665,"ds_language":"ar","language":"ar","label":"positive"}
{"tweetid":785078473597423616,"ds_language":"ar","language":"ar","label":"positive"}
{"tweetid":785119257164144640,"ds_language":"ar","language":"ar","label":"positive"}
{"tweetid":785180848488378368,"ds_language":"ar","language":"ar","label":"positive"}
{"tweetid":785397044554989568,"ds_language":"ar","language":"ar","label":"positive"}
{"tweetid":785430245008613376,"ds_language":"ar","language":"ar","label":"positive"}
{"tweetid":785702457053736960,"ds_language":"ar","language":"ar","label":"positive"}
{"tweetid":785819806284918784,"ds_language":"ar","language":"ar","label":"positive"}
{"tweetid":784176898335248384,"ds_language":"ar","language":"ar","label":"positive"}
{"tweetid":785622569202229248,"ds_language":"ar","language":"ar","label":"positive"}
{"tweetid":785628146074783744,"ds_language":"ar","language":"ar","label":"positive"}
{"tweetid":785976589939044353,"ds_language":"ar","language":"ar","label":"negative"}
{"tweetid":785992466176630784,"ds_language":"ar","language":"ar","label":"positive"}
{"tweetid":785993195524063232,"ds_language":"ar","language":"ar","label":"positive"}
{"tweetid":785991568331272192,"ds_language":"ar","language":"ar","label":"negative"}
{"tweetid":785991788024717313,"ds_language":"ar","language":"ar","label":"negative"}
{"tweetid":785992286857531393,"ds_language":"ar","language":"ar","label":"negative"}
{"tweetid":785990383264206848,"ds_language":"ar","language":"ar","label":"negative"}
{"tweetid":785992550222004226,"ds_language":"ar","language":"ar","label":"negative"}
{"tweetid":785262585264345088,"ds_language":"ar","language":"ar","label":"negative"}
{"tweetid":785988481340153856,"ds_language":"ar","language":"ar","label":"positive"}
{"tweetid":785630922817232897,"ds_language":"ar","language":"ar","label":"negative"}
{"tweetid":785993263467618304,"ds_language":"ar","language":"sv","label":"positive"}
{"tweetid":784869747192045569,"ds_language":"ar","language":"ar","label":"negative"}
{"tweetid":785630521657270272,"ds_language":"ar","language":"ar","label":"negative"}
{"tweetid":785987462401318913,"ds_language":"ar","language":"ar","label":"negative"}
{"tweetid":780633103958016000,"ds_language":"ar","language":"ar","label":"positive"}
{"tweetid":780772207651880960,"ds_language":"ar","language":"ar","label":"positive"}
{"tweetid":780949910426296320,"ds_language":"ar","language":"ar","label":"positive"}
{"tweetid":781381517733826560,"ds_language":"ar","language":"ar","label":"positive"}
{"tweetid":781400143144726529,"ds_language":"ar","language":"ar","label":"positive"}
{"tweetid":782065921976393729,"ds_language":"ar","language":"ar","label":"positive"}
{"tweetid":782586947256651781,"ds_language":"ar","language":"ar","label":"positive"}
{"tweetid":782605830302511104,"ds_language":"ar","language":"ar","label":"positive"}
{"tweetid":784373520188907520,"ds_language":"ar","language":"ar","label":"positive"}
{"tweetid":784498744121257985,"ds_language":"ar","language":"ar","label":"positive"}
{"tweetid":785766761438195712,"ds_language":"ar","language":"ar","label":"positive"}
{"tweetid":785768096367644672,"ds_language":"ar","language":"ar","label":"positive"}
{"tweetid":784859201713606658,"ds_language":"ar","language":"ar","label":"positive"}
{"tweetid":785141535604080640,"ds_language":"ar","language":"ar","label":"positive"}
{"tweetid":785141634988183557,"ds_language":"ar","language":"ar","label":"positive"}
{"tweetid":785167405815328768,"ds_language":"ar","language":"ar","label":"positive"}
{"tweetid":785258797996634112,"ds_language":"ar","language":"ar","label":"positive"}
{"tweetid":785601017606012928,"ds_language":"ar","language":"ar","label":"positive"}
{"tweetid":785959013267673088,"ds_language":"ar","language":"ar","label":"positive"}
{"tweetid":784536177416298498,"ds_language":"ar","language":"ar","label":"positive"}
{"tweetid":784568790898147332,"ds_language":"ar","language":"ar","label":"positive"}
{"tweetid":785190251836936192,"ds_language":"ar","language":"ar","label":"positive"}
{"tweetid":785363568740958208,"ds_language":"ar","language":"ar","label":"positive"}
{"tweetid":785472019538317313,"ds_language":"ar","language":"ar","label":"negative"}
{"tweetid":785571869378371584,"ds_language":"ar","language":"ar","label":"positive"}
{"tweetid":785630135592620032,"ds_language":"ar","language":"ca","label":"positive"}
{"tweetid":785630405529591808,"ds_language":"ar","language":"ar","label":"positive"}
{"tweetid":785992734620409856,"ds_language":"ar","language":"ar","label":"positive"}
{"tweetid":785513263719145475,"ds_language":"ar","language":"ar","label":"positive"}
{"tweetid":785514997602455552,"ds_language":"ar","language":"ar","label":"positive"}
{"tweetid":785515234773594113,"ds_language":"ar","language":"ar","label":"positive"}
{"tweetid":785535020027015169,"ds_language":"ar","language":"ar","label":"positive"}
{"tweetid":785723420134805504,"ds_language":"ar","language":"ar","label":"positive"}
{"tweetid":783116455944523776,"ds_language":"ar","language":"ar","label":"negative"}
{"tweetid":784830743532990464,"ds_language":"ar","language":"ar","label":"negative"}
{"tweetid":785561052931059712,"ds_language":"ar","language":"ar","label":"negative"}
{"tweetid":784825750612353025,"ds_language":"ar","language":"ar","label":"positive"}
{"tweetid":784881386649976832,"ds_language":"ar","language":"en","label":"positive"}
{"tweetid":785223356891144193,"ds_language":"ar","language":"ar","label":"positive"}
{"tweetid":785450465433620480,"ds_language":"ar","language":"ar","label":"positive"}
