{"tweetid":187472140226924545,"ds_language":"it","language":"it","label":"positive"}
{"tweetid":188543986020003840,"ds_language":"it","language":"it","label":"positive"}
{"tweetid":188319431645069313,"ds_language":"it","language":"it","label":"negative"}
{"tweetid":189361167347613697,"ds_language":"it","language":"it","label":"positive"}
{"tweetid":191035670461022209,"ds_language":"it","language":"it","label":"positive"}
{"tweetid":192905646918737921,"ds_language":"it","language":"it","label":"positive"}
{"tweetid":192910026610982912,"ds_language":"it","language":"it","label":"positive"}
{"tweetid":195528465678737408,"ds_language":"it","language":"it","label":"positive"}
{"tweetid":196531610840076289,"ds_language":"it","language":"it","label":"positive"}
{"tweetid":196902783939657728,"ds_language":"it","language":"it","label":"neutral"}
{"tweetid":391925883214106624,"ds_language":"it","language":"id","label":"positive"}
{"tweetid":391936437249384448,"ds_language":"it","language":"it","label":"positive"}
{"tweetid":392016635126890497,"ds_language":"it","language":"pt","label":"positive"}
{"tweetid":393138132520304640,"ds_language":"it","language":"it","label":"positive"}
{"tweetid":393141867463729154,"ds_language":"it","language":"it","label":"positive"}
{"tweetid":393296541743853568,"ds_language":"it","language":"it","label":"positive"}
{"tweetid":393443909705404416,"ds_language":"it","language":"it","label":"positive"}
{"tweetid":395504741025071104,"ds_language":"it","language":"it","label":"positive"}
{"tweetid":395597661602320384,"ds_language":"it","language":"it","label":"positive"}
{"tweetid":395671653013028865,"ds_language":"it","language":"it","label":"positive"}
{"tweetid":149428769063575552,"ds_language":"it","language":"it","label":"negative"}
{"tweetid":192684978348371969,"ds_language":"it","language":"it","label":"negative"}
{"tweetid":391842323233243136,"ds_language":"it","language":"en","label":"negative"}
{"tweetid":391887876306522113,"ds_language":"it","language":"it","label":"negative"}
{"tweetid":391255971156459520,"ds_language":"it","language":"en","label":"negative"}
{"tweetid":391963965338566656,"ds_language":"it","language":"it","label":"positive"}
{"tweetid":395583013037568000,"ds_language":"it","language":"it","label":"negative"}
{"tweetid":396634108341665792,"ds_language":"it","language":"it","label":"positive"}
{"tweetid":396684625248276480,"ds_language":"it","language":"en","label":"negative"}
{"tweetid":134751734521278465,"ds_language":"it","language":"it","label":"neutral"}
{"tweetid":137086129550802945,"ds_language":"it","language":"it","label":"neutral"}
{"tweetid":156290834558488577,"ds_language":"it","language":"it","label":"neutral"}
{"tweetid":162848923009028096,"ds_language":"it","language":"it","label":"neutral"}
{"tweetid":188969800121335808,"ds_language":"it","language":"en","label":"positive"}
{"tweetid":193382865050943488,"ds_language":"it","language":"it","label":"neutral"}
