{"tweetid":134529260152029184,"ds_language":"it","language":"it","label":"negative"}
{"tweetid":133463186815987712,"ds_language":"it","language":"it","label":"negative"}
{"tweetid":134712196679741440,"ds_language":"it","language":"ro","label":"neutral"}
{"tweetid":134712196679741440,"ds_language":"it","language":"ro","label":"neutral"}
{"tweetid":136105328101179392,"ds_language":"it","language":"it","label":"negative"}
{"tweetid":136089272456462336,"ds_language":"it","language":"it","label":"positive"}
{"tweetid":136009986017996800,"ds_language":"it","language":"it","label":"negative"}
{"tweetid":136824301792935937,"ds_language":"it","language":"it","label":"negative"}
{"tweetid":144541076403920896,"ds_language":"it","language":"it","label":"positive"}
{"tweetid":145076143157018624,"ds_language":"it","language":"it","label":"negative"}
{"tweetid":144369267754811392,"ds_language":"it","language":"it","label":"negative"}
{"tweetid":147688327913541632,"ds_language":"it","language":"it","label":"positive"}
{"tweetid":147590120504172544,"ds_language":"it","language":"it","label":"negative"}
{"tweetid":160686442362843136,"ds_language":"it","language":"it","label":"positive"}
{"tweetid":162471149941428224,"ds_language":"it","language":"it","label":"positive"}
{"tweetid":140624204381945856,"ds_language":"it","language":"it","label":"positive"}
{"tweetid":140619759740919808,"ds_language":"it","language":"it","label":"positive"}
{"tweetid":186451630122745856,"ds_language":"it","language":"it","label":"positive"}
{"tweetid":189007788226248704,"ds_language":"it","language":"it","label":"positive"}
{"tweetid":189361167347613697,"ds_language":"it","language":"it","label":"positive"}
{"tweetid":187950001723416578,"ds_language":"it","language":"it","label":"positive"}
{"tweetid":186419212569423873,"ds_language":"it","language":"it","label":"positive"}
{"tweetid":190559705737871360,"ds_language":"it","language":"it","label":"positive"}
{"tweetid":191035670461022209,"ds_language":"it","language":"it","label":"positive"}
{"tweetid":191543704866131968,"ds_language":"it","language":"it","label":"positive"}
{"tweetid":192954546992058369,"ds_language":"it","language":"it","label":"positive"}
{"tweetid":192954546992058369,"ds_language":"it","language":"it","label":"positive"}
{"tweetid":192954546992058369,"ds_language":"it","language":"it","label":"positive"}
{"tweetid":193630706889523200,"ds_language":"it","language":"it","label":"negative"}
{"tweetid":193623285601288192,"ds_language":"it","language":"it","label":"negative"}
{"tweetid":193621994569342976,"ds_language":"it","language":"it","label":"positive"}
{"tweetid":194916518860046337,"ds_language":"it","language":"it","label":"negative"}
{"tweetid":194916267088560131,"ds_language":"it","language":"it","label":"positive"}
{"tweetid":195397349181362176,"ds_language":"it","language":"it","label":"negative"}
{"tweetid":195528465678737408,"ds_language":"it","language":"it","label":"positive"}
{"tweetid":195646319551979520,"ds_language":"it","language":"it","label":"positive"}
{"tweetid":195645233780899840,"ds_language":"it","language":"it","label":"positive"}
{"tweetid":196293892235210752,"ds_language":"it","language":"it","label":"negative"}
{"tweetid":196913074123456512,"ds_language":"it","language":"it","label":"positive"}
{"tweetid":196911450030227456,"ds_language":"it","language":"it","label":"negative"}
{"tweetid":196905407107710976,"ds_language":"it","language":"it","label":"neutral"}
{"tweetid":196904901907972096,"ds_language":"it","language":"it","label":"neutral"}
{"tweetid":196903342495105025,"ds_language":"it","language":"it","label":"neutral"}
{"tweetid":196902783939657728,"ds_language":"it","language":"it","label":"neutral"}
{"tweetid":196902174209474560,"ds_language":"it","language":"it","label":"neutral"}
{"tweetid":196901402126204928,"ds_language":"it","language":"it","label":"neutral"}
{"tweetid":391877329649426432,"ds_language":"it","language":"fi","label":"positive"}
{"tweetid":391936437249384448,"ds_language":"it","language":"it","label":"positive"}
{"tweetid":391939727785721856,"ds_language":"it","language":"sv","label":"negative"}
{"tweetid":391773847135207424,"ds_language":"it","language":"en","label":"negative"}
{"tweetid":391764345505710080,"ds_language":"it","language":"sv","label":"negative"}
{"tweetid":391743662943518720,"ds_language":"it","language":"es","label":"negative"}
{"tweetid":391732636051587072,"ds_language":"it","language":"sv","label":"negative"}
{"tweetid":392016635126890497,"ds_language":"it","language":"pt","label":"positive"}
{"tweetid":391968759575228416,"ds_language":"it","language":"it","label":"positive"}
{"tweetid":393138132520304640,"ds_language":"it","language":"it","label":"positive"}
{"tweetid":393296230073118720,"ds_language":"it","language":"it","label":"positive"}
{"tweetid":393296209215258624,"ds_language":"it","language":"es","label":"negative"}
{"tweetid":393295403833376768,"ds_language":"it","language":"es","label":"negative"}
{"tweetid":393279235093434368,"ds_language":"it","language":"es","label":"negative"}
{"tweetid":393276287395311616,"ds_language":"it","language":"es","label":"negative"}
{"tweetid":393275778705936384,"ds_language":"it","language":"it","label":"negative"}
{"tweetid":393275177867681793,"ds_language":"it","language":"es","label":"negative"}
{"tweetid":393296541743853568,"ds_language":"it","language":"it","label":"positive"}
{"tweetid":390374430670848000,"ds_language":"it","language":"it","label":"negative"}
{"tweetid":393042852110139392,"ds_language":"it","language":"it","label":"negative"}
{"tweetid":393378922924351488,"ds_language":"it","language":"de","label":"positive"}
{"tweetid":393377875191422976,"ds_language":"it","language":"it","label":"positive"}
{"tweetid":393377860800749568,"ds_language":"it","language":"it","label":"negative"}
{"tweetid":393443909705404416,"ds_language":"it","language":"it","label":"positive"}
{"tweetid":393069951944507392,"ds_language":"it","language":"it","label":"positive"}
{"tweetid":395504741025071104,"ds_language":"it","language":"it","label":"positive"}
{"tweetid":392746711422365696,"ds_language":"it","language":"it","label":"positive"}
{"tweetid":381731329940807680,"ds_language":"it","language":"it","label":"positive"}
{"tweetid":369731089654644736,"ds_language":"it","language":"es","label":"negative"}
{"tweetid":395594529434517504,"ds_language":"it","language":"it","label":"positive"}
{"tweetid":395581658298335232,"ds_language":"it","language":"it","label":"positive"}
{"tweetid":395581411241238528,"ds_language":"it","language":"it","label":"positive"}
{"tweetid":395579068349177856,"ds_language":"it","language":"it","label":"positive"}
{"tweetid":395577604126023681,"ds_language":"it","language":"it","label":"positive"}
{"tweetid":395577573608280064,"ds_language":"it","language":"it","label":"positive"}
{"tweetid":395576932064313344,"ds_language":"it","language":"it","label":"positive"}
{"tweetid":395559080854847488,"ds_language":"it","language":"it","label":"positive"}
{"tweetid":395558392364019712,"ds_language":"it","language":"it","label":"positive"}
{"tweetid":395544132653178880,"ds_language":"it","language":"it","label":"positive"}
{"tweetid":395543581374820352,"ds_language":"it","language":"it","label":"positive"}
{"tweetid":395542881320333313,"ds_language":"it","language":"it","label":"positive"}
{"tweetid":395540320303460352,"ds_language":"it","language":"it","label":"positive"}
{"tweetid":395534831289139201,"ds_language":"it","language":"it","label":"positive"}
{"tweetid":395531467855781888,"ds_language":"it","language":"it","label":"positive"}
{"tweetid":395527374810660864,"ds_language":"it","language":"it","label":"positive"}
{"tweetid":395597661602320384,"ds_language":"it","language":"it","label":"positive"}
{"tweetid":394262067697688576,"ds_language":"it","language":"it","label":"negative"}
{"tweetid":394167701218033664,"ds_language":"it","language":"it","label":"positive"}
{"tweetid":394092064532881408,"ds_language":"it","language":"it","label":"negative"}
{"tweetid":394088053247315968,"ds_language":"it","language":"it","label":"negative"}
{"tweetid":394075368422129664,"ds_language":"it","language":"it","label":"negative"}
{"tweetid":394073632584261633,"ds_language":"it","language":"it","label":"negative"}
{"tweetid":394071077443624960,"ds_language":"it","language":"it","label":"negative"}
{"tweetid":394070839618179072,"ds_language":"it","language":"it","label":"negative"}
{"tweetid":394070417272745984,"ds_language":"it","language":"it","label":"negative"}
{"tweetid":379340124888109057,"ds_language":"it","language":"it","label":"positive"}
{"tweetid":396740195615510528,"ds_language":"it","language":"it","label":"positive"}
{"tweetid":134001135039168513,"ds_language":"it","language":"it","label":"negative"}
{"tweetid":134604351716065280,"ds_language":"it","language":"it","label":"positive"}
{"tweetid":134604351716065280,"ds_language":"it","language":"it","label":"positive"}
{"tweetid":135023412363001857,"ds_language":"it","language":"it","label":"negative"}
{"tweetid":135018502246506496,"ds_language":"it","language":"it","label":"negative"}
{"tweetid":135491240425816064,"ds_language":"it","language":"it","label":"negative"}
{"tweetid":137079041554530304,"ds_language":"it","language":"it","label":"positive"}
{"tweetid":137079041554530304,"ds_language":"it","language":"it","label":"positive"}
{"tweetid":137630522888306688,"ds_language":"it","language":"it","label":"positive"}
{"tweetid":138883726187835392,"ds_language":"it","language":"it","label":"neutral"}
{"tweetid":137515067112570880,"ds_language":"it","language":"it","label":"negative"}
{"tweetid":144574226647613440,"ds_language":"it","language":"it","label":"positive"}
{"tweetid":146123099392327680,"ds_language":"it","language":"it","label":"negative"}
{"tweetid":146123099392327680,"ds_language":"it","language":"it","label":"negative"}
{"tweetid":146573372334149632,"ds_language":"it","language":"it","label":"positive"}
{"tweetid":146573372334149632,"ds_language":"it","language":"it","label":"positive"}
{"tweetid":146571974209048576,"ds_language":"it","language":"it","label":"positive"}
{"tweetid":146571974209048576,"ds_language":"it","language":"it","label":"positive"}
{"tweetid":146395551846514688,"ds_language":"it","language":"it","label":"positive"}
{"tweetid":147222877702332416,"ds_language":"it","language":"tl","label":"positive"}
{"tweetid":147222877702332416,"ds_language":"it","language":"tl","label":"positive"}
{"tweetid":147263323023474688,"ds_language":"it","language":"it","label":"positive"}
{"tweetid":147743304723865601,"ds_language":"it","language":"it","label":"positive"}
{"tweetid":148825840581480448,"ds_language":"it","language":"it","label":"negative"}
{"tweetid":149428769063575552,"ds_language":"it","language":"it","label":"negative"}
{"tweetid":151571992741556224,"ds_language":"it","language":"it","label":"negative"}
{"tweetid":152208111665553409,"ds_language":"it","language":"es","label":"positive"}
{"tweetid":161390525977600000,"ds_language":"it","language":"no","label":"positive"}
{"tweetid":162446776681504770,"ds_language":"it","language":"it","label":"positive"}
{"tweetid":162682664124555264,"ds_language":"it","language":"it","label":"negative"}
{"tweetid":162601018180386816,"ds_language":"it","language":"it","label":"negative"}
{"tweetid":162596354584100866,"ds_language":"it","language":"it","label":"negative"}
{"tweetid":162596252125638656,"ds_language":"it","language":"it","label":"positive"}
{"tweetid":162591384266747905,"ds_language":"it","language":"it","label":"positive"}
{"tweetid":162591110173175808,"ds_language":"it","language":"it","label":"positive"}
{"tweetid":162590986143416320,"ds_language":"it","language":"it","label":"negative"}
{"tweetid":187125088993288192,"ds_language":"it","language":"it","label":"negative"}
{"tweetid":187124545344376832,"ds_language":"it","language":"it","label":"negative"}
{"tweetid":187124482551451648,"ds_language":"it","language":"it","label":"positive"}
{"tweetid":187121291483033600,"ds_language":"it","language":"it","label":"negative"}
{"tweetid":190049472397590528,"ds_language":"it","language":"it","label":"negative"}
{"tweetid":191232864438857728,"ds_language":"it","language":"it","label":"positive"}
{"tweetid":191617406844674048,"ds_language":"it","language":"it","label":"negative"}
{"tweetid":191617406844674048,"ds_language":"it","language":"it","label":"negative"}
{"tweetid":191791495102205952,"ds_language":"it","language":"it","label":"neutral"}
{"tweetid":191881427040731136,"ds_language":"it","language":"it","label":"positive"}
{"tweetid":191881427040731136,"ds_language":"it","language":"it","label":"positive"}
{"tweetid":191880670623182848,"ds_language":"it","language":"it","label":"positive"}
{"tweetid":191880052521185280,"ds_language":"it","language":"it","label":"positive"}
{"tweetid":191879870047977475,"ds_language":"it","language":"it","label":"positive"}
{"tweetid":191931103026741249,"ds_language":"it","language":"it","label":"negative"}
{"tweetid":191931103026741249,"ds_language":"it","language":"it","label":"negative"}
{"tweetid":191928872449753088,"ds_language":"it","language":"it","label":"positive"}
{"tweetid":191928872449753088,"ds_language":"it","language":"it","label":"positive"}
{"tweetid":191928872449753088,"ds_language":"it","language":"it","label":"positive"}
{"tweetid":191949682556149761,"ds_language":"it","language":"it","label":"positive"}
{"tweetid":191954008716484608,"ds_language":"it","language":"it","label":"positive"}
{"tweetid":191954008716484608,"ds_language":"it","language":"it","label":"positive"}
{"tweetid":191987504449208320,"ds_language":"it","language":"it","label":"negative"}
{"tweetid":191987287393976321,"ds_language":"it","language":"it","label":"negative"}
{"tweetid":192171802552827904,"ds_language":"it","language":"it","label":"negative"}
{"tweetid":192226436650774528,"ds_language":"it","language":"it","label":"negative"}
{"tweetid":192261446841810946,"ds_language":"it","language":"it","label":"negative"}
{"tweetid":192268812203204608,"ds_language":"it","language":"it","label":"negative"}
{"tweetid":192555432068386816,"ds_language":"it","language":"it","label":"positive"}
{"tweetid":192671549608837121,"ds_language":"it","language":"it","label":"positive"}
{"tweetid":192671549608837121,"ds_language":"it","language":"it","label":"positive"}
{"tweetid":192671549608837121,"ds_language":"it","language":"it","label":"positive"}
{"tweetid":192671549608837121,"ds_language":"it","language":"it","label":"positive"}
{"tweetid":192671549608837121,"ds_language":"it","language":"it","label":"positive"}
{"tweetid":192671549608837121,"ds_language":"it","language":"it","label":"positive"}
{"tweetid":192671549608837121,"ds_language":"it","language":"it","label":"positive"}
{"tweetid":192671549608837121,"ds_language":"it","language":"it","label":"positive"}
{"tweetid":192684978348371969,"ds_language":"it","language":"it","label":"negative"}
{"tweetid":192684978348371969,"ds_language":"it","language":"it","label":"negative"}
{"tweetid":191816526096109568,"ds_language":"it","language":"it","label":"positive"}
{"tweetid":193004831957458944,"ds_language":"it","language":"it","label":"positive"}
{"tweetid":193047188702642176,"ds_language":"it","language":"it","label":"positive"}
{"tweetid":193055640954998784,"ds_language":"it","language":"it","label":"neutral"}
{"tweetid":193055428115046400,"ds_language":"it","language":"it","label":"positive"}
{"tweetid":193057687620169728,"ds_language":"it","language":"it","label":"positive"}
{"tweetid":193058565332807680,"ds_language":"it","language":"it","label":"negative"}
{"tweetid":193675827207094272,"ds_language":"it","language":"it","label":"negative"}
{"tweetid":193772714513801216,"ds_language":"it","language":"it","label":"positive"}
{"tweetid":193770264142684161,"ds_language":"it","language":"it","label":"negative"}
{"tweetid":193768862154620928,"ds_language":"it","language":"it","label":"negative"}
{"tweetid":194049170867355648,"ds_language":"it","language":"it","label":"negative"}
{"tweetid":194049170867355648,"ds_language":"it","language":"it","label":"negative"}
{"tweetid":195425888161103872,"ds_language":"it","language":"it","label":"positive"}
{"tweetid":195425888161103872,"ds_language":"it","language":"it","label":"positive"}
{"tweetid":195558887741587456,"ds_language":"it","language":"no","label":"positive"}
{"tweetid":195592280235704320,"ds_language":"it","language":"it","label":"positive"}
{"tweetid":195889356211363840,"ds_language":"it","language":"it","label":"negative"}
{"tweetid":195889356211363840,"ds_language":"it","language":"it","label":"negative"}
{"tweetid":195889356211363840,"ds_language":"it","language":"it","label":"negative"}
{"tweetid":196160614433947648,"ds_language":"it","language":"it","label":"negative"}
{"tweetid":196251257583837186,"ds_language":"it","language":"it","label":"negative"}
{"tweetid":196248856739069953,"ds_language":"it","language":"it","label":"negative"}
{"tweetid":196270452740587521,"ds_language":"it","language":"ro","label":"negative"}
{"tweetid":186439438635761665,"ds_language":"it","language":"it","label":"negative"}
{"tweetid":391786566001381376,"ds_language":"it","language":"it","label":"negative"}
{"tweetid":391587212057272320,"ds_language":"it","language":"it","label":"negative"}
{"tweetid":391562385627955200,"ds_language":"it","language":"it","label":"negative"}
{"tweetid":391545142982635521,"ds_language":"it","language":"it","label":"negative"}
{"tweetid":391842323233243136,"ds_language":"it","language":"en","label":"negative"}
{"tweetid":393221500225847296,"ds_language":"it","language":"it","label":"neutral"}
{"tweetid":393221500225847296,"ds_language":"it","language":"it","label":"neutral"}
{"tweetid":393253447115759616,"ds_language":"it","language":"it","label":"positive"}
{"tweetid":393253133453103104,"ds_language":"it","language":"it","label":"negative"}
{"tweetid":391693875632275456,"ds_language":"it","language":"it","label":"positive"}
{"tweetid":393305627780739072,"ds_language":"it","language":"it","label":"negative"}
{"tweetid":391592626220437504,"ds_language":"it","language":"it","label":"positive"}
{"tweetid":387463256966983680,"ds_language":"it","language":"it","label":"negative"}
{"tweetid":340528119939219456,"ds_language":"it","language":"it","label":"negative"}
{"tweetid":393474706583871488,"ds_language":"it","language":"it","label":"negative"}
{"tweetid":393474681095077888,"ds_language":"it","language":"it","label":"positive"}
{"tweetid":395327151622586368,"ds_language":"it","language":"it","label":"positive"}
{"tweetid":395583013037568000,"ds_language":"it","language":"it","label":"negative"}
{"tweetid":395604183446876160,"ds_language":"it","language":"it","label":"negative"}
{"tweetid":395603720085700609,"ds_language":"it","language":"it","label":"negative"}
{"tweetid":395678041558757376,"ds_language":"it","language":"so","label":"negative"}
{"tweetid":396602664290496512,"ds_language":"it","language":"it","label":"negative"}
{"tweetid":396588706053644290,"ds_language":"it","language":"it","label":"negative"}
{"tweetid":390603979643944960,"ds_language":"it","language":"it","label":"negative"}
{"tweetid":396684625248276480,"ds_language":"it","language":"en","label":"negative"}
{"tweetid":134297063058972674,"ds_language":"it","language":"it","label":"positive"}
{"tweetid":134702757402787841,"ds_language":"it","language":"ro","label":"neutral"}
{"tweetid":134713682356736002,"ds_language":"it","language":"ro","label":"neutral"}
{"tweetid":134751734521278465,"ds_language":"it","language":"it","label":"neutral"}
{"tweetid":135413156112633856,"ds_language":"it","language":"it","label":"positive"}
{"tweetid":135429976769044480,"ds_language":"it","language":"it","label":"negative"}
{"tweetid":135429483695054848,"ds_language":"it","language":"it","label":"positive"}
{"tweetid":135451977860657152,"ds_language":"it","language":"it","label":"negative"}
{"tweetid":135465120137617408,"ds_language":"it","language":"es","label":"negative"}
{"tweetid":135465045017624576,"ds_language":"it","language":"es","label":"negative"}
{"tweetid":135464562903363585,"ds_language":"it","language":"it","label":"positive"}
{"tweetid":135464154663358465,"ds_language":"it","language":"es","label":"negative"}
{"tweetid":135797289632546816,"ds_language":"it","language":"it","label":"negative"}
{"tweetid":135797020295299072,"ds_language":"it","language":"it","label":"negative"}
{"tweetid":136103331654406144,"ds_language":"it","language":"it","label":"positive"}
{"tweetid":136691731285544961,"ds_language":"it","language":"cy","label":"negative"}
{"tweetid":136868867346661377,"ds_language":"it","language":"it","label":"negative"}
{"tweetid":137086129550802945,"ds_language":"it","language":"it","label":"neutral"}
{"tweetid":139478523067904000,"ds_language":"it","language":"it","label":"negative"}
{"tweetid":139478248848498688,"ds_language":"it","language":"it","label":"negative"}
{"tweetid":139478049266737152,"ds_language":"it","language":"it","label":"negative"}
{"tweetid":139477891506376706,"ds_language":"it","language":"it","label":"negative"}
{"tweetid":139477670596591616,"ds_language":"it","language":"it","label":"negative"}
{"tweetid":139477388026322945,"ds_language":"it","language":"it","label":"negative"}
{"tweetid":139466324299620352,"ds_language":"it","language":"it","label":"positive"}
{"tweetid":141212324047499266,"ds_language":"it","language":"it","label":"positive"}
{"tweetid":141580067867340800,"ds_language":"it","language":"it","label":"negative"}
{"tweetid":142515901294587904,"ds_language":"it","language":"it","label":"negative"}
{"tweetid":143720640053121025,"ds_language":"it","language":"it","label":"negative"}
{"tweetid":143870096597725185,"ds_language":"it","language":"fr","label":"negative"}
{"tweetid":144403731407060992,"ds_language":"it","language":"it","label":"positive"}
{"tweetid":145050304608612352,"ds_language":"it","language":"it","label":"negative"}
{"tweetid":146662557380378625,"ds_language":"it","language":"it","label":"negative"}
{"tweetid":147666735397482496,"ds_language":"it","language":"it","label":"neutral"}
{"tweetid":150499877229572096,"ds_language":"it","language":"it","label":"positive"}
{"tweetid":150498816083247104,"ds_language":"it","language":"it","label":"positive"}
{"tweetid":152143060820697089,"ds_language":"it","language":"it","label":"negative"}
{"tweetid":156290834558488577,"ds_language":"it","language":"it","label":"neutral"}
{"tweetid":156329835818532865,"ds_language":"it","language":"it","label":"negative"}
{"tweetid":157717366812327936,"ds_language":"it","language":"it","label":"negative"}
{"tweetid":162808096031391744,"ds_language":"it","language":"it","label":"negative"}
{"tweetid":162848923009028096,"ds_language":"it","language":"it","label":"neutral"}
{"tweetid":163731124726673408,"ds_language":"it","language":"it","label":"negative"}
{"tweetid":164642276570693632,"ds_language":"it","language":"it","label":"negative"}
{"tweetid":164642236670287872,"ds_language":"it","language":"it","label":"negative"}
{"tweetid":164642184455393281,"ds_language":"it","language":"it","label":"negative"}
{"tweetid":164642045829451776,"ds_language":"it","language":"it","label":"neutral"}
{"tweetid":164642022278438913,"ds_language":"it","language":"it","label":"negative"}
{"tweetid":164641893123231745,"ds_language":"it","language":"it","label":"negative"}
{"tweetid":164641725061664769,"ds_language":"it","language":"it","label":"negative"}
{"tweetid":165110392266305537,"ds_language":"it","language":"it","label":"negative"}
{"tweetid":165109757311598592,"ds_language":"it","language":"it","label":"negative"}
{"tweetid":165432600838672384,"ds_language":"it","language":"it","label":"negative"}
{"tweetid":165432318721392641,"ds_language":"it","language":"hr","label":"negative"}
{"tweetid":165432314686488578,"ds_language":"it","language":"it","label":"positive"}
{"tweetid":165432221732319232,"ds_language":"it","language":"it","label":"negative"}
{"tweetid":165539619969056768,"ds_language":"it","language":"it","label":"negative"}
{"tweetid":188229485013909504,"ds_language":"it","language":"it","label":"neutral"}
{"tweetid":188227016699559936,"ds_language":"it","language":"it","label":"negative"}
{"tweetid":186217361920098304,"ds_language":"it","language":"it","label":"positive"}
{"tweetid":192042017122037761,"ds_language":"it","language":"it","label":"negative"}
{"tweetid":192975239767011328,"ds_language":"it","language":"it","label":"negative"}
{"tweetid":193105405960929280,"ds_language":"it","language":"it","label":"positive"}
{"tweetid":193382865050943488,"ds_language":"it","language":"it","label":"neutral"}
{"tweetid":193686576000282625,"ds_language":"it","language":"it","label":"negative"}
{"tweetid":193686076177661953,"ds_language":"it","language":"it","label":"positive"}
{"tweetid":193204609806897152,"ds_language":"it","language":"it","label":"positive"}
{"tweetid":194443605111345153,"ds_language":"it","language":"it","label":"positive"}
{"tweetid":195773850234011649,"ds_language":"it","language":"it","label":"neutral"}
{"tweetid":195773785230675968,"ds_language":"it","language":"it","label":"negative"}
{"tweetid":195773641051484160,"ds_language":"it","language":"it","label":"neutral"}
{"tweetid":391872147322597376,"ds_language":"it","language":"it","label":"positive"}
{"tweetid":391869575283105792,"ds_language":"it","language":"it","label":"positive"}
{"tweetid":391869328150523904,"ds_language":"it","language":"it","label":"negative"}
{"tweetid":391867761712177152,"ds_language":"it","language":"it","label":"positive"}
{"tweetid":391889839127556096,"ds_language":"it","language":"it","label":"negative"}
{"tweetid":391882790629031936,"ds_language":"it","language":"it","label":"negative"}
{"tweetid":391881616253272064,"ds_language":"it","language":"it","label":"negative"}
{"tweetid":391881324963065856,"ds_language":"it","language":"it","label":"negative"}
{"tweetid":391881246575718400,"ds_language":"it","language":"it","label":"negative"}
{"tweetid":391880479588483072,"ds_language":"it","language":"it","label":"negative"}
{"tweetid":391880330313207808,"ds_language":"it","language":"it","label":"negative"}
{"tweetid":391880038485749760,"ds_language":"it","language":"it","label":"negative"}
{"tweetid":391189460127584256,"ds_language":"it","language":"it","label":"positive"}
{"tweetid":391918621876039680,"ds_language":"it","language":"tr","label":"positive"}
{"tweetid":391867572528119808,"ds_language":"it","language":"it","label":"positive"}
{"tweetid":393306815058157568,"ds_language":"it","language":"it","label":"neutral"}
{"tweetid":393304465853255680,"ds_language":"it","language":"it","label":"negative"}
{"tweetid":393118451356954624,"ds_language":"it","language":"it","label":"positive"}
{"tweetid":395239425279414272,"ds_language":"it","language":"it","label":"positive"}
{"tweetid":395330845336027136,"ds_language":"it","language":"it","label":"negative"}
{"tweetid":395277067408769024,"ds_language":"it","language":"it","label":"positive"}
{"tweetid":379568332707741696,"ds_language":"it","language":"it","label":"positive"}
{"tweetid":368300252710699010,"ds_language":"it","language":"it","label":"positive"}
{"tweetid":355640743295070208,"ds_language":"it","language":"it","label":"negative"}
{"tweetid":354502997981659136,"ds_language":"it","language":"it","label":"positive"}
{"tweetid":395547639011213313,"ds_language":"it","language":"it","label":"negative"}
{"tweetid":396740189919252480,"ds_language":"it","language":"it","label":"positive"}
