{"tweetid":459720034948874240,"ds_language":"es","language":"es","label":"negative"}
{"tweetid":459896313707241472,"ds_language":"es","language":"es","label":"positive"}
{"tweetid":460454790896828418,"ds_language":"es","language":"es","label":"positive"}
{"tweetid":460975220703371264,"ds_language":"es","language":"es","label":"neutral"}
{"tweetid":463477814004842497,"ds_language":"es","language":"es","label":"neutral"}
{"tweetid":466942004434583552,"ds_language":"es","language":"es","label":"neutral"}
{"tweetid":467268876439654401,"ds_language":"es","language":"es","label":"neutral"}
{"tweetid":468853332174725120,"ds_language":"es","language":"es","label":"negative"}
{"tweetid":469461266025955328,"ds_language":"es","language":"es","label":"negative"}
{"tweetid":471016022519324672,"ds_language":"es","language":"es","label":"negative"}
{"tweetid":472524326118256640,"ds_language":"es","language":"es","label":"negative"}
{"tweetid":473612023360921600,"ds_language":"es","language":"es","label":"negative"}
{"tweetid":474207962949754880,"ds_language":"es","language":"es","label":"negative"}
{"tweetid":474508960695730176,"ds_language":"es","language":"es","label":"positive"}
{"tweetid":474658370138701825,"ds_language":"es","language":"es","label":"neutral"}
{"tweetid":474695035645358080,"ds_language":"es","language":"es","label":"negative"}
{"tweetid":474726905657425920,"ds_language":"es","language":"pt","label":"neutral"}
{"tweetid":474750566992998400,"ds_language":"es","language":"es","label":"neutral"}
{"tweetid":475319210751836160,"ds_language":"es","language":"es","label":"negative"}
{"tweetid":475483762139361280,"ds_language":"es","language":"es","label":"negative"}
{"tweetid":475993150935531520,"ds_language":"es","language":"es","label":"negative"}
{"tweetid":476469326007263232,"ds_language":"es","language":"es","label":"positive"}
{"tweetid":476766799116374017,"ds_language":"es","language":"tl","label":"negative"}
{"tweetid":476841014737379328,"ds_language":"es","language":"es","label":"negative"}
{"tweetid":478170145680924673,"ds_language":"es","language":"es","label":"neutral"}
{"tweetid":478182470605897728,"ds_language":"es","language":"es","label":"neutral"}
{"tweetid":478186623545643009,"ds_language":"es","language":"es","label":"positive"}
{"tweetid":478192994190110721,"ds_language":"es","language":"es","label":"neutral"}
{"tweetid":478269662762119169,"ds_language":"es","language":"es","label":"positive"}
{"tweetid":478278578225033217,"ds_language":"es","language":"es","label":"neutral"}
{"tweetid":478295657430921216,"ds_language":"es","language":"es","label":"neutral"}
{"tweetid":478301237314854912,"ds_language":"es","language":"es","label":"positive"}
{"tweetid":478313306449805312,"ds_language":"es","language":"es","label":"neutral"}
{"tweetid":478314203418480640,"ds_language":"es","language":"es","label":"neutral"}
{"tweetid":478332626718453760,"ds_language":"es","language":"es","label":"neutral"}
{"tweetid":478357293042761728,"ds_language":"es","language":"es","label":"positive"}
{"tweetid":478409250986033152,"ds_language":"es","language":"es","label":"positive"}
{"tweetid":478526086901665793,"ds_language":"es","language":"es","label":"positive"}
{"tweetid":478990061602480128,"ds_language":"es","language":"es","label":"negative"}
{"tweetid":479258126479544320,"ds_language":"es","language":"es","label":"neutral"}
