{"tweetid":487520828452773888,"ds_language":"fr","language":"fr","label":"negative"}
{"tweetid":487625375913349120,"ds_language":"fr","language":"fr","label":"neutral"}
{"tweetid":487637657422692352,"ds_language":"fr","language":"fr","label":"neutral"}
{"tweetid":487695535122681856,"ds_language":"fr","language":"fr","label":"positive"}
{"tweetid":487889930740170753,"ds_language":"fr","language":"fr","label":"positive"}
{"tweetid":487924407281922050,"ds_language":"fr","language":"fr","label":"positive"}
{"tweetid":488284598078803968,"ds_language":"fr","language":"fr","label":"neutral"}
{"tweetid":488357242224525312,"ds_language":"fr","language":"fr","label":"neutral"}
{"tweetid":488570965400776704,"ds_language":"fr","language":"fr","label":"neutral"}
{"tweetid":488598096654655488,"ds_language":"fr","language":"fr","label":"neutral"}
{"tweetid":488678973040525312,"ds_language":"fr","language":"fr","label":"neutral"}
{"tweetid":488724363844521985,"ds_language":"fr","language":"fr","label":"neutral"}
{"tweetid":488752340762370049,"ds_language":"fr","language":"fr","label":"neutral"}
{"tweetid":488792238026395649,"ds_language":"fr","language":"fr","label":"neutral"}
{"tweetid":488997586486169600,"ds_language":"fr","language":"fr","label":"neutral"}
{"tweetid":489005724958457856,"ds_language":"fr","language":"fr","label":"positive"}
{"tweetid":489016255270354944,"ds_language":"fr","language":"fr","label":"neutral"}
{"tweetid":489027853175246848,"ds_language":"fr","language":"fr","label":"neutral"}
{"tweetid":489038531961290753,"ds_language":"fr","language":"fr","label":"positive"}
{"tweetid":489055936791994368,"ds_language":"fr","language":"fr","label":"negative"}
{"tweetid":489062583971090433,"ds_language":"fr","language":"fr","label":"neutral"}
{"tweetid":489069434846187522,"ds_language":"fr","language":"fr","label":"positive"}
{"tweetid":489075451667566593,"ds_language":"fr","language":"fr","label":"positive"}
{"tweetid":489098136267530242,"ds_language":"fr","language":"fr","label":"neutral"}
{"tweetid":489122421329657856,"ds_language":"fr","language":"fr","label":"neutral"}
{"tweetid":489131519236382721,"ds_language":"fr","language":"fr","label":"neutral"}
{"tweetid":489141571242426368,"ds_language":"fr","language":"en","label":"neutral"}
{"tweetid":489292412666535937,"ds_language":"fr","language":"fr","label":"neutral"}
{"tweetid":489317896284545024,"ds_language":"fr","language":"fr","label":"positive"}
{"tweetid":489337436799905792,"ds_language":"fr","language":"fr","label":"positive"}
{"tweetid":489340289228996608,"ds_language":"fr","language":"fr","label":"neutral"}
{"tweetid":489341560316633090,"ds_language":"fr","language":"fr","label":"positive"}
{"tweetid":489375833589825536,"ds_language":"fr","language":"fr","label":"positive"}
{"tweetid":489376406313263105,"ds_language":"fr","language":"fr","label":"neutral"}
{"tweetid":489415092534910978,"ds_language":"fr","language":"fr","label":"neutral"}
{"tweetid":489443840169095169,"ds_language":"fr","language":"fr","label":"negative"}
{"tweetid":489454586835771392,"ds_language":"fr","language":"fr","label":"neutral"}
{"tweetid":489483726070747137,"ds_language":"fr","language":"fr","label":"positive"}
{"tweetid":489706848560644096,"ds_language":"fr","language":"fr","label":"positive"}
{"tweetid":489714216291815424,"ds_language":"fr","language":"fr","label":"positive"}
{"tweetid":489735383002144768,"ds_language":"fr","language":"fr","label":"positive"}
{"tweetid":489839515196866560,"ds_language":"fr","language":"fr","label":"positive"}
{"tweetid":489999091578179584,"ds_language":"fr","language":"fr","label":"neutral"}
{"tweetid":490054946986143744,"ds_language":"fr","language":"fr","label":"negative"}
{"tweetid":504611479325519873,"ds_language":"fr","language":"fr","label":"neutral"}
{"tweetid":504615329612693504,"ds_language":"fr","language":"fr","label":"neutral"}
{"tweetid":504645983956140032,"ds_language":"fr","language":"fr","label":"neutral"}
{"tweetid":504694966044884994,"ds_language":"fr","language":"fr","label":"positive"}
{"tweetid":504722782169870336,"ds_language":"fr","language":"fr","label":"positive"}
{"tweetid":504742613015351296,"ds_language":"fr","language":"fr","label":"neutral"}
{"tweetid":504754003067273217,"ds_language":"fr","language":"fr","label":"negative"}
{"tweetid":504888248695799809,"ds_language":"fr","language":"fr","label":"neutral"}
{"tweetid":504895548529586177,"ds_language":"fr","language":"fr","label":"neutral"}
{"tweetid":504897965337878529,"ds_language":"fr","language":"fr","label":"negative"}
{"tweetid":504927792992366592,"ds_language":"fr","language":"fr","label":"positive"}
{"tweetid":504928683816411136,"ds_language":"fr","language":"fr","label":"neutral"}
{"tweetid":504937219535421440,"ds_language":"fr","language":"fr","label":"positive"}
{"tweetid":504941949372362752,"ds_language":"fr","language":"fr","label":"negative"}
{"tweetid":504958117692837888,"ds_language":"fr","language":"es","label":"positive"}
{"tweetid":504993319731339264,"ds_language":"fr","language":"fr","label":"positive"}
{"tweetid":504996312195280896,"ds_language":"fr","language":"de","label":"positive"}
{"tweetid":505002294673682432,"ds_language":"fr","language":"fr","label":"negative"}
{"tweetid":505030935038136320,"ds_language":"fr","language":"fr","label":"neutral"}
{"tweetid":505036887300771840,"ds_language":"fr","language":"nl","label":"neutral"}
{"tweetid":505082463387787264,"ds_language":"fr","language":"fr","label":"positive"}
{"tweetid":505100564578193409,"ds_language":"fr","language":"fr","label":"neutral"}
{"tweetid":505149445148000256,"ds_language":"fr","language":"fr","label":"neutral"}
{"tweetid":505176648753635328,"ds_language":"fr","language":"fr","label":"neutral"}
{"tweetid":505225869263372288,"ds_language":"fr","language":"fr","label":"positive"}
{"tweetid":505255407762538496,"ds_language":"fr","language":"fr","label":"neutral"}
{"tweetid":505274355287621632,"ds_language":"fr","language":"fr","label":"neutral"}
{"tweetid":505282693824008192,"ds_language":"fr","language":"fr","label":"neutral"}
{"tweetid":505285450215350272,"ds_language":"fr","language":"fr","label":"neutral"}
{"tweetid":505294237530066944,"ds_language":"fr","language":"fr","label":"neutral"}
{"tweetid":505327112254152704,"ds_language":"fr","language":"fr","label":"neutral"}
{"tweetid":505345439995289601,"ds_language":"fr","language":"fr","label":"positive"}
{"tweetid":505347224436760576,"ds_language":"fr","language":"fr","label":"negative"}
{"tweetid":505364715233890306,"ds_language":"fr","language":"fr","label":"neutral"}
{"tweetid":505370080566575104,"ds_language":"fr","language":"so","label":"positive"}
{"tweetid":505372180142882816,"ds_language":"fr","language":"fr","label":"neutral"}
{"tweetid":505372546657976321,"ds_language":"fr","language":"fr","label":"positive"}
{"tweetid":505381446954270720,"ds_language":"fr","language":"fr","label":"positive"}
{"tweetid":505411483103412224,"ds_language":"fr","language":"fr","label":"negative"}
{"tweetid":505414634329751553,"ds_language":"fr","language":"fr","label":"positive"}
{"tweetid":505443107564191744,"ds_language":"fr","language":"fr","label":"positive"}
{"tweetid":505445172579422208,"ds_language":"fr","language":"de","label":"neutral"}
{"tweetid":505458694801600516,"ds_language":"fr","language":"fr","label":"neutral"}
{"tweetid":505462192448499712,"ds_language":"fr","language":"de","label":"neutral"}
{"tweetid":505470246887882752,"ds_language":"fr","language":"de","label":"neutral"}
{"tweetid":505494105347330048,"ds_language":"fr","language":"fr","label":"neutral"}
{"tweetid":505625981772521472,"ds_language":"fr","language":"fr","label":"neutral"}
{"tweetid":505660259399393280,"ds_language":"fr","language":"fr","label":"neutral"}
{"tweetid":505700524445151232,"ds_language":"fr","language":"fr","label":"neutral"}
{"tweetid":505741587562106880,"ds_language":"fr","language":"fr","label":"positive"}
{"tweetid":505742062252457986,"ds_language":"fr","language":"fr","label":"neutral"}
{"tweetid":505744470621814784,"ds_language":"fr","language":"fr","label":"neutral"}
{"tweetid":505748814972878849,"ds_language":"fr","language":"fr","label":"neutral"}
{"tweetid":505755698928840704,"ds_language":"fr","language":"fr","label":"negative"}
{"tweetid":505837497470177281,"ds_language":"fr","language":"fr","label":"neutral"}
{"tweetid":506002358707716097,"ds_language":"fr","language":"fr","label":"neutral"}
{"tweetid":506014686329176065,"ds_language":"fr","language":"fr","label":"positive"}
{"tweetid":506016887453777921,"ds_language":"fr","language":"fr","label":"neutral"}
{"tweetid":506156029999325184,"ds_language":"fr","language":"fr","label":"neutral"}
{"tweetid":506380185940525056,"ds_language":"fr","language":"fr","label":"neutral"}
{"tweetid":506383995501027328,"ds_language":"fr","language":"ca","label":"neutral"}
{"tweetid":506387269767680002,"ds_language":"fr","language":"fr","label":"neutral"}
{"tweetid":506397113463619585,"ds_language":"fr","language":"fr","label":"neutral"}
{"tweetid":506407933937451008,"ds_language":"fr","language":"fr","label":"neutral"}
{"tweetid":506434497303552000,"ds_language":"fr","language":"fr","label":"neutral"}
{"tweetid":506461229033197568,"ds_language":"fr","language":"fr","label":"neutral"}
{"tweetid":506461347115069440,"ds_language":"fr","language":"fr","label":"neutral"}
{"tweetid":506462796494958592,"ds_language":"fr","language":"fr","label":"neutral"}
{"tweetid":506469941575704576,"ds_language":"fr","language":"fr","label":"neutral"}
{"tweetid":506478068803043328,"ds_language":"fr","language":"fr","label":"neutral"}
{"tweetid":506482350143053824,"ds_language":"fr","language":"fr","label":"negative"}
{"tweetid":506501834266394627,"ds_language":"fr","language":"fr","label":"negative"}
{"tweetid":506522296283308032,"ds_language":"fr","language":"fr","label":"neutral"}
{"tweetid":506523343965917184,"ds_language":"fr","language":"fr","label":"positive"}
{"tweetid":506539523577495552,"ds_language":"fr","language":"fr","label":"positive"}
{"tweetid":506544656545742848,"ds_language":"fr","language":"fr","label":"positive"}
{"tweetid":506562539828674560,"ds_language":"fr","language":"no","label":"positive"}
{"tweetid":506698553784537089,"ds_language":"fr","language":"fr","label":"neutral"}
{"tweetid":506702692119769088,"ds_language":"fr","language":"fr","label":"negative"}
{"tweetid":506719549816049664,"ds_language":"fr","language":"fr","label":"neutral"}
{"tweetid":506754556945235968,"ds_language":"fr","language":"fr","label":"neutral"}
{"tweetid":506756749396049921,"ds_language":"fr","language":"fr","label":"neutral"}
{"tweetid":506765464400572416,"ds_language":"fr","language":"fr","label":"neutral"}
{"tweetid":506766446417178624,"ds_language":"fr","language":"fr","label":"neutral"}
{"tweetid":506768787715411968,"ds_language":"fr","language":"fr","label":"positive"}
{"tweetid":506772676569210880,"ds_language":"fr","language":"fr","label":"neutral"}
{"tweetid":506774801244233728,"ds_language":"fr","language":"fr","label":"neutral"}
{"tweetid":506797517867323392,"ds_language":"fr","language":"fr","label":"positive"}
{"tweetid":506822383085572097,"ds_language":"fr","language":"fr","label":"positive"}
{"tweetid":506827899367092225,"ds_language":"fr","language":"fr","label":"neutral"}
{"tweetid":506828176887013376,"ds_language":"fr","language":"fr","label":"neutral"}
{"tweetid":506830345879433216,"ds_language":"fr","language":"fr","label":"neutral"}
{"tweetid":506834759532937216,"ds_language":"fr","language":"fr","label":"neutral"}
{"tweetid":506839527512887296,"ds_language":"fr","language":"fr","label":"negative"}
{"tweetid":506853013823430657,"ds_language":"fr","language":"fr","label":"negative"}
{"tweetid":506855409899286528,"ds_language":"fr","language":"fr","label":"positive"}
{"tweetid":506869301924872192,"ds_language":"fr","language":"fr","label":"neutral"}
{"tweetid":506884939233890304,"ds_language":"fr","language":"fr","label":"positive"}
{"tweetid":506905828826566656,"ds_language":"fr","language":"fr","label":"positive"}
{"tweetid":506906286345453568,"ds_language":"fr","language":"fr","label":"neutral"}
{"tweetid":506909466093047808,"ds_language":"fr","language":"fr","label":"neutral"}
{"tweetid":506951304598790144,"ds_language":"fr","language":"fr","label":"neutral"}
{"tweetid":507064118827048960,"ds_language":"fr","language":"fr","label":"positive"}
{"tweetid":507077715548450816,"ds_language":"fr","language":"fr","label":"neutral"}
{"tweetid":507078515901362176,"ds_language":"fr","language":"fr","label":"positive"}
{"tweetid":507084084305469440,"ds_language":"fr","language":"fr","label":"neutral"}
{"tweetid":507089493955207168,"ds_language":"fr","language":"fr","label":"positive"}
{"tweetid":507096368536879104,"ds_language":"fr","language":"fr","label":"neutral"}
{"tweetid":507096534920736768,"ds_language":"fr","language":"fr","label":"neutral"}
{"tweetid":507098663148322816,"ds_language":"fr","language":"fr","label":"positive"}
{"tweetid":507104962610868224,"ds_language":"fr","language":"fr","label":"negative"}
{"tweetid":507107561649491968,"ds_language":"fr","language":"fr","label":"negative"}
{"tweetid":507109068046356480,"ds_language":"fr","language":"fr","label":"neutral"}
{"tweetid":507113665972436992,"ds_language":"fr","language":"fr","label":"positive"}
{"tweetid":507114641248772096,"ds_language":"fr","language":"fr","label":"neutral"}
{"tweetid":507116794969346048,"ds_language":"fr","language":"fr","label":"neutral"}
{"tweetid":507116983981465600,"ds_language":"fr","language":"fr","label":"positive"}
{"tweetid":507121837932052481,"ds_language":"fr","language":"fr","label":"negative"}
{"tweetid":507126998423314432,"ds_language":"fr","language":"fr","label":"positive"}
{"tweetid":507154141781962752,"ds_language":"fr","language":"fr","label":"positive"}
{"tweetid":507166034575753216,"ds_language":"fr","language":"fr","label":"neutral"}
{"tweetid":507174237636161537,"ds_language":"fr","language":"fr","label":"negative"}
{"tweetid":507176327557152768,"ds_language":"fr","language":"fr","label":"neutral"}
{"tweetid":507178171947843584,"ds_language":"fr","language":"fr","label":"neutral"}
{"tweetid":507179541455196160,"ds_language":"fr","language":"fr","label":"neutral"}
{"tweetid":507179953952415744,"ds_language":"fr","language":"fr","label":"neutral"}
{"tweetid":507184701313150976,"ds_language":"fr","language":"fr","label":"neutral"}
{"tweetid":507188910037159936,"ds_language":"fr","language":"fr","label":"negative"}
{"tweetid":507193592885293057,"ds_language":"fr","language":"fr","label":"neutral"}
{"tweetid":507196698880671744,"ds_language":"fr","language":"fr","label":"neutral"}
{"tweetid":507200076436209664,"ds_language":"fr","language":"fr","label":"neutral"}
{"tweetid":507200145151107073,"ds_language":"fr","language":"ca","label":"neutral"}
{"tweetid":507200505056358400,"ds_language":"fr","language":"fr","label":"positive"}
{"tweetid":507200570562985984,"ds_language":"fr","language":"fr","label":"negative"}
{"tweetid":507200584660054016,"ds_language":"fr","language":"fr","label":"positive"}
{"tweetid":507200790575210496,"ds_language":"fr","language":"fr","label":"neutral"}
{"tweetid":507203915410972672,"ds_language":"fr","language":"fr","label":"neutral"}
{"tweetid":507213976091258882,"ds_language":"fr","language":"fr","label":"positive"}
{"tweetid":507214526736240640,"ds_language":"fr","language":"fr","label":"negative"}
{"tweetid":507218032784326656,"ds_language":"fr","language":"fr","label":"neutral"}
{"tweetid":507221974960336896,"ds_language":"fr","language":"fr","label":"neutral"}
{"tweetid":507226289594716161,"ds_language":"fr","language":"fr","label":"positive"}
{"tweetid":507245524567994368,"ds_language":"fr","language":"fr","label":"neutral"}
{"tweetid":507252087529299968,"ds_language":"fr","language":"fr","label":"neutral"}
{"tweetid":507265171551973376,"ds_language":"fr","language":"fr","label":"positive"}
{"tweetid":507274134783811585,"ds_language":"fr","language":"fr","label":"negative"}
{"tweetid":507283050221568000,"ds_language":"fr","language":"fr","label":"neutral"}
{"tweetid":507313141047246849,"ds_language":"fr","language":"fr","label":"neutral"}
{"tweetid":507400209135968256,"ds_language":"fr","language":"fr","label":"positive"}
{"tweetid":507406403074785280,"ds_language":"fr","language":"fr","label":"positive"}
{"tweetid":507412130044575745,"ds_language":"fr","language":"fr","label":"positive"}
{"tweetid":507414478670295040,"ds_language":"fr","language":"fr","label":"negative"}
{"tweetid":507423764028878848,"ds_language":"fr","language":"fr","label":"neutral"}
{"tweetid":507427129483866112,"ds_language":"fr","language":"fr","label":"negative"}
{"tweetid":507427559811067904,"ds_language":"fr","language":"fr","label":"neutral"}
{"tweetid":507430440966565888,"ds_language":"fr","language":"fr","label":"negative"}
{"tweetid":517990045111025664,"ds_language":"fr","language":"fr","label":"neutral"}
{"tweetid":517995918088753152,"ds_language":"fr","language":"fr","label":"positive"}
{"tweetid":518034317654904832,"ds_language":"fr","language":"fr","label":"neutral"}
{"tweetid":518056705226465280,"ds_language":"fr","language":"fr","label":"negative"}
{"tweetid":518109506106949632,"ds_language":"fr","language":"fr","label":"negative"}
{"tweetid":518110718164746241,"ds_language":"fr","language":"UNKNOWN","label":"negative"}
{"tweetid":518176077836197888,"ds_language":"fr","language":"fr","label":"neutral"}
{"tweetid":518203971195109376,"ds_language":"fr","language":"fr","label":"positive"}
{"tweetid":518302159549370368,"ds_language":"fr","language":"fr","label":"negative"}
{"tweetid":518315777175605249,"ds_language":"fr","language":"fr","label":"positive"}
{"tweetid":518328429632966656,"ds_language":"fr","language":"fr","label":"neutral"}
{"tweetid":518393503530102784,"ds_language":"fr","language":"fr","label":"positive"}
{"tweetid":518472347146539011,"ds_language":"fr","language":"fr","label":"positive"}
{"tweetid":518684149289607168,"ds_language":"fr","language":"fr","label":"neutral"}
{"tweetid":518717280746602497,"ds_language":"fr","language":"fr","label":"neutral"}
{"tweetid":518736717193695233,"ds_language":"fr","language":"fr","label":"neutral"}
{"tweetid":518775513272553472,"ds_language":"fr","language":"fr","label":"positive"}
{"tweetid":518783620686045184,"ds_language":"fr","language":"fr","label":"neutral"}
{"tweetid":518785278191087616,"ds_language":"fr","language":"fr","label":"neutral"}
{"tweetid":518803239207452672,"ds_language":"fr","language":"fr","label":"negative"}
{"tweetid":518806621057974273,"ds_language":"fr","language":"pt","label":"neutral"}
{"tweetid":518807280905895936,"ds_language":"fr","language":"fr","label":"positive"}
{"tweetid":518816296356818944,"ds_language":"fr","language":"fr","label":"neutral"}
{"tweetid":518823785341145088,"ds_language":"fr","language":"fr","label":"neutral"}
{"tweetid":518877107704070144,"ds_language":"fr","language":"fr","label":"neutral"}
{"tweetid":518884047012253696,"ds_language":"fr","language":"fr","label":"neutral"}
{"tweetid":518901451809390593,"ds_language":"fr","language":"fr","label":"negative"}
{"tweetid":518909823232901121,"ds_language":"fr","language":"no","label":"positive"}
{"tweetid":518938779092922368,"ds_language":"fr","language":"no","label":"positive"}
{"tweetid":519022131041284096,"ds_language":"fr","language":"fr","label":"neutral"}
{"tweetid":519034363363610624,"ds_language":"fr","language":"fr","label":"positive"}
{"tweetid":519035695797526528,"ds_language":"fr","language":"fr","label":"neutral"}
{"tweetid":519091912247377920,"ds_language":"fr","language":"fr","label":"neutral"}
{"tweetid":519101267235598336,"ds_language":"fr","language":"fr","label":"neutral"}
{"tweetid":519116212459282432,"ds_language":"fr","language":"fr","label":"neutral"}
{"tweetid":519118163045539840,"ds_language":"fr","language":"fr","label":"neutral"}
{"tweetid":519129565634265088,"ds_language":"fr","language":"fr","label":"neutral"}
{"tweetid":519139230430552064,"ds_language":"fr","language":"fr","label":"neutral"}
{"tweetid":519140910874243072,"ds_language":"fr","language":"fr","label":"neutral"}
{"tweetid":519141820673327105,"ds_language":"fr","language":"fr","label":"neutral"}
{"tweetid":519146512698572801,"ds_language":"fr","language":"fr","label":"positive"}
{"tweetid":519175129117777920,"ds_language":"fr","language":"fr","label":"positive"}
{"tweetid":519189170477367296,"ds_language":"fr","language":"fr","label":"neutral"}
{"tweetid":519197099637080064,"ds_language":"fr","language":"fr","label":"positive"}
{"tweetid":519203794039894016,"ds_language":"fr","language":"fr","label":"neutral"}
{"tweetid":519235274413719553,"ds_language":"fr","language":"fr","label":"positive"}
{"tweetid":519315483666169857,"ds_language":"fr","language":"fr","label":"neutral"}
{"tweetid":519345463695523840,"ds_language":"fr","language":"fr","label":"neutral"}
{"tweetid":519356796700725248,"ds_language":"fr","language":"fr","label":"neutral"}
{"tweetid":519377564008460288,"ds_language":"fr","language":"fr","label":"positive"}
{"tweetid":519385925273796608,"ds_language":"fr","language":"fr","label":"negative"}
{"tweetid":519386689354358785,"ds_language":"fr","language":"en","label":"negative"}
{"tweetid":519390168504344576,"ds_language":"fr","language":"fr","label":"negative"}
{"tweetid":519392005223636992,"ds_language":"fr","language":"sq","label":"neutral"}
{"tweetid":519392800002297857,"ds_language":"fr","language":"fr","label":"positive"}
{"tweetid":519393724795600896,"ds_language":"fr","language":"fr","label":"neutral"}
{"tweetid":519395512488054784,"ds_language":"fr","language":"fr","label":"neutral"}
{"tweetid":519409775344631808,"ds_language":"fr","language":"fr","label":"neutral"}
{"tweetid":519418861343756288,"ds_language":"fr","language":"fr","label":"neutral"}
{"tweetid":519421260175273984,"ds_language":"fr","language":"fr","label":"negative"}
{"tweetid":519432668698910720,"ds_language":"fr","language":"fr","label":"negative"}
{"tweetid":519435772609699840,"ds_language":"fr","language":"fr","label":"negative"}
{"tweetid":519441645574848512,"ds_language":"fr","language":"fr","label":"positive"}
{"tweetid":519458413320097792,"ds_language":"fr","language":"fr","label":"neutral"}
{"tweetid":519461041152225280,"ds_language":"fr","language":"fr","label":"neutral"}
{"tweetid":519462666348539904,"ds_language":"fr","language":"fr","label":"neutral"}
{"tweetid":519473246048387072,"ds_language":"fr","language":"fr","label":"positive"}
{"tweetid":519479177888935936,"ds_language":"fr","language":"cy","label":"neutral"}
{"tweetid":519504423887073280,"ds_language":"fr","language":"fr","label":"neutral"}
{"tweetid":519507407815589888,"ds_language":"fr","language":"fr","label":"negative"}
{"tweetid":519513225587879939,"ds_language":"fr","language":"fr","label":"negative"}
{"tweetid":519534893592608768,"ds_language":"fr","language":"fr","label":"positive"}
{"tweetid":519535241220718592,"ds_language":"fr","language":"fr","label":"negative"}
{"tweetid":519549854452695040,"ds_language":"fr","language":"fr","label":"neutral"}
{"tweetid":519578904126689281,"ds_language":"fr","language":"fr","label":"neutral"}
{"tweetid":519588950885670912,"ds_language":"fr","language":"fr","label":"negative"}
{"tweetid":519604792037888000,"ds_language":"fr","language":"fr","label":"positive"}
{"tweetid":519683762150338560,"ds_language":"fr","language":"fr","label":"positive"}
{"tweetid":519746820302323712,"ds_language":"fr","language":"fr","label":"positive"}
{"tweetid":519762162026168320,"ds_language":"fr","language":"fr","label":"neutral"}
{"tweetid":519766533598228480,"ds_language":"fr","language":"fr","label":"neutral"}
{"tweetid":519768476823453696,"ds_language":"fr","language":"fr","label":"neutral"}
{"tweetid":519774270071652352,"ds_language":"fr","language":"fr","label":"neutral"}
{"tweetid":519778496424714240,"ds_language":"fr","language":"fr","label":"positive"}
{"tweetid":519781290271178752,"ds_language":"fr","language":"fr","label":"positive"}
{"tweetid":519781447226650624,"ds_language":"fr","language":"fr","label":"positive"}
{"tweetid":519786263306448896,"ds_language":"fr","language":"fr","label":"neutral"}
{"tweetid":519786410304221185,"ds_language":"fr","language":"fr","label":"positive"}
{"tweetid":519795020686057472,"ds_language":"fr","language":"fr","label":"neutral"}
{"tweetid":519795585948614656,"ds_language":"fr","language":"fr","label":"negative"}
{"tweetid":519799513369026560,"ds_language":"fr","language":"fr","label":"neutral"}
{"tweetid":519809361036980224,"ds_language":"fr","language":"fr","label":"neutral"}
{"tweetid":519823708853391360,"ds_language":"fr","language":"fr","label":"negative"}
{"tweetid":519824706137239552,"ds_language":"fr","language":"fr","label":"positive"}
{"tweetid":519825317511593984,"ds_language":"fr","language":"fr","label":"negative"}
{"tweetid":519826309577732097,"ds_language":"fr","language":"fr","label":"neutral"}
{"tweetid":519829005424685056,"ds_language":"fr","language":"fr","label":"neutral"}
{"tweetid":519833688113426432,"ds_language":"fr","language":"fr","label":"neutral"}
{"tweetid":519833908498935808,"ds_language":"fr","language":"fr","label":"neutral"}
{"tweetid":519834089202151424,"ds_language":"fr","language":"fr","label":"positive"}
{"tweetid":519836180985421824,"ds_language":"fr","language":"fr","label":"positive"}
{"tweetid":519836341539180544,"ds_language":"fr","language":"fr","label":"positive"}
{"tweetid":519837349250080768,"ds_language":"fr","language":"fr","label":"positive"}
{"tweetid":519839206236258305,"ds_language":"fr","language":"fr","label":"negative"}
{"tweetid":519839347311648768,"ds_language":"fr","language":"fr","label":"neutral"}
{"tweetid":519840694564032512,"ds_language":"fr","language":"fr","label":"neutral"}
{"tweetid":519843532853772288,"ds_language":"fr","language":"fr","label":"positive"}
{"tweetid":519851017933180930,"ds_language":"fr","language":"fr","label":"positive"}
{"tweetid":519863501792509952,"ds_language":"fr","language":"fr","label":"neutral"}
{"tweetid":519869955756818432,"ds_language":"fr","language":"fr","label":"neutral"}
{"tweetid":519871255944921088,"ds_language":"fr","language":"fr","label":"positive"}
{"tweetid":519877419365179393,"ds_language":"fr","language":"fr","label":"negative"}
{"tweetid":519880049911402496,"ds_language":"fr","language":"fr","label":"positive"}
{"tweetid":519895084494356480,"ds_language":"fr","language":"fr","label":"neutral"}
{"tweetid":519897393031311360,"ds_language":"fr","language":"fr","label":"negative"}
{"tweetid":519902516222644224,"ds_language":"fr","language":"fr","label":"positive"}
{"tweetid":519907311478128640,"ds_language":"fr","language":"id","label":"neutral"}
{"tweetid":519909457212768256,"ds_language":"fr","language":"fr","label":"positive"}
{"tweetid":519910114309181441,"ds_language":"fr","language":"fr","label":"neutral"}
{"tweetid":519910953572659200,"ds_language":"fr","language":"fr","label":"neutral"}
{"tweetid":519923134141857792,"ds_language":"fr","language":"fr","label":"negative"}
{"tweetid":519936962992816128,"ds_language":"fr","language":"fr","label":"negative"}
{"tweetid":519944808279068672,"ds_language":"fr","language":"fr","label":"neutral"}
{"tweetid":519964444307492864,"ds_language":"fr","language":"fr","label":"positive"}
{"tweetid":519967900359458816,"ds_language":"fr","language":"fr","label":"positive"}
{"tweetid":519975798464593920,"ds_language":"fr","language":"fr","label":"negative"}
{"tweetid":519994631715844096,"ds_language":"fr","language":"fr","label":"negative"}
{"tweetid":520026152233353216,"ds_language":"fr","language":"fr","label":"negative"}
{"tweetid":520027123210530816,"ds_language":"fr","language":"fr","label":"neutral"}
{"tweetid":520077710253895680,"ds_language":"fr","language":"fr","label":"negative"}
{"tweetid":520081265710858240,"ds_language":"fr","language":"fr","label":"neutral"}
{"tweetid":520087387364655105,"ds_language":"fr","language":"fr","label":"negative"}
{"tweetid":520093319540768768,"ds_language":"fr","language":"fr","label":"negative"}
{"tweetid":520094370910175232,"ds_language":"fr","language":"fr","label":"negative"}
{"tweetid":520095301064212480,"ds_language":"fr","language":"fr","label":"negative"}
{"tweetid":520098822132084736,"ds_language":"fr","language":"fr","label":"negative"}
{"tweetid":520106754429169664,"ds_language":"fr","language":"fr","label":"negative"}
{"tweetid":520110228814053376,"ds_language":"fr","language":"fr","label":"neutral"}
{"tweetid":520114141793878016,"ds_language":"fr","language":"fr","label":"positive"}
{"tweetid":520119556007010304,"ds_language":"fr","language":"fr","label":"neutral"}
{"tweetid":520125473121390592,"ds_language":"fr","language":"fr","label":"positive"}
{"tweetid":520126515552718848,"ds_language":"fr","language":"fr","label":"neutral"}
{"tweetid":520130517896028160,"ds_language":"fr","language":"fr","label":"negative"}
{"tweetid":520132725223981056,"ds_language":"fr","language":"fr","label":"neutral"}
{"tweetid":520135581830234112,"ds_language":"fr","language":"fr","label":"positive"}
{"tweetid":520135895958429696,"ds_language":"fr","language":"fr","label":"neutral"}
{"tweetid":520136595173679104,"ds_language":"fr","language":"fr","label":"negative"}
{"tweetid":520140220382334976,"ds_language":"fr","language":"fr","label":"positive"}
{"tweetid":520140928116592640,"ds_language":"fr","language":"fr","label":"neutral"}
{"tweetid":520147678932381697,"ds_language":"fr","language":"fr","label":"negative"}
{"tweetid":520151498571804672,"ds_language":"fr","language":"fr","label":"neutral"}
{"tweetid":520153395588784129,"ds_language":"fr","language":"fr","label":"neutral"}
{"tweetid":520156829746495488,"ds_language":"fr","language":"fr","label":"negative"}
{"tweetid":520171855999549440,"ds_language":"fr","language":"fr","label":"neutral"}
{"tweetid":520192372446330880,"ds_language":"fr","language":"fr","label":"positive"}
{"tweetid":520199157639049216,"ds_language":"fr","language":"fr","label":"neutral"}
{"tweetid":520206228798963712,"ds_language":"fr","language":"fr","label":"positive"}
{"tweetid":520208779091378176,"ds_language":"fr","language":"UNKNOWN","label":"positive"}
{"tweetid":520214305183379456,"ds_language":"fr","language":"UNKNOWN","label":"negative"}
{"tweetid":520223596502077441,"ds_language":"fr","language":"fr","label":"neutral"}
{"tweetid":520257947424010241,"ds_language":"fr","language":"fr","label":"neutral"}
{"tweetid":520272805351673857,"ds_language":"fr","language":"fr","label":"negative"}
{"tweetid":520273452058828801,"ds_language":"fr","language":"fr","label":"neutral"}
{"tweetid":520274487435337728,"ds_language":"fr","language":"fr","label":"neutral"}
{"tweetid":520292203584032769,"ds_language":"fr","language":"fr","label":"negative"}
{"tweetid":520293971952930816,"ds_language":"fr","language":"fr","label":"negative"}
{"tweetid":520307502647619585,"ds_language":"fr","language":"fr","label":"neutral"}
{"tweetid":520339745717891072,"ds_language":"fr","language":"fr","label":"positive"}
{"tweetid":520380513157414912,"ds_language":"fr","language":"fr","label":"neutral"}
{"tweetid":520438888905445376,"ds_language":"fr","language":"fr","label":"neutral"}
{"tweetid":520453665866653696,"ds_language":"fr","language":"fr","label":"neutral"}
{"tweetid":520471160929394688,"ds_language":"fr","language":"en","label":"neutral"}
{"tweetid":520485665516294144,"ds_language":"fr","language":"fr","label":"neutral"}
{"tweetid":520487331447717888,"ds_language":"fr","language":"fr","label":"neutral"}
{"tweetid":520488210976489472,"ds_language":"fr","language":"fr","label":"neutral"}
{"tweetid":520489887188127745,"ds_language":"fr","language":"fr","label":"positive"}
{"tweetid":520490814271918081,"ds_language":"fr","language":"fr","label":"positive"}
{"tweetid":520495349396668416,"ds_language":"fr","language":"fr","label":"neutral"}
{"tweetid":520495397874454529,"ds_language":"fr","language":"en","label":"positive"}
{"tweetid":520499923985653760,"ds_language":"fr","language":"fr","label":"neutral"}
{"tweetid":520502311270244352,"ds_language":"fr","language":"fr","label":"neutral"}
{"tweetid":520503225607532544,"ds_language":"fr","language":"fr","label":"positive"}
{"tweetid":520503528989941760,"ds_language":"fr","language":"fr","label":"positive"}
{"tweetid":520505367659573248,"ds_language":"fr","language":"fr","label":"positive"}
{"tweetid":520507301548261376,"ds_language":"fr","language":"en","label":"neutral"}
{"tweetid":520512021390168064,"ds_language":"fr","language":"fr","label":"positive"}
{"tweetid":520517061760806912,"ds_language":"fr","language":"fr","label":"neutral"}
{"tweetid":520519620537491459,"ds_language":"fr","language":"fr","label":"neutral"}
{"tweetid":520520409566158848,"ds_language":"fr","language":"fr","label":"negative"}
{"tweetid":520522602440572928,"ds_language":"fr","language":"fr","label":"positive"}
{"tweetid":520525999084425216,"ds_language":"fr","language":"fr","label":"neutral"}
{"tweetid":520527121266249728,"ds_language":"fr","language":"fr","label":"positive"}
{"tweetid":520542872253501440,"ds_language":"fr","language":"fr","label":"positive"}
{"tweetid":520546373549428736,"ds_language":"fr","language":"fr","label":"negative"}
{"tweetid":520551589124116480,"ds_language":"fr","language":"fr","label":"neutral"}
{"tweetid":520552770198597633,"ds_language":"fr","language":"fr","label":"negative"}
{"tweetid":520558684225957888,"ds_language":"fr","language":"fr","label":"neutral"}
{"tweetid":520559395231379456,"ds_language":"fr","language":"fr","label":"positive"}
{"tweetid":520560942539894784,"ds_language":"fr","language":"fr","label":"neutral"}
{"tweetid":520565985871683584,"ds_language":"fr","language":"fr","label":"neutral"}
{"tweetid":520575772122042368,"ds_language":"fr","language":"fr","label":"neutral"}
{"tweetid":520582385986207744,"ds_language":"fr","language":"fr","label":"neutral"}
{"tweetid":520586944150249472,"ds_language":"fr","language":"fr","label":"neutral"}
{"tweetid":520587261872996353,"ds_language":"fr","language":"fr","label":"neutral"}
{"tweetid":520591050969460736,"ds_language":"fr","language":"nl","label":"positive"}
{"tweetid":520593077686501378,"ds_language":"fr","language":"fr","label":"neutral"}
{"tweetid":520594878745821184,"ds_language":"fr","language":"fr","label":"neutral"}
{"tweetid":520602643916652544,"ds_language":"fr","language":"en","label":"negative"}
{"tweetid":520605223136796672,"ds_language":"fr","language":"fr","label":"neutral"}
{"tweetid":520606927953625090,"ds_language":"fr","language":"fr","label":"positive"}
{"tweetid":520609322435223554,"ds_language":"fr","language":"fr","label":"neutral"}
{"tweetid":520610397867761664,"ds_language":"fr","language":"fr","label":"neutral"}
{"tweetid":520619931453624321,"ds_language":"fr","language":"fr","label":"positive"}
{"tweetid":520623868407742464,"ds_language":"fr","language":"es","label":"negative"}
{"tweetid":520628215757680640,"ds_language":"fr","language":"fr","label":"negative"}
{"tweetid":520629762847670272,"ds_language":"fr","language":"fr","label":"neutral"}
{"tweetid":520630465288753152,"ds_language":"fr","language":"en","label":"neutral"}
{"tweetid":520632498108522496,"ds_language":"fr","language":"fr","label":"neutral"}
{"tweetid":520632760340598784,"ds_language":"fr","language":"de","label":"neutral"}
{"tweetid":520641067985932288,"ds_language":"fr","language":"fr","label":"neutral"}
{"tweetid":520642279716188160,"ds_language":"fr","language":"fr","label":"positive"}
{"tweetid":520646983540035584,"ds_language":"fr","language":"fr","label":"positive"}
{"tweetid":520655725161623552,"ds_language":"fr","language":"fr","label":"neutral"}
{"tweetid":520660150743744513,"ds_language":"fr","language":"fr","label":"neutral"}
{"tweetid":520676554201104384,"ds_language":"fr","language":"fr","label":"negative"}
{"tweetid":520677207287824385,"ds_language":"fr","language":"fr","label":"neutral"}
{"tweetid":520677338208829440,"ds_language":"fr","language":"ro","label":"positive"}
{"tweetid":520678439192645632,"ds_language":"fr","language":"ca","label":"neutral"}
{"tweetid":520678551117656065,"ds_language":"fr","language":"fr","label":"positive"}
{"tweetid":520684708578209793,"ds_language":"fr","language":"fr","label":"neutral"}
{"tweetid":520692342874202112,"ds_language":"fr","language":"fr","label":"positive"}
{"tweetid":520700239469371392,"ds_language":"fr","language":"fr","label":"positive"}
{"tweetid":520725811729805312,"ds_language":"fr","language":"fr","label":"positive"}
{"tweetid":520730874862907392,"ds_language":"fr","language":"fr","label":"neutral"}
{"tweetid":520732658478120960,"ds_language":"fr","language":"fr","label":"neutral"}
{"tweetid":520767463852503042,"ds_language":"fr","language":"fr","label":"neutral"}
{"tweetid":520818936888434688,"ds_language":"fr","language":"fr","label":"positive"}
{"tweetid":520820149826621440,"ds_language":"fr","language":"fr","label":"negative"}
{"tweetid":520825738753503232,"ds_language":"fr","language":"fr","label":"negative"}
{"tweetid":520825934195474432,"ds_language":"fr","language":"fr","label":"neutral"}
{"tweetid":520830852012707840,"ds_language":"fr","language":"fr","label":"positive"}
{"tweetid":520830914344267777,"ds_language":"fr","language":"fr","label":"negative"}
{"tweetid":520837946690510849,"ds_language":"fr","language":"fr","label":"positive"}
{"tweetid":520838728294883328,"ds_language":"fr","language":"fr","label":"neutral"}
{"tweetid":520838758871347200,"ds_language":"fr","language":"fr","label":"neutral"}
{"tweetid":520844429490655232,"ds_language":"fr","language":"fr","label":"negative"}
{"tweetid":520846837851619328,"ds_language":"fr","language":"fr","label":"positive"}
{"tweetid":520851941287792640,"ds_language":"fr","language":"en","label":"positive"}
{"tweetid":520853475702620160,"ds_language":"fr","language":"fr","label":"positive"}
{"tweetid":520854565856739328,"ds_language":"fr","language":"fr","label":"positive"}
{"tweetid":520855359880429568,"ds_language":"fr","language":"fr","label":"negative"}
{"tweetid":520857600154693632,"ds_language":"fr","language":"fr","label":"neutral"}
