{"tweetid":803912977128783872,"ds_language":"sr","language":"hr","label":"positive"}
{"tweetid":803913770028400640,"ds_language":"sr","language":"en","label":"neutral"}
{"tweetid":803940804872048640,"ds_language":"sr","language":"sl","label":"positive"}
{"tweetid":803943593979285504,"ds_language":"sr","language":"hr","label":"positive"}
{"tweetid":803950031040548864,"ds_language":"sr","language":"hr","label":"negative"}
{"tweetid":804669488050425856,"ds_language":"sr","language":"hr","label":"neutral"}
{"tweetid":804698886786916352,"ds_language":"sr","language":"hr","label":"neutral"}
{"tweetid":805078279854104576,"ds_language":"sr","language":"hr","label":"neutral"}
{"tweetid":805709511499644928,"ds_language":"sr","language":"hr","label":"neutral"}
{"tweetid":805788015884902400,"ds_language":"sr","language":"hr","label":"positive"}
{"tweetid":805805843417538560,"ds_language":"sr","language":"hr","label":"neutral"}
{"tweetid":806209492451033088,"ds_language":"sr","language":"hr","label":"positive"}
{"tweetid":806238771750563840,"ds_language":"sr","language":"hr","label":"neutral"}
{"tweetid":806447958442938368,"ds_language":"sr","language":"hr","label":"positive"}
{"tweetid":806487626555523072,"ds_language":"sr","language":"hr","label":"positive"}
{"tweetid":806546072894115840,"ds_language":"sr","language":"sl","label":"positive"}
{"tweetid":806572765952221184,"ds_language":"sr","language":"sl","label":"neutral"}
{"tweetid":806936595966398464,"ds_language":"sr","language":"et","label":"positive"}
{"tweetid":806985951490834432,"ds_language":"sr","language":"hr","label":"neutral"}
{"tweetid":807014610423320576,"ds_language":"sr","language":"hr","label":"positive"}
{"tweetid":807151156187332608,"ds_language":"sr","language":"hr","label":"neutral"}
{"tweetid":807347426067644416,"ds_language":"sr","language":"hr","label":"neutral"}
{"tweetid":807566873118277632,"ds_language":"sr","language":"hr","label":"positive"}
{"tweetid":807591533088227328,"ds_language":"sr","language":"hr","label":"positive"}
{"tweetid":807602358742122496,"ds_language":"sr","language":"hr","label":"neutral"}
{"tweetid":807630810698436608,"ds_language":"sr","language":"hr","label":"neutral"}
{"tweetid":807910387236634624,"ds_language":"sr","language":"hr","label":"neutral"}
{"tweetid":808230179344707584,"ds_language":"sr","language":"hr","label":"positive"}
{"tweetid":808247587845394432,"ds_language":"sr","language":"it","label":"neutral"}
{"tweetid":808361125821763584,"ds_language":"sr","language":"hr","label":"negative"}
{"tweetid":808580425945911296,"ds_language":"sr","language":"hr","label":"positive"}
{"tweetid":808983886344683520,"ds_language":"sr","language":"hr","label":"negative"}
{"tweetid":809060896316293120,"ds_language":"sr","language":"hr","label":"positive"}
{"tweetid":809074789847547904,"ds_language":"sr","language":"hr","label":"positive"}
{"tweetid":809078171479973888,"ds_language":"sr","language":"hr","label":"neutral"}
{"tweetid":809133154531475456,"ds_language":"sr","language":"hr","label":"negative"}
{"tweetid":809340577967992832,"ds_language":"sr","language":"hr","label":"positive"}
{"tweetid":809436078818074624,"ds_language":"sr","language":"hr","label":"positive"}
{"tweetid":809442169153011712,"ds_language":"sr","language":"sl","label":"positive"}
{"tweetid":809454658678824960,"ds_language":"sr","language":"hr","label":"negative"}
{"tweetid":813370055622881280,"ds_language":"sr","language":"hr","label":"positive"}
{"tweetid":813434862145245184,"ds_language":"sr","language":"hr","label":"neutral"}
{"tweetid":813456307969736704,"ds_language":"sr","language":"hr","label":"neutral"}
{"tweetid":813705381293817856,"ds_language":"sr","language":"hr","label":"positive"}
{"tweetid":813739222607732736,"ds_language":"sr","language":"hr","label":"negative"}
{"tweetid":813766474783395840,"ds_language":"sr","language":"hr","label":"positive"}
{"tweetid":813895983692181504,"ds_language":"sr","language":"hr","label":"positive"}
{"tweetid":813897285159501824,"ds_language":"sr","language":"hr","label":"neutral"}
{"tweetid":813903357781929984,"ds_language":"sr","language":"hr","label":"neutral"}
{"tweetid":814119798435147776,"ds_language":"sr","language":"hr","label":"neutral"}
{"tweetid":814129719633477632,"ds_language":"sr","language":"hr","label":"negative"}
{"tweetid":814169789526581248,"ds_language":"sr","language":"hr","label":"positive"}
{"tweetid":814227374594256896,"ds_language":"sr","language":"hr","label":"neutral"}
{"tweetid":806514038414909440,"ds_language":"sr","language":"so","label":"positive"}
{"tweetid":808970096462938112,"ds_language":"sr","language":"hr","label":"positive"}
{"tweetid":809100921972068352,"ds_language":"sr","language":"sl","label":"neutral"}
{"tweetid":813370232567975936,"ds_language":"sr","language":"hr","label":"neutral"}
{"tweetid":814246602986627072,"ds_language":"sr","language":"mk","label":"neutral"}
{"tweetid":814467380684460032,"ds_language":"sr","language":"hr","label":"neutral"}
{"tweetid":814874131049156608,"ds_language":"sr","language":"hr","label":"negative"}
{"tweetid":816051522094112768,"ds_language":"sr","language":"sl","label":"negative"}
{"tweetid":819173240706834432,"ds_language":"sr","language":"UNKNOWN","label":"negative"}
{"tweetid":819889348678139904,"ds_language":"sr","language":"hr","label":"negative"}
{"tweetid":821121209551175680,"ds_language":"sr","language":"hr","label":"negative"}
{"tweetid":821450395247669248,"ds_language":"sr","language":"sl","label":"negative"}
{"tweetid":823277967354818560,"ds_language":"sr","language":"hr","label":"negative"}
{"tweetid":823286083454717952,"ds_language":"sr","language":"hr","label":"negative"}
{"tweetid":823602899217485824,"ds_language":"sr","language":"it","label":"negative"}
{"tweetid":823652411348832256,"ds_language":"sr","language":"hr","label":"negative"}
{"tweetid":823797753075683328,"ds_language":"sr","language":"en","label":"negative"}
{"tweetid":824648323764285440,"ds_language":"sr","language":"hr","label":"negative"}
{"tweetid":824693189772791808,"ds_language":"sr","language":"hr","label":"negative"}
{"tweetid":827068687047913472,"ds_language":"sr","language":"hr","label":"negative"}
{"tweetid":831096423261360128,"ds_language":"sr","language":"sl","label":"negative"}
{"tweetid":831876316131627008,"ds_language":"sr","language":"hr","label":"negative"}
