{"tweetid":1221497457164607488,"ds_language":"hr","language":"hr","label":"negative"}
{"tweetid":1222848383070736384,"ds_language":"hr","language":"hr","label":"negative"}
{"tweetid":1224617561431605248,"ds_language":"hr","language":"hr","label":"negative"}
{"tweetid":1227164628616126464,"ds_language":"hr","language":"hr","label":"negative"}
{"tweetid":1227234454063677440,"ds_language":"hr","language":"hr","label":"negative"}
{"tweetid":1227522959172042752,"ds_language":"hr","language":"hr","label":"negative"}
{"tweetid":1230398140114665472,"ds_language":"hr","language":"hr","label":"negative"}
{"tweetid":1230772160186048512,"ds_language":"hr","language":"hr","label":"negative"}
{"tweetid":1232222415243108352,"ds_language":"hr","language":"hr","label":"negative"}
{"tweetid":1232230493271339008,"ds_language":"hr","language":"hr","label":"neutral"}
{"tweetid":1232274364281884672,"ds_language":"hr","language":"hr","label":"negative"}
{"tweetid":1232317817308864512,"ds_language":"hr","language":"hr","label":"negative"}
{"tweetid":1232561838950318080,"ds_language":"hr","language":"hr","label":"negative"}
{"tweetid":1232636685218983936,"ds_language":"hr","language":"hr","label":"neutral"}
{"tweetid":1232667365541908480,"ds_language":"hr","language":"da","label":"neutral"}
{"tweetid":1233341197332156416,"ds_language":"hr","language":"hr","label":"negative"}
{"tweetid":1233356027602534400,"ds_language":"hr","language":"hr","label":"negative"}
{"tweetid":1234744065192792064,"ds_language":"hr","language":"hr","label":"negative"}
{"tweetid":1234750725491654656,"ds_language":"hr","language":"hr","label":"negative"}
{"tweetid":1235176912982601728,"ds_language":"hr","language":"hr","label":"negative"}
{"tweetid":1235472294291443712,"ds_language":"hr","language":"en","label":"negative"}
{"tweetid":1235502437479460864,"ds_language":"hr","language":"hr","label":"negative"}
{"tweetid":1236135220719607808,"ds_language":"hr","language":"hr","label":"negative"}
{"tweetid":1236265492840689664,"ds_language":"hr","language":"hr","label":"negative"}
{"tweetid":1236821270966255616,"ds_language":"hr","language":"hr","label":"negative"}
{"tweetid":1236939785454759936,"ds_language":"hr","language":"fr","label":"negative"}
{"tweetid":1237172387629748224,"ds_language":"hr","language":"hr","label":"negative"}
{"tweetid":1237331820745809920,"ds_language":"hr","language":"hr","label":"negative"}
{"tweetid":1237432346208612352,"ds_language":"hr","language":"hr","label":"negative"}
{"tweetid":1237640549328465920,"ds_language":"hr","language":"hr","label":"negative"}
{"tweetid":1237667210329546752,"ds_language":"hr","language":"hr","label":"negative"}
{"tweetid":1237705291124346880,"ds_language":"hr","language":"hr","label":"negative"}
{"tweetid":1237809262622953472,"ds_language":"hr","language":"sl","label":"negative"}
{"tweetid":1237940874744561664,"ds_language":"hr","language":"hr","label":"negative"}
{"tweetid":1238061922794209280,"ds_language":"hr","language":"id","label":"negative"}
{"tweetid":1238068899230384128,"ds_language":"hr","language":"hr","label":"negative"}
{"tweetid":1238134062377603072,"ds_language":"hr","language":"hr","label":"negative"}
{"tweetid":1238138893809180672,"ds_language":"hr","language":"hr","label":"negative"}
{"tweetid":1238380936078807040,"ds_language":"hr","language":"hr","label":"negative"}
{"tweetid":1238383399045337088,"ds_language":"hr","language":"hr","label":"negative"}
{"tweetid":1238386712931434496,"ds_language":"hr","language":"hr","label":"negative"}
{"tweetid":1238476720384196608,"ds_language":"hr","language":"hr","label":"negative"}
{"tweetid":1238741483152388096,"ds_language":"hr","language":"hr","label":"negative"}
{"tweetid":1238869044549337088,"ds_language":"hr","language":"hr","label":"negative"}
{"tweetid":1239097615440064512,"ds_language":"hr","language":"hr","label":"negative"}
{"tweetid":1239118242016362496,"ds_language":"hr","language":"hr","label":"negative"}
{"tweetid":1239190361425264640,"ds_language":"hr","language":"hr","label":"negative"}
{"tweetid":1239480343222202368,"ds_language":"hr","language":"hr","label":"negative"}
{"tweetid":1239497889233145856,"ds_language":"hr","language":"hr","label":"negative"}
{"tweetid":1239515995552854016,"ds_language":"hr","language":"hr","label":"negative"}
{"tweetid":1239516908464017408,"ds_language":"hr","language":"hr","label":"negative"}
{"tweetid":1239556079945646080,"ds_language":"hr","language":"hr","label":"negative"}
{"tweetid":1239570752900337664,"ds_language":"hr","language":"hr","label":"negative"}
{"tweetid":1239576548363194368,"ds_language":"hr","language":"hr","label":"negative"}
{"tweetid":1239614230501961728,"ds_language":"hr","language":"en","label":"negative"}
{"tweetid":1239631686515777536,"ds_language":"hr","language":"hr","label":"negative"}
{"tweetid":1239846842730414080,"ds_language":"hr","language":"UNKNOWN","label":"neutral"}
{"tweetid":1239846849051332608,"ds_language":"hr","language":"hr","label":"positive"}
{"tweetid":1239857141869162496,"ds_language":"hr","language":"hr","label":"negative"}
{"tweetid":1239888158696845312,"ds_language":"hr","language":"hr","label":"negative"}
{"tweetid":1239896916458160128,"ds_language":"hr","language":"hr","label":"negative"}
{"tweetid":1239938690954268672,"ds_language":"hr","language":"hr","label":"negative"}
{"tweetid":1239939437376802816,"ds_language":"hr","language":"hr","label":"negative"}
{"tweetid":1239950198484369408,"ds_language":"hr","language":"hr","label":"positive"}
{"tweetid":1239957697879052288,"ds_language":"hr","language":"hr","label":"negative"}
{"tweetid":1239999883207159808,"ds_language":"hr","language":"hr","label":"negative"}
{"tweetid":1240174588539162624,"ds_language":"hr","language":"hr","label":"negative"}
{"tweetid":1240177888789295104,"ds_language":"hr","language":"hr","label":"negative"}
{"tweetid":1240201324492460032,"ds_language":"hr","language":"hr","label":"positive"}
{"tweetid":1240204551828967424,"ds_language":"hr","language":"hr","label":"negative"}
{"tweetid":1240216142582616064,"ds_language":"hr","language":"hr","label":"negative"}
{"tweetid":1240225521583239168,"ds_language":"hr","language":"hr","label":"negative"}
{"tweetid":1240350210536157184,"ds_language":"hr","language":"en","label":"negative"}
{"tweetid":1240518939177779200,"ds_language":"hr","language":"hr","label":"negative"}
{"tweetid":1240531254216400896,"ds_language":"hr","language":"sl","label":"negative"}
{"tweetid":1240550692366016512,"ds_language":"hr","language":"sl","label":"negative"}
{"tweetid":1240554686006034432,"ds_language":"hr","language":"hr","label":"negative"}
{"tweetid":1240592602673496064,"ds_language":"hr","language":"hr","label":"negative"}
{"tweetid":1240593329450029056,"ds_language":"hr","language":"hr","label":"negative"}
{"tweetid":1240595686732836864,"ds_language":"hr","language":"hr","label":"negative"}
{"tweetid":1240611742675161088,"ds_language":"hr","language":"hr","label":"negative"}
{"tweetid":1240651098177916928,"ds_language":"hr","language":"hr","label":"negative"}
{"tweetid":1240681919467130880,"ds_language":"hr","language":"hr","label":"negative"}
{"tweetid":1240718851404369920,"ds_language":"hr","language":"hr","label":"negative"}
{"tweetid":1240766306451968000,"ds_language":"hr","language":"hr","label":"negative"}
{"tweetid":1240921626755162112,"ds_language":"hr","language":"hr","label":"neutral"}
{"tweetid":1240943612743081984,"ds_language":"hr","language":"hr","label":"positive"}
{"tweetid":1240948049440112640,"ds_language":"hr","language":"hr","label":"negative"}
{"tweetid":1240981941584871424,"ds_language":"hr","language":"hr","label":"negative"}
{"tweetid":1241092146150567936,"ds_language":"hr","language":"hr","label":"negative"}
{"tweetid":1241240714236788736,"ds_language":"hr","language":"hr","label":"neutral"}
{"tweetid":1241326561875419136,"ds_language":"hr","language":"sl","label":"negative"}
{"tweetid":1241337663027847168,"ds_language":"hr","language":"th","label":"positive"}
{"tweetid":1241363125481484288,"ds_language":"hr","language":"hr","label":"neutral"}
{"tweetid":1241369748358774784,"ds_language":"hr","language":"hr","label":"neutral"}
{"tweetid":1241403646677602304,"ds_language":"hr","language":"pt","label":"positive"}
{"tweetid":1241418362393108480,"ds_language":"hr","language":"hr","label":"negative"}
{"tweetid":1241740907294134272,"ds_language":"hr","language":"hr","label":"neutral"}
{"tweetid":1241907327529365504,"ds_language":"hr","language":"hr","label":"negative"}
{"tweetid":1242008138884304896,"ds_language":"hr","language":"hr","label":"negative"}
{"tweetid":1242015198866812928,"ds_language":"hr","language":"hr","label":"negative"}
{"tweetid":1242138210232340480,"ds_language":"hr","language":"hr","label":"negative"}
{"tweetid":1242189278848974848,"ds_language":"hr","language":"hr","label":"negative"}
{"tweetid":1242343317234495488,"ds_language":"hr","language":"ar","label":"neutral"}
{"tweetid":1242351084334653440,"ds_language":"hr","language":"hr","label":"negative"}
{"tweetid":1242352858130976768,"ds_language":"hr","language":"hr","label":"negative"}
{"tweetid":1242354910915629056,"ds_language":"hr","language":"hr","label":"negative"}
{"tweetid":1242393438802382848,"ds_language":"hr","language":"hr","label":"negative"}
{"tweetid":1242463432940666880,"ds_language":"hr","language":"hr","label":"neutral"}
{"tweetid":1242467987900284928,"ds_language":"hr","language":"hr","label":"negative"}
{"tweetid":1242544725661384704,"ds_language":"hr","language":"hr","label":"negative"}
{"tweetid":1242709303338897408,"ds_language":"hr","language":"hr","label":"negative"}
{"tweetid":1242870765759971328,"ds_language":"hr","language":"hr","label":"negative"}
{"tweetid":1243110385571553280,"ds_language":"hr","language":"hr","label":"negative"}
{"tweetid":1243176094611709952,"ds_language":"hr","language":"hr","label":"negative"}
{"tweetid":1243209085136273408,"ds_language":"hr","language":"hr","label":"negative"}
{"tweetid":1243251376764751872,"ds_language":"hr","language":"hr","label":"negative"}
{"tweetid":1243434609628545024,"ds_language":"hr","language":"hr","label":"negative"}
{"tweetid":1243459890296819712,"ds_language":"hr","language":"hr","label":"negative"}
{"tweetid":1243464226624192512,"ds_language":"hr","language":"hr","label":"neutral"}
{"tweetid":1243488418463703040,"ds_language":"hr","language":"hr","label":"negative"}
{"tweetid":1243497506790506496,"ds_language":"hr","language":"hr","label":"negative"}
{"tweetid":1243540160807079936,"ds_language":"hr","language":"sq","label":"negative"}
{"tweetid":1243562995256614912,"ds_language":"hr","language":"hr","label":"negative"}
{"tweetid":1243609578882859008,"ds_language":"hr","language":"hr","label":"negative"}
{"tweetid":1243848969253421056,"ds_language":"hr","language":"hr","label":"negative"}
{"tweetid":1243879735966531584,"ds_language":"hr","language":"hr","label":"negative"}
{"tweetid":1243891533281189888,"ds_language":"hr","language":"lt","label":"negative"}
{"tweetid":1243910452515651584,"ds_language":"hr","language":"hr","label":"negative"}
{"tweetid":1243952838348353536,"ds_language":"hr","language":"sl","label":"positive"}
{"tweetid":1243958425249296384,"ds_language":"hr","language":"hr","label":"negative"}
{"tweetid":1243961395554680832,"ds_language":"hr","language":"pt","label":"negative"}
{"tweetid":1244048172114214912,"ds_language":"hr","language":"hr","label":"neutral"}
{"tweetid":1244224262636003328,"ds_language":"hr","language":"hr","label":"neutral"}
{"tweetid":1244278042933026816,"ds_language":"hr","language":"hr","label":"neutral"}
{"tweetid":1244313166512824320,"ds_language":"hr","language":"hr","label":"negative"}
{"tweetid":1244495584796393472,"ds_language":"hr","language":"hr","label":"negative"}
{"tweetid":1244542055612928000,"ds_language":"hr","language":"hr","label":"negative"}
{"tweetid":1244553855746084864,"ds_language":"hr","language":"hr","label":"negative"}
{"tweetid":1244582918216978432,"ds_language":"hr","language":"hr","label":"negative"}
{"tweetid":1244621451182866432,"ds_language":"hr","language":"hr","label":"negative"}
{"tweetid":1244661062152192000,"ds_language":"hr","language":"hr","label":"negative"}
{"tweetid":1244894291484426240,"ds_language":"hr","language":"hr","label":"negative"}
{"tweetid":1244902573137629184,"ds_language":"hr","language":"hr","label":"negative"}
{"tweetid":1244909940424282112,"ds_language":"hr","language":"hr","label":"negative"}
{"tweetid":1244925743752261632,"ds_language":"hr","language":"hr","label":"neutral"}
{"tweetid":1244953991567597568,"ds_language":"hr","language":"hr","label":"negative"}
{"tweetid":1244954007275278336,"ds_language":"hr","language":"hr","label":"negative"}
{"tweetid":1244985246107475968,"ds_language":"hr","language":"hr","label":"negative"}
{"tweetid":1244985687088058368,"ds_language":"hr","language":"hr","label":"negative"}
{"tweetid":1245252278799433728,"ds_language":"hr","language":"hr","label":"negative"}
{"tweetid":1245313183490990080,"ds_language":"hr","language":"hr","label":"negative"}
{"tweetid":1245336482023387136,"ds_language":"hr","language":"hr","label":"negative"}
{"tweetid":1245352935980220416,"ds_language":"hr","language":"hr","label":"neutral"}
{"tweetid":1245376770758643712,"ds_language":"hr","language":"hr","label":"negative"}
{"tweetid":1245406886679195648,"ds_language":"hr","language":"hr","label":"negative"}
{"tweetid":1245415077794263040,"ds_language":"hr","language":"hr","label":"negative"}
{"tweetid":1245421520350035968,"ds_language":"hr","language":"hr","label":"positive"}
{"tweetid":1245432517664149504,"ds_language":"hr","language":"lt","label":"negative"}
{"tweetid":1245448736752295936,"ds_language":"hr","language":"de","label":"negative"}
{"tweetid":1245504767331315712,"ds_language":"hr","language":"pt","label":"positive"}
{"tweetid":1245596351523504128,"ds_language":"hr","language":"hr","label":"positive"}
{"tweetid":1245642304276156416,"ds_language":"hr","language":"en","label":"negative"}
{"tweetid":1245657406232649728,"ds_language":"hr","language":"hr","label":"negative"}
{"tweetid":1245674355465617408,"ds_language":"hr","language":"hr","label":"negative"}
{"tweetid":1245704953680793600,"ds_language":"hr","language":"hr","label":"negative"}
{"tweetid":1246004042050015232,"ds_language":"hr","language":"hr","label":"neutral"}
{"tweetid":1246028524617695232,"ds_language":"hr","language":"hr","label":"negative"}
{"tweetid":1246048515245170688,"ds_language":"hr","language":"hr","label":"negative"}
{"tweetid":1246410838539481088,"ds_language":"hr","language":"hr","label":"negative"}
{"tweetid":1246411351620288512,"ds_language":"hr","language":"hr","label":"negative"}
{"tweetid":1246447276031164416,"ds_language":"hr","language":"hr","label":"negative"}
{"tweetid":1246483916103593984,"ds_language":"hr","language":"en","label":"neutral"}
{"tweetid":1246487491558998016,"ds_language":"hr","language":"hr","label":"neutral"}
{"tweetid":1246497763166224384,"ds_language":"hr","language":"hr","label":"negative"}
{"tweetid":1246793275593408512,"ds_language":"hr","language":"hr","label":"negative"}
{"tweetid":1247110347657543680,"ds_language":"hr","language":"hr","label":"neutral"}
{"tweetid":1247194141362176000,"ds_language":"hr","language":"hr","label":"neutral"}
{"tweetid":1247208020859392000,"ds_language":"hr","language":"hr","label":"negative"}
{"tweetid":1247256109976629248,"ds_language":"hr","language":"hr","label":"positive"}
{"tweetid":1247425557626851328,"ds_language":"hr","language":"hr","label":"positive"}
{"tweetid":1247509746258714624,"ds_language":"hr","language":"en","label":"negative"}
{"tweetid":1247629409911279616,"ds_language":"hr","language":"hr","label":"negative"}
{"tweetid":1247828859069829120,"ds_language":"hr","language":"hr","label":"negative"}
{"tweetid":1247834967683596288,"ds_language":"hr","language":"hr","label":"neutral"}
{"tweetid":1247842018128207872,"ds_language":"hr","language":"hr","label":"negative"}
{"tweetid":1247844876961619968,"ds_language":"hr","language":"hr","label":"negative"}
{"tweetid":1247879903870996480,"ds_language":"hr","language":"ja","label":"negative"}
{"tweetid":1247938367679062016,"ds_language":"hr","language":"lt","label":"negative"}
{"tweetid":1247952315379847168,"ds_language":"hr","language":"hr","label":"negative"}
{"tweetid":1247989866480070656,"ds_language":"hr","language":"hr","label":"neutral"}
{"tweetid":1248148571414827008,"ds_language":"hr","language":"hr","label":"negative"}
{"tweetid":1248215372584681472,"ds_language":"hr","language":"hr","label":"negative"}
{"tweetid":1248222677376122880,"ds_language":"hr","language":"hr","label":"negative"}
{"tweetid":1248327963168235520,"ds_language":"hr","language":"hr","label":"negative"}
{"tweetid":1248508609434202112,"ds_language":"hr","language":"hr","label":"negative"}
{"tweetid":1248529826157334528,"ds_language":"hr","language":"hr","label":"negative"}
{"tweetid":1248543710398349312,"ds_language":"hr","language":"hr","label":"negative"}
{"tweetid":1248555006535614464,"ds_language":"hr","language":"hr","label":"negative"}
{"tweetid":1248601410972856320,"ds_language":"hr","language":"hu","label":"negative"}
{"tweetid":1248642672811794432,"ds_language":"hr","language":"hr","label":"negative"}
{"tweetid":1249249322778210304,"ds_language":"hr","language":"hr","label":"negative"}
{"tweetid":1249340427460845568,"ds_language":"hr","language":"en","label":"positive"}
{"tweetid":1249351696767160320,"ds_language":"hr","language":"hr","label":"negative"}
{"tweetid":1249359413988732928,"ds_language":"hr","language":"hr","label":"negative"}
{"tweetid":1249632778985115648,"ds_language":"hr","language":"hr","label":"negative"}
{"tweetid":1250012033304723456,"ds_language":"hr","language":"hr","label":"negative"}
{"tweetid":1250030131969654784,"ds_language":"hr","language":"hr","label":"negative"}
{"tweetid":1250052969913102336,"ds_language":"hr","language":"hr","label":"negative"}
{"tweetid":1250083404294623232,"ds_language":"hr","language":"hr","label":"negative"}
{"tweetid":1250368692371836928,"ds_language":"hr","language":"hr","label":"negative"}
{"tweetid":1250372298193895424,"ds_language":"hr","language":"en","label":"negative"}
{"tweetid":1250374889091063808,"ds_language":"hr","language":"hr","label":"negative"}
{"tweetid":1250442365162029056,"ds_language":"hr","language":"hr","label":"negative"}
{"tweetid":1250658651523756032,"ds_language":"hr","language":"hr","label":"negative"}
{"tweetid":1250724232423714816,"ds_language":"hr","language":"hr","label":"negative"}
{"tweetid":1250729179508858880,"ds_language":"hr","language":"hr","label":"negative"}
{"tweetid":1250754297601708032,"ds_language":"hr","language":"hr","label":"negative"}
{"tweetid":1250759035793674240,"ds_language":"hr","language":"hr","label":"positive"}
{"tweetid":1250761139669131264,"ds_language":"hr","language":"hr","label":"negative"}
{"tweetid":1250847598694608896,"ds_language":"hr","language":"hr","label":"negative"}
{"tweetid":1251042712062656512,"ds_language":"hr","language":"hr","label":"negative"}
{"tweetid":1251056383409225728,"ds_language":"hr","language":"hr","label":"negative"}
{"tweetid":1251139356783493120,"ds_language":"hr","language":"hr","label":"negative"}
{"tweetid":1251567966174482432,"ds_language":"hr","language":"hr","label":"negative"}
{"tweetid":1251906658600706048,"ds_language":"hr","language":"hr","label":"negative"}
{"tweetid":1251945325738278912,"ds_language":"hr","language":"hr","label":"negative"}
{"tweetid":1252184474072252416,"ds_language":"hr","language":"hr","label":"neutral"}
{"tweetid":1252247470739947520,"ds_language":"hr","language":"hr","label":"negative"}
{"tweetid":1252260088229834752,"ds_language":"hr","language":"hr","label":"negative"}
{"tweetid":1252267078284988416,"ds_language":"hr","language":"hr","label":"negative"}
{"tweetid":1252280006564331520,"ds_language":"hr","language":"hr","label":"negative"}
{"tweetid":1252343054054223872,"ds_language":"hr","language":"hr","label":"neutral"}
{"tweetid":1252528002497380352,"ds_language":"hr","language":"hr","label":"negative"}
{"tweetid":1252616727093018624,"ds_language":"hr","language":"hr","label":"negative"}
{"tweetid":1252626626958983168,"ds_language":"hr","language":"es","label":"neutral"}
{"tweetid":1252642504249413632,"ds_language":"hr","language":"hr","label":"positive"}
{"tweetid":1252663917819691008,"ds_language":"hr","language":"hr","label":"negative"}
{"tweetid":1252878561121165312,"ds_language":"hr","language":"hr","label":"neutral"}
{"tweetid":1252885897760182272,"ds_language":"hr","language":"hr","label":"negative"}
{"tweetid":1252963029278511104,"ds_language":"hr","language":"hr","label":"negative"}
{"tweetid":1253266864475643904,"ds_language":"hr","language":"hr","label":"neutral"}
{"tweetid":1253410308074303488,"ds_language":"hr","language":"hr","label":"negative"}
{"tweetid":1253553361988747264,"ds_language":"hr","language":"hr","label":"negative"}
{"tweetid":1253704281879912448,"ds_language":"hr","language":"hr","label":"negative"}
{"tweetid":1253721332539445248,"ds_language":"hr","language":"id","label":"negative"}
{"tweetid":1253971999820525568,"ds_language":"hr","language":"hr","label":"negative"}
{"tweetid":1253976749592981504,"ds_language":"hr","language":"hr","label":"negative"}
{"tweetid":1254059055007612928,"ds_language":"hr","language":"hr","label":"negative"}
{"tweetid":1254078611977646080,"ds_language":"hr","language":"hr","label":"positive"}
{"tweetid":1254340385863872512,"ds_language":"hr","language":"hr","label":"negative"}
{"tweetid":1254357621462765568,"ds_language":"hr","language":"hr","label":"neutral"}
{"tweetid":1254383549031088128,"ds_language":"hr","language":"hr","label":"negative"}
{"tweetid":1254744643885031424,"ds_language":"hr","language":"en","label":"negative"}
{"tweetid":1254757174603063296,"ds_language":"hr","language":"hr","label":"negative"}
{"tweetid":1254868523274420224,"ds_language":"hr","language":"hr","label":"neutral"}
{"tweetid":1254977522657144832,"ds_language":"hr","language":"hr","label":"negative"}
{"tweetid":1255049208031305728,"ds_language":"hr","language":"hr","label":"negative"}
{"tweetid":1255053431494127616,"ds_language":"hr","language":"hr","label":"negative"}
{"tweetid":1255209159198412800,"ds_language":"hr","language":"en","label":"negative"}
{"tweetid":1255411592751198208,"ds_language":"hr","language":"hr","label":"neutral"}
{"tweetid":1255425162037661696,"ds_language":"hr","language":"en","label":"positive"}
{"tweetid":1255506639265968128,"ds_language":"hr","language":"hr","label":"negative"}
{"tweetid":1255545800584835072,"ds_language":"hr","language":"hr","label":"negative"}
{"tweetid":1255587813082398720,"ds_language":"hr","language":"ar","label":"neutral"}
{"tweetid":1255763484572254208,"ds_language":"hr","language":"hr","label":"positive"}
{"tweetid":1255777601517432832,"ds_language":"hr","language":"hr","label":"neutral"}
{"tweetid":1255809605130731520,"ds_language":"hr","language":"lv","label":"negative"}
{"tweetid":1255810932988686336,"ds_language":"hr","language":"hr","label":"negative"}
{"tweetid":1255897517860028416,"ds_language":"hr","language":"hr","label":"positive"}
{"tweetid":1256163329460011008,"ds_language":"hr","language":"hr","label":"positive"}
{"tweetid":1256188888357494784,"ds_language":"hr","language":"hr","label":"negative"}
{"tweetid":1256318743296303104,"ds_language":"hr","language":"hr","label":"negative"}
{"tweetid":1256537144711094272,"ds_language":"hr","language":"ja","label":"negative"}
{"tweetid":1256695857388322816,"ds_language":"hr","language":"hr","label":"negative"}
{"tweetid":1256858624707756032,"ds_language":"hr","language":"ca","label":"negative"}
{"tweetid":1256894584661127168,"ds_language":"hr","language":"hr","label":"neutral"}
{"tweetid":1256921707304177664,"ds_language":"hr","language":"hr","label":"negative"}
{"tweetid":1256930886442004480,"ds_language":"hr","language":"hr","label":"positive"}
{"tweetid":1257015662918225920,"ds_language":"hr","language":"hr","label":"negative"}
{"tweetid":1257268163747725312,"ds_language":"hr","language":"hr","label":"negative"}
{"tweetid":1257574353258057728,"ds_language":"hr","language":"hr","label":"negative"}
{"tweetid":1257581490835271680,"ds_language":"hr","language":"hr","label":"negative"}
{"tweetid":1257671390305476608,"ds_language":"hr","language":"en","label":"negative"}
{"tweetid":1258015089459953664,"ds_language":"hr","language":"hr","label":"negative"}
{"tweetid":1259005124049088512,"ds_language":"hr","language":"hr","label":"positive"}
{"tweetid":1259151970499166208,"ds_language":"hr","language":"hr","label":"negative"}
{"tweetid":1259175967421009920,"ds_language":"hr","language":"hr","label":"negative"}
{"tweetid":1259248535897341952,"ds_language":"hr","language":"sl","label":"negative"}
{"tweetid":1259396215306883072,"ds_language":"hr","language":"hr","label":"positive"}
{"tweetid":1259407424617930752,"ds_language":"hr","language":"en","label":"negative"}
{"tweetid":1259421536819298304,"ds_language":"hr","language":"hr","label":"positive"}
{"tweetid":1259435136808091648,"ds_language":"hr","language":"sl","label":"negative"}
{"tweetid":1259556025327325184,"ds_language":"hr","language":"hr","label":"positive"}
{"tweetid":1259563986950946816,"ds_language":"hr","language":"hr","label":"negative"}
{"tweetid":1259578154965962752,"ds_language":"hr","language":"hr","label":"positive"}
{"tweetid":1259607068425834496,"ds_language":"hr","language":"hr","label":"negative"}
{"tweetid":1259627382249533440,"ds_language":"hr","language":"hr","label":"neutral"}
{"tweetid":1259755146466246656,"ds_language":"hr","language":"hr","label":"neutral"}
{"tweetid":1259789163248975872,"ds_language":"hr","language":"hr","label":"negative"}
{"tweetid":1259810356857356288,"ds_language":"hr","language":"en","label":"positive"}
{"tweetid":1259816437167935488,"ds_language":"hr","language":"hr","label":"negative"}
{"tweetid":1259840308105355264,"ds_language":"hr","language":"en","label":"neutral"}
{"tweetid":1260195087469944832,"ds_language":"hr","language":"hr","label":"positive"}
{"tweetid":1260202699724914688,"ds_language":"hr","language":"hr","label":"positive"}
{"tweetid":1260460951666597888,"ds_language":"hr","language":"hr","label":"negative"}
{"tweetid":1260511322866880512,"ds_language":"hr","language":"hr","label":"negative"}
{"tweetid":1260887970090975232,"ds_language":"hr","language":"hr","label":"negative"}
{"tweetid":1260905762483777536,"ds_language":"hr","language":"hr","label":"negative"}
{"tweetid":1261054436270637056,"ds_language":"hr","language":"UNKNOWN","label":"neutral"}
{"tweetid":1261179794420633600,"ds_language":"hr","language":"hr","label":"negative"}
{"tweetid":1261180967659634688,"ds_language":"hr","language":"hr","label":"negative"}
{"tweetid":1261992521070231552,"ds_language":"hr","language":"hr","label":"neutral"}
{"tweetid":1262415871923949568,"ds_language":"hr","language":"hr","label":"negative"}
{"tweetid":1262490206093090816,"ds_language":"hr","language":"hr","label":"negative"}
{"tweetid":1262690027076816896,"ds_language":"hr","language":"hr","label":"neutral"}
{"tweetid":1263020888737435648,"ds_language":"hr","language":"hr","label":"negative"}
{"tweetid":1263724606332055552,"ds_language":"hr","language":"hr","label":"negative"}
{"tweetid":1263746712893521920,"ds_language":"hr","language":"vi","label":"negative"}
{"tweetid":1264235646266363904,"ds_language":"hr","language":"hr","label":"negative"}
{"tweetid":1264451021666955264,"ds_language":"hr","language":"hr","label":"negative"}
{"tweetid":1264832128900042752,"ds_language":"hr","language":"id","label":"negative"}
{"tweetid":1264938814876848128,"ds_language":"hr","language":"hr","label":"negative"}
{"tweetid":1265298040493088768,"ds_language":"hr","language":"ro","label":"negative"}
{"tweetid":1265331862970523648,"ds_language":"hr","language":"hr","label":"negative"}
{"tweetid":1265619118574784512,"ds_language":"hr","language":"hr","label":"negative"}
{"tweetid":1265627577466736640,"ds_language":"hr","language":"sl","label":"positive"}
{"tweetid":1265628781118730240,"ds_language":"hr","language":"hr","label":"negative"}
{"tweetid":1265947291229315072,"ds_language":"hr","language":"hr","label":"negative"}
{"tweetid":1265978776829263872,"ds_language":"hr","language":"hr","label":"positive"}
{"tweetid":1266263001662844928,"ds_language":"hr","language":"hr","label":"negative"}
{"tweetid":1266295043012169728,"ds_language":"hr","language":"hr","label":"positive"}
{"tweetid":1266332045028077568,"ds_language":"hr","language":"hr","label":"negative"}
{"tweetid":1266497265193156608,"ds_language":"hr","language":"en","label":"neutral"}
{"tweetid":1266646739659960320,"ds_language":"hr","language":"hr","label":"positive"}
{"tweetid":1268225634871975936,"ds_language":"hr","language":"hr","label":"negative"}
{"tweetid":1268980258264346624,"ds_language":"hr","language":"hr","label":"negative"}
{"tweetid":1269186312378212352,"ds_language":"hr","language":"hr","label":"negative"}
{"tweetid":1270412752042053632,"ds_language":"hr","language":"hr","label":"negative"}
{"tweetid":1270616020642865152,"ds_language":"hr","language":"hr","label":"neutral"}
{"tweetid":1270633873139994624,"ds_language":"hr","language":"hr","label":"negative"}
{"tweetid":1271055061729378304,"ds_language":"hr","language":"hr","label":"negative"}
{"tweetid":1271096606373425152,"ds_language":"hr","language":"hr","label":"negative"}
{"tweetid":1272803387902439424,"ds_language":"hr","language":"hr","label":"negative"}
{"tweetid":1273231381062135808,"ds_language":"hr","language":"hr","label":"negative"}
{"tweetid":1273273388442804224,"ds_language":"hr","language":"es","label":"neutral"}
{"tweetid":1273285595092201472,"ds_language":"hr","language":"hr","label":"negative"}
{"tweetid":1273566525862141952,"ds_language":"hr","language":"hr","label":"negative"}
{"tweetid":1273575424610709504,"ds_language":"hr","language":"hr","label":"negative"}
{"tweetid":1273687792313393152,"ds_language":"hr","language":"hr","label":"neutral"}
{"tweetid":1273880679709913088,"ds_language":"hr","language":"hr","label":"negative"}
{"tweetid":1273951615721054208,"ds_language":"hr","language":"hr","label":"negative"}
{"tweetid":1274362376104685568,"ds_language":"hr","language":"sw","label":"negative"}
{"tweetid":1274604860340568064,"ds_language":"hr","language":"hr","label":"negative"}
{"tweetid":1274674570088321024,"ds_language":"hr","language":"hr","label":"positive"}
{"tweetid":1274691635276918784,"ds_language":"hr","language":"hr","label":"neutral"}
{"tweetid":1274974918535450624,"ds_language":"hr","language":"hr","label":"negative"}
{"tweetid":1275052930643693568,"ds_language":"hr","language":"hr","label":"neutral"}
{"tweetid":1275352220377243648,"ds_language":"hr","language":"hr","label":"negative"}
{"tweetid":1275389398016831488,"ds_language":"hr","language":"hr","label":"negative"}
{"tweetid":1275433084121493504,"ds_language":"hr","language":"hr","label":"negative"}
{"tweetid":1275512115659452416,"ds_language":"hr","language":"en","label":"neutral"}
{"tweetid":1275670768689561600,"ds_language":"hr","language":"pl","label":"neutral"}
{"tweetid":1275747095744524288,"ds_language":"hr","language":"hr","label":"neutral"}
{"tweetid":1275794065112604672,"ds_language":"hr","language":"sl","label":"negative"}
{"tweetid":1276069871256842240,"ds_language":"hr","language":"hr","label":"negative"}
{"tweetid":1276070430625927168,"ds_language":"hr","language":"hr","label":"negative"}
{"tweetid":1276077161468907520,"ds_language":"hr","language":"hr","label":"negative"}
{"tweetid":1276455026995662848,"ds_language":"hr","language":"hr","label":"positive"}
{"tweetid":1276481801997910016,"ds_language":"hr","language":"hr","label":"negative"}
{"tweetid":1276488948471205888,"ds_language":"hr","language":"hr","label":"negative"}
{"tweetid":1276800552895053824,"ds_language":"hr","language":"ko","label":"negative"}
{"tweetid":1276878499698159616,"ds_language":"hr","language":"hr","label":"negative"}
{"tweetid":1277171905678790656,"ds_language":"hr","language":"hr","label":"neutral"}
{"tweetid":1277240398793105408,"ds_language":"hr","language":"hr","label":"negative"}
{"tweetid":1277321958787596288,"ds_language":"hr","language":"hr","label":"negative"}
{"tweetid":1277565191962742784,"ds_language":"hr","language":"hr","label":"neutral"}
{"tweetid":1279063790563328000,"ds_language":"hr","language":"hr","label":"negative"}
{"tweetid":1279452741497245696,"ds_language":"hr","language":"hu","label":"neutral"}
{"tweetid":1279499108596830208,"ds_language":"hr","language":"hr","label":"negative"}
{"tweetid":1279799103770300416,"ds_language":"hr","language":"hr","label":"negative"}
{"tweetid":1280367795998515200,"ds_language":"hr","language":"hr","label":"negative"}
{"tweetid":1280411232885932032,"ds_language":"hr","language":"sl","label":"positive"}
{"tweetid":1280476132266184704,"ds_language":"hr","language":"hr","label":"negative"}
{"tweetid":1280634151939473408,"ds_language":"hr","language":"hr","label":"negative"}
{"tweetid":1281158005652889600,"ds_language":"hr","language":"hr","label":"negative"}
{"tweetid":1281907427751927808,"ds_language":"hr","language":"hr","label":"negative"}
{"tweetid":1281943373578985472,"ds_language":"hr","language":"hr","label":"negative"}
{"tweetid":1282359063930482688,"ds_language":"hr","language":"lt","label":"neutral"}
{"tweetid":1286290040247787520,"ds_language":"hr","language":"hr","label":"negative"}
{"tweetid":1286292073705021440,"ds_language":"hr","language":"hr","label":"negative"}
{"tweetid":1286719301471424512,"ds_language":"hr","language":"sl","label":"neutral"}
{"tweetid":1287107242702110720,"ds_language":"hr","language":"hr","label":"negative"}
{"tweetid":1287123226146082816,"ds_language":"hr","language":"hr","label":"neutral"}
{"tweetid":1287631896021696512,"ds_language":"hr","language":"hr","label":"neutral"}
{"tweetid":1288011845358555136,"ds_language":"hr","language":"hr","label":"negative"}
{"tweetid":1288909935108071424,"ds_language":"hr","language":"hr","label":"negative"}
{"tweetid":1290567777414250496,"ds_language":"hr","language":"hr","label":"negative"}
{"tweetid":1292035612871135232,"ds_language":"hr","language":"hr","label":"negative"}
{"tweetid":1292057971007004672,"ds_language":"hr","language":"hr","label":"negative"}
{"tweetid":1292412451674361856,"ds_language":"hr","language":"hr","label":"negative"}
{"tweetid":1292773733577392128,"ds_language":"hr","language":"hr","label":"neutral"}
{"tweetid":1293158773452939264,"ds_language":"hr","language":"hr","label":"negative"}
{"tweetid":1293280041686708224,"ds_language":"hr","language":"hr","label":"negative"}
{"tweetid":1293498803681726464,"ds_language":"hr","language":"hr","label":"negative"}
{"tweetid":1293591958418526208,"ds_language":"hr","language":"hr","label":"negative"}
{"tweetid":1293597506035744768,"ds_language":"hr","language":"sl","label":"negative"}
{"tweetid":1294021252861112320,"ds_language":"hr","language":"tl","label":"neutral"}
{"tweetid":1294160349042741248,"ds_language":"hr","language":"hr","label":"neutral"}
{"tweetid":1294227067169574912,"ds_language":"hr","language":"hr","label":"negative"}
{"tweetid":1294255709304107008,"ds_language":"hr","language":"hr","label":"negative"}
{"tweetid":1294822057046355968,"ds_language":"hr","language":"hr","label":"negative"}
{"tweetid":1294884473528557568,"ds_language":"hr","language":"hr","label":"negative"}
{"tweetid":1294937888786980864,"ds_language":"hr","language":"hr","label":"negative"}
{"tweetid":1295312387105529856,"ds_language":"hr","language":"en","label":"neutral"}
{"tweetid":1295321508596850688,"ds_language":"hr","language":"hr","label":"positive"}
{"tweetid":1295639376198803456,"ds_language":"hr","language":"hr","label":"negative"}
{"tweetid":1295689312139456512,"ds_language":"hr","language":"hr","label":"negative"}
{"tweetid":1296047954814476288,"ds_language":"hr","language":"hr","label":"negative"}
{"tweetid":1296050406544551936,"ds_language":"hr","language":"hr","label":"neutral"}
{"tweetid":1296382717823782912,"ds_language":"hr","language":"hr","label":"negative"}
{"tweetid":1296726555218108416,"ds_language":"hr","language":"hr","label":"negative"}
{"tweetid":1296828009975078912,"ds_language":"hr","language":"hr","label":"negative"}
{"tweetid":1297094755504074752,"ds_language":"hr","language":"hr","label":"negative"}
{"tweetid":1297491871875375104,"ds_language":"hr","language":"hr","label":"negative"}
{"tweetid":1297531923791839232,"ds_language":"hr","language":"hr","label":"negative"}
{"tweetid":1297911793616973824,"ds_language":"hr","language":"hr","label":"negative"}
{"tweetid":1298328824464183296,"ds_language":"hr","language":"hr","label":"neutral"}
{"tweetid":1298586254133678080,"ds_language":"hr","language":"hr","label":"negative"}
{"tweetid":1298666911031533568,"ds_language":"hr","language":"hr","label":"negative"}
{"tweetid":1298984260460675072,"ds_language":"hr","language":"hr","label":"negative"}
{"tweetid":1299355963099615232,"ds_language":"hr","language":"hr","label":"negative"}
{"tweetid":1299385347604967424,"ds_language":"hr","language":"hr","label":"positive"}
{"tweetid":1299680533299986432,"ds_language":"hr","language":"hr","label":"negative"}
{"tweetid":1299701600630591488,"ds_language":"hr","language":"hr","label":"negative"}
{"tweetid":1299798980797198336,"ds_language":"hr","language":"hr","label":"negative"}
{"tweetid":1300004200794009600,"ds_language":"hr","language":"hr","label":"neutral"}
{"tweetid":1300687018612097024,"ds_language":"hr","language":"hr","label":"negative"}
{"tweetid":1300711383605149696,"ds_language":"hr","language":"hr","label":"negative"}
{"tweetid":1300917279132131328,"ds_language":"hr","language":"hr","label":"negative"}
{"tweetid":1301085164668362752,"ds_language":"hr","language":"hr","label":"negative"}
{"tweetid":1301450290869284864,"ds_language":"hr","language":"hr","label":"neutral"}
{"tweetid":1302499715825545216,"ds_language":"hr","language":"hr","label":"neutral"}
{"tweetid":1302616244353409024,"ds_language":"hr","language":"hr","label":"neutral"}
{"tweetid":1302890895612801024,"ds_language":"hr","language":"hr","label":"negative"}
{"tweetid":1303290810591522816,"ds_language":"hr","language":"ja","label":"negative"}
{"tweetid":1303580070561316864,"ds_language":"hr","language":"hr","label":"negative"}
{"tweetid":1303719330010587136,"ds_language":"hr","language":"hr","label":"neutral"}
{"tweetid":1304009259630432256,"ds_language":"hr","language":"hr","label":"negative"}
{"tweetid":1304015856867905536,"ds_language":"hr","language":"hr","label":"negative"}
{"tweetid":1304327364118282240,"ds_language":"hr","language":"hr","label":"negative"}
{"tweetid":1304343488520245248,"ds_language":"hr","language":"hr","label":"negative"}
{"tweetid":1304458171872935936,"ds_language":"hr","language":"hr","label":"neutral"}
{"tweetid":1305247921429008384,"ds_language":"hr","language":"hr","label":"neutral"}
{"tweetid":1305446308753399808,"ds_language":"hr","language":"hr","label":"negative"}
{"tweetid":1305461470445043712,"ds_language":"hr","language":"hr","label":"negative"}
{"tweetid":1305480929121574912,"ds_language":"hr","language":"UNKNOWN","label":"neutral"}
{"tweetid":1305489647032832000,"ds_language":"hr","language":"hr","label":"negative"}
{"tweetid":1305841522244550656,"ds_language":"hr","language":"hr","label":"neutral"}
{"tweetid":1306119456008089600,"ds_language":"hr","language":"hr","label":"negative"}
{"tweetid":1306122734343196672,"ds_language":"hr","language":"hr","label":"neutral"}
{"tweetid":1306211230458081280,"ds_language":"hr","language":"en","label":"neutral"}
{"tweetid":1306239668128628736,"ds_language":"hr","language":"hr","label":"neutral"}
{"tweetid":1306554255260758016,"ds_language":"hr","language":"hr","label":"neutral"}
{"tweetid":1306751176436625408,"ds_language":"hr","language":"en","label":"positive"}
{"tweetid":1306951654726676480,"ds_language":"hr","language":"hr","label":"neutral"}
{"tweetid":1307289450179964928,"ds_language":"hr","language":"sl","label":"negative"}
{"tweetid":1308316435530362880,"ds_language":"hr","language":"hr","label":"positive"}
{"tweetid":1308341894410272768,"ds_language":"hr","language":"hr","label":"neutral"}
{"tweetid":1308388434499772416,"ds_language":"hr","language":"hr","label":"negative"}
{"tweetid":1309040162295492608,"ds_language":"hr","language":"hr","label":"neutral"}
{"tweetid":1309417776579309568,"ds_language":"hr","language":"hr","label":"positive"}
{"tweetid":1309741121749364736,"ds_language":"hr","language":"hr","label":"negative"}
{"tweetid":1309809093935337472,"ds_language":"hr","language":"hr","label":"negative"}
{"tweetid":1310103317993918464,"ds_language":"hr","language":"hr","label":"negative"}
{"tweetid":1310142133861601280,"ds_language":"hr","language":"hr","label":"negative"}
{"tweetid":1310494504663896064,"ds_language":"hr","language":"hr","label":"negative"}
{"tweetid":1310642888678797312,"ds_language":"hr","language":"hr","label":"negative"}
{"tweetid":1311611234324754432,"ds_language":"hr","language":"hr","label":"negative"}
{"tweetid":1311762868119928832,"ds_language":"hr","language":"hr","label":"neutral"}
{"tweetid":1312344283857461248,"ds_language":"hr","language":"hr","label":"neutral"}
{"tweetid":1312385080367738880,"ds_language":"hr","language":"hr","label":"negative"}
{"tweetid":1312423628047347712,"ds_language":"hr","language":"hr","label":"neutral"}
{"tweetid":1313015263500144640,"ds_language":"hr","language":"hr","label":"negative"}
{"tweetid":1313423301314859008,"ds_language":"hr","language":"hr","label":"neutral"}
{"tweetid":1313744062239965184,"ds_language":"hr","language":"te","label":"negative"}
{"tweetid":1313787294890029056,"ds_language":"hr","language":"hr","label":"negative"}
{"tweetid":1313801941810638848,"ds_language":"hr","language":"hr","label":"negative"}
{"tweetid":1314102520084656128,"ds_language":"hr","language":"hr","label":"negative"}
{"tweetid":1314114680651120640,"ds_language":"hr","language":"hr","label":"negative"}
{"tweetid":1314119947656876032,"ds_language":"hr","language":"hr","label":"negative"}
{"tweetid":1314147813614399488,"ds_language":"hr","language":"hr","label":"negative"}
{"tweetid":1314192909537865728,"ds_language":"hr","language":"hr","label":"neutral"}
{"tweetid":1314205043470467072,"ds_language":"hr","language":"hr","label":"neutral"}
{"tweetid":1314483398912737280,"ds_language":"hr","language":"hr","label":"neutral"}
{"tweetid":1314826741882540032,"ds_language":"hr","language":"hr","label":"negative"}
{"tweetid":1315236245027450880,"ds_language":"hr","language":"ja","label":"negative"}
{"tweetid":1315369365823422464,"ds_language":"hr","language":"hr","label":"negative"}
{"tweetid":1315385377616781312,"ds_language":"hr","language":"hr","label":"neutral"}
{"tweetid":1315394732303036416,"ds_language":"hr","language":"hr","label":"negative"}
{"tweetid":1315609830044860416,"ds_language":"hr","language":"hr","label":"negative"}
{"tweetid":1315722513616375808,"ds_language":"hr","language":"sl","label":"negative"}
{"tweetid":1315910340568322048,"ds_language":"hr","language":"et","label":"neutral"}
{"tweetid":1316287632511361024,"ds_language":"hr","language":"hr","label":"neutral"}
{"tweetid":1316302457308356608,"ds_language":"hr","language":"hr","label":"negative"}
{"tweetid":1316467050974531584,"ds_language":"hr","language":"hr","label":"negative"}
{"tweetid":1316473296947380224,"ds_language":"hr","language":"en","label":"neutral"}
{"tweetid":1316840709782204416,"ds_language":"hr","language":"en","label":"neutral"}
{"tweetid":1316986312990347264,"ds_language":"hr","language":"hr","label":"negative"}
{"tweetid":1317066971901513728,"ds_language":"hr","language":"hr","label":"neutral"}
{"tweetid":1317123132017184768,"ds_language":"hr","language":"hr","label":"negative"}
{"tweetid":1317836445848162304,"ds_language":"hr","language":"hr","label":"neutral"}
{"tweetid":1318101543820939264,"ds_language":"hr","language":"hr","label":"negative"}
{"tweetid":1318455410534371328,"ds_language":"hr","language":"hr","label":"neutral"}
{"tweetid":1318468758286049280,"ds_language":"hr","language":"da","label":"neutral"}
{"tweetid":1318519834980790272,"ds_language":"hr","language":"hr","label":"negative"}
{"tweetid":1318799804256964608,"ds_language":"hr","language":"hr","label":"negative"}
{"tweetid":1318813837647319040,"ds_language":"hr","language":"hr","label":"negative"}
{"tweetid":1318854449062944768,"ds_language":"hr","language":"hr","label":"negative"}
{"tweetid":1318854543338242048,"ds_language":"hr","language":"hr","label":"negative"}
{"tweetid":1318866116828123136,"ds_language":"hr","language":"sl","label":"negative"}
{"tweetid":1318878831432826880,"ds_language":"hr","language":"hr","label":"neutral"}
{"tweetid":1319160283030487040,"ds_language":"hr","language":"hr","label":"negative"}
{"tweetid":1319179431294980096,"ds_language":"hr","language":"hr","label":"negative"}
{"tweetid":1319195193195876352,"ds_language":"hr","language":"hr","label":"neutral"}
{"tweetid":1319358396836073472,"ds_language":"hr","language":"hr","label":"neutral"}
{"tweetid":1319646822609133568,"ds_language":"hr","language":"sl","label":"negative"}
{"tweetid":1319668205586157568,"ds_language":"hr","language":"hr","label":"neutral"}
{"tweetid":1319682508678639616,"ds_language":"hr","language":"pt","label":"neutral"}
{"tweetid":1320238785209290752,"ds_language":"hr","language":"hr","label":"negative"}
{"tweetid":1320348488052465664,"ds_language":"hr","language":"hr","label":"negative"}
{"tweetid":1320472702868619264,"ds_language":"hr","language":"hr","label":"negative"}
{"tweetid":1320606690136461312,"ds_language":"hr","language":"hr","label":"negative"}
{"tweetid":1320623137457885184,"ds_language":"hr","language":"en","label":"neutral"}
{"tweetid":1320624505954488320,"ds_language":"hr","language":"hr","label":"negative"}
{"tweetid":1320670426121515008,"ds_language":"hr","language":"hr","label":"negative"}
{"tweetid":1320717063233671168,"ds_language":"hr","language":"hr","label":"neutral"}
{"tweetid":1320817886320074752,"ds_language":"hr","language":"so","label":"negative"}
{"tweetid":1321114812215103488,"ds_language":"hr","language":"hr","label":"neutral"}
{"tweetid":1321247800496132096,"ds_language":"hr","language":"hr","label":"neutral"}
{"tweetid":1321387480768282624,"ds_language":"hr","language":"hr","label":"negative"}
{"tweetid":1321395375979352064,"ds_language":"hr","language":"hr","label":"negative"}
{"tweetid":1321397489778515968,"ds_language":"hr","language":"hr","label":"negative"}
{"tweetid":1321433333746860032,"ds_language":"hr","language":"hr","label":"negative"}
{"tweetid":1321449696859197440,"ds_language":"hr","language":"hr","label":"negative"}
{"tweetid":1321709591386882048,"ds_language":"hr","language":"hr","label":"neutral"}
{"tweetid":1321734658497937408,"ds_language":"hr","language":"cy","label":"negative"}
{"tweetid":1321814043573669888,"ds_language":"hr","language":"hr","label":"negative"}
{"tweetid":1321827983477362688,"ds_language":"hr","language":"hr","label":"negative"}
{"tweetid":1322042162951856128,"ds_language":"hr","language":"hr","label":"neutral"}
{"tweetid":1322083605238206464,"ds_language":"hr","language":"hr","label":"positive"}
{"tweetid":1322086052333498368,"ds_language":"hr","language":"hr","label":"neutral"}
{"tweetid":1322094504657199104,"ds_language":"hr","language":"hr","label":"neutral"}
{"tweetid":1322105344349347840,"ds_language":"hr","language":"hr","label":"negative"}
{"tweetid":1322125660144455680,"ds_language":"hr","language":"hr","label":"negative"}
{"tweetid":1322135382952009728,"ds_language":"hr","language":"hr","label":"negative"}
{"tweetid":1322168207134908416,"ds_language":"hr","language":"hr","label":"negative"}
{"tweetid":1322175951371907072,"ds_language":"hr","language":"hr","label":"positive"}
{"tweetid":1322427021222436864,"ds_language":"hr","language":"hr","label":"negative"}
{"tweetid":1322437906535886848,"ds_language":"hr","language":"hr","label":"negative"}
{"tweetid":1323168934342832128,"ds_language":"hr","language":"hr","label":"negative"}
{"tweetid":1323195893655494656,"ds_language":"hr","language":"hr","label":"negative"}
{"tweetid":1323199255390150656,"ds_language":"hr","language":"de","label":"negative"}
{"tweetid":1323366109488259072,"ds_language":"hr","language":"sl","label":"negative"}
{"tweetid":1323528840552001536,"ds_language":"hr","language":"hr","label":"negative"}
{"tweetid":1323652702774169600,"ds_language":"hr","language":"hr","label":"neutral"}
{"tweetid":1323684638741639168,"ds_language":"hr","language":"hr","label":"negative"}
{"tweetid":1323910645583138816,"ds_language":"hr","language":"hr","label":"negative"}
{"tweetid":1323922135589466112,"ds_language":"hr","language":"hr","label":"neutral"}
{"tweetid":1323935099214323712,"ds_language":"hr","language":"hr","label":"negative"}
{"tweetid":1324064069381427200,"ds_language":"hr","language":"hr","label":"negative"}
{"tweetid":1324260162308345856,"ds_language":"hr","language":"hr","label":"negative"}
{"tweetid":1324303456480370688,"ds_language":"hr","language":"hr","label":"negative"}
{"tweetid":1324342551487401984,"ds_language":"hr","language":"hr","label":"negative"}
{"tweetid":1324619225210753024,"ds_language":"hr","language":"hr","label":"negative"}
{"tweetid":1324619255137095680,"ds_language":"hr","language":"hr","label":"negative"}
{"tweetid":1324620897018368000,"ds_language":"hr","language":"en","label":"neutral"}
{"tweetid":1324670614381031424,"ds_language":"hr","language":"hr","label":"negative"}
{"tweetid":1324724645707292672,"ds_language":"hr","language":"hr","label":"neutral"}
{"tweetid":1325015139653914624,"ds_language":"hr","language":"hr","label":"negative"}
{"tweetid":1325418734991921152,"ds_language":"hr","language":"hr","label":"neutral"}
{"tweetid":1325435197316362240,"ds_language":"hr","language":"hr","label":"negative"}
{"tweetid":1325703714708090880,"ds_language":"hr","language":"hr","label":"negative"}
{"tweetid":1325725285132734464,"ds_language":"hr","language":"hr","label":"negative"}
{"tweetid":1325805310976593920,"ds_language":"hr","language":"hr","label":"negative"}
{"tweetid":1326076420817367040,"ds_language":"hr","language":"hr","label":"negative"}
{"tweetid":1326125543885074432,"ds_language":"hr","language":"hr","label":"negative"}
{"tweetid":1326126744630333440,"ds_language":"hr","language":"hr","label":"negative"}
{"tweetid":1326244670909919232,"ds_language":"hr","language":"de","label":"neutral"}
{"tweetid":1326799647134920704,"ds_language":"hr","language":"hr","label":"neutral"}
{"tweetid":1326820943071748096,"ds_language":"hr","language":"hr","label":"negative"}
{"tweetid":1326827648195186688,"ds_language":"hr","language":"hr","label":"negative"}
{"tweetid":1326915310755213312,"ds_language":"hr","language":"hr","label":"negative"}
{"tweetid":1327149950921187328,"ds_language":"hr","language":"hr","label":"negative"}
{"tweetid":1327157641437716480,"ds_language":"hr","language":"sl","label":"negative"}
{"tweetid":1327166061809197056,"ds_language":"hr","language":"sl","label":"negative"}
{"tweetid":1327255405509140480,"ds_language":"hr","language":"hr","label":"neutral"}
{"tweetid":1327332708712931328,"ds_language":"hr","language":"hr","label":"negative"}
{"tweetid":1327591933259243520,"ds_language":"hr","language":"hr","label":"negative"}
{"tweetid":1328298546718789632,"ds_language":"hr","language":"hr","label":"negative"}
{"tweetid":1328616365964496896,"ds_language":"hr","language":"hr","label":"negative"}
{"tweetid":1329004145198686208,"ds_language":"hr","language":"hr","label":"negative"}
{"tweetid":1329490114410672128,"ds_language":"hr","language":"hr","label":"negative"}
{"tweetid":1329517265037963264,"ds_language":"hr","language":"hr","label":"neutral"}
{"tweetid":1329729103906418688,"ds_language":"hr","language":"ar","label":"neutral"}
{"tweetid":1329729709349933056,"ds_language":"hr","language":"hr","label":"neutral"}
{"tweetid":1329854706055831552,"ds_language":"hr","language":"hr","label":"neutral"}
{"tweetid":1329882807842320384,"ds_language":"hr","language":"hr","label":"negative"}
{"tweetid":1330642212288221184,"ds_language":"hr","language":"hr","label":"positive"}
{"tweetid":1330794464307269632,"ds_language":"hr","language":"hr","label":"negative"}
{"tweetid":1331214560628510720,"ds_language":"hr","language":"hr","label":"negative"}
{"tweetid":1331223677824798720,"ds_language":"hr","language":"hr","label":"negative"}
{"tweetid":1331534653409419264,"ds_language":"hr","language":"en","label":"negative"}
{"tweetid":1331541890714353664,"ds_language":"hr","language":"hr","label":"neutral"}
{"tweetid":1331595245700714496,"ds_language":"hr","language":"ar","label":"neutral"}
{"tweetid":1331927095442804736,"ds_language":"hr","language":"hr","label":"negative"}
{"tweetid":1331960963688493056,"ds_language":"hr","language":"hr","label":"negative"}
{"tweetid":1331997019972440064,"ds_language":"hr","language":"hr","label":"negative"}
{"tweetid":1332276249205542912,"ds_language":"hr","language":"sl","label":"negative"}
{"tweetid":1332299046858448896,"ds_language":"hr","language":"hr","label":"negative"}
{"tweetid":1332359801536458752,"ds_language":"hr","language":"hr","label":"neutral"}
{"tweetid":1332391060836933632,"ds_language":"hr","language":"hr","label":"neutral"}
{"tweetid":1332787817861185536,"ds_language":"hr","language":"hr","label":"negative"}
{"tweetid":1333296868294488064,"ds_language":"hr","language":"hr","label":"neutral"}
{"tweetid":1333376502461816832,"ds_language":"hr","language":"hr","label":"positive"}
{"tweetid":1333597864413552640,"ds_language":"hr","language":"hr","label":"negative"}
{"tweetid":1333636010354364416,"ds_language":"hr","language":"hr","label":"negative"}
{"tweetid":1333668525500674048,"ds_language":"hr","language":"hr","label":"neutral"}
{"tweetid":1333677129519783936,"ds_language":"hr","language":"hr","label":"negative"}
{"tweetid":1333692815520489472,"ds_language":"hr","language":"hr","label":"negative"}
{"tweetid":1333709220257075200,"ds_language":"hr","language":"hr","label":"negative"}
{"tweetid":1333711537899499520,"ds_language":"hr","language":"hr","label":"negative"}
{"tweetid":1333766989614108672,"ds_language":"hr","language":"hr","label":"negative"}
{"tweetid":1334073988037943296,"ds_language":"hr","language":"hr","label":"negative"}
{"tweetid":1334107280955101184,"ds_language":"hr","language":"hr","label":"negative"}
{"tweetid":1334157924067893248,"ds_language":"hr","language":"hr","label":"negative"}
{"tweetid":1334208209817456640,"ds_language":"hr","language":"hr","label":"neutral"}
{"tweetid":1334214223782621184,"ds_language":"hr","language":"hr","label":"neutral"}
{"tweetid":1334436632095846400,"ds_language":"hr","language":"sl","label":"neutral"}
{"tweetid":1334498633513832448,"ds_language":"hr","language":"hr","label":"negative"}
{"tweetid":1334618415420461056,"ds_language":"hr","language":"en","label":"negative"}
{"tweetid":1334807438504185856,"ds_language":"hr","language":"hr","label":"negative"}
{"tweetid":1334812616544428032,"ds_language":"hr","language":"hr","label":"negative"}
{"tweetid":1334910501801897984,"ds_language":"hr","language":"it","label":"neutral"}
{"tweetid":1335496448314523648,"ds_language":"hr","language":"hr","label":"negative"}
{"tweetid":1335844490108690432,"ds_language":"hr","language":"hr","label":"negative"}
{"tweetid":1335868970990260224,"ds_language":"hr","language":"hr","label":"negative"}
{"tweetid":1335902832172691456,"ds_language":"hr","language":"hr","label":"negative"}
{"tweetid":1336051746712465408,"ds_language":"hr","language":"hr","label":"negative"}
{"tweetid":1336295007720976384,"ds_language":"hr","language":"ja","label":"neutral"}
{"tweetid":1336392603877568512,"ds_language":"hr","language":"hr","label":"neutral"}
{"tweetid":1336571221270556672,"ds_language":"hr","language":"hr","label":"negative"}
{"tweetid":1336626648435683328,"ds_language":"hr","language":"ja","label":"neutral"}
{"tweetid":1336677426391379968,"ds_language":"hr","language":"hr","label":"negative"}
{"tweetid":1336932047156293632,"ds_language":"hr","language":"hr","label":"negative"}
{"tweetid":1336955129636024320,"ds_language":"hr","language":"hr","label":"negative"}
{"tweetid":1336974838108483584,"ds_language":"hr","language":"sl","label":"negative"}
{"tweetid":1336982387918508032,"ds_language":"hr","language":"hr","label":"negative"}
{"tweetid":1336987716513394688,"ds_language":"hr","language":"hr","label":"neutral"}
{"tweetid":1337322100093313024,"ds_language":"hr","language":"hr","label":"negative"}
{"tweetid":1337333806672433152,"ds_language":"hr","language":"hr","label":"negative"}
{"tweetid":1338045441003413504,"ds_language":"hr","language":"hr","label":"negative"}
{"tweetid":1338060720441798656,"ds_language":"hr","language":"ja","label":"negative"}
{"tweetid":1338061375663464448,"ds_language":"hr","language":"hr","label":"negative"}
{"tweetid":1338096581103529984,"ds_language":"hr","language":"hr","label":"neutral"}
{"tweetid":1338380794453250048,"ds_language":"hr","language":"hr","label":"negative"}
{"tweetid":1338411991367643136,"ds_language":"hr","language":"hr","label":"negative"}
{"tweetid":1338418581759987712,"ds_language":"hr","language":"hr","label":"negative"}
{"tweetid":1338418703663321088,"ds_language":"hr","language":"hr","label":"negative"}
{"tweetid":1338432926342656000,"ds_language":"hr","language":"hr","label":"negative"}
{"tweetid":1338846999970541568,"ds_language":"hr","language":"hr","label":"neutral"}
{"tweetid":1339174068847702016,"ds_language":"hr","language":"th","label":"negative"}
{"tweetid":1339180724872679424,"ds_language":"hr","language":"hr","label":"negative"}
{"tweetid":1339244142992437248,"ds_language":"hr","language":"hr","label":"negative"}
{"tweetid":1339486755511283712,"ds_language":"hr","language":"hr","label":"negative"}
{"tweetid":1339494039285063680,"ds_language":"hr","language":"hr","label":"negative"}
{"tweetid":1339540317033418752,"ds_language":"hr","language":"hr","label":"negative"}
{"tweetid":1339852866245304320,"ds_language":"hr","language":"hr","label":"negative"}
{"tweetid":1339860260962615296,"ds_language":"hr","language":"hr","label":"negative"}
{"tweetid":1339878795092893696,"ds_language":"hr","language":"hr","label":"negative"}
{"tweetid":1339908990495584256,"ds_language":"hr","language":"hr","label":"negative"}
{"tweetid":1339915190742249472,"ds_language":"hr","language":"hr","label":"negative"}
{"tweetid":1340024256231596032,"ds_language":"hr","language":"hr","label":"negative"}
{"tweetid":1340024561849561088,"ds_language":"hr","language":"hr","label":"negative"}
{"tweetid":1340567865259245568,"ds_language":"hr","language":"hr","label":"negative"}
{"tweetid":1340599157090869248,"ds_language":"hr","language":"hr","label":"neutral"}
{"tweetid":1340713272044085248,"ds_language":"hr","language":"en","label":"neutral"}
{"tweetid":1340921467530326016,"ds_language":"hr","language":"hr","label":"neutral"}
{"tweetid":1340936584603045888,"ds_language":"hr","language":"so","label":"neutral"}
{"tweetid":1341075473619709952,"ds_language":"hr","language":"hr","label":"negative"}
{"tweetid":1341304122683830272,"ds_language":"hr","language":"hr","label":"positive"}
{"tweetid":1341324694495121408,"ds_language":"hr","language":"hr","label":"neutral"}
{"tweetid":1341475885480878080,"ds_language":"hr","language":"hr","label":"negative"}
{"tweetid":1341673651389657088,"ds_language":"hr","language":"fr","label":"negative"}
{"tweetid":1341679206485397504,"ds_language":"hr","language":"hr","label":"neutral"}
{"tweetid":1341702832442003456,"ds_language":"hr","language":"sl","label":"negative"}
{"tweetid":1341704347424579584,"ds_language":"hr","language":"hr","label":"negative"}
{"tweetid":1341754289648242688,"ds_language":"hr","language":"hr","label":"negative"}
{"tweetid":1341755593451778048,"ds_language":"hr","language":"hr","label":"negative"}
{"tweetid":1341832679709417472,"ds_language":"hr","language":"hr","label":"negative"}
{"tweetid":1341851114782789632,"ds_language":"hr","language":"hr","label":"negative"}
{"tweetid":1342232791652724736,"ds_language":"hr","language":"hr","label":"negative"}
{"tweetid":1342521436754374656,"ds_language":"hr","language":"hr","label":"neutral"}
{"tweetid":1342751389148131328,"ds_language":"hr","language":"so","label":"neutral"}
{"tweetid":1342768375869693952,"ds_language":"hr","language":"hr","label":"positive"}
{"tweetid":1342799490579894272,"ds_language":"hr","language":"hr","label":"negative"}
{"tweetid":1342809151374843904,"ds_language":"hr","language":"hr","label":"neutral"}
{"tweetid":1342891938706411520,"ds_language":"hr","language":"sl","label":"neutral"}
{"tweetid":1343101102573707264,"ds_language":"hr","language":"hr","label":"negative"}
{"tweetid":1343299248255762432,"ds_language":"hr","language":"sl","label":"negative"}
{"tweetid":1343441657098883072,"ds_language":"hr","language":"hr","label":"neutral"}
{"tweetid":1343835539359805440,"ds_language":"hr","language":"hr","label":"neutral"}
{"tweetid":1343869887932989440,"ds_language":"hr","language":"hr","label":"neutral"}
{"tweetid":1343996552524804096,"ds_language":"hr","language":"hr","label":"negative"}
{"tweetid":1344333148738486272,"ds_language":"hr","language":"hr","label":"positive"}
{"tweetid":1346009179664822272,"ds_language":"hr","language":"hr","label":"negative"}
{"tweetid":1347077978937823232,"ds_language":"hr","language":"hr","label":"negative"}
{"tweetid":1348713076204457984,"ds_language":"hr","language":"hr","label":"negative"}
{"tweetid":1348968611583557632,"ds_language":"hr","language":"hr","label":"negative"}
{"tweetid":1349262732399415296,"ds_language":"hr","language":"hr","label":"negative"}
{"tweetid":1349278544711573504,"ds_language":"hr","language":"hr","label":"neutral"}
{"tweetid":1349302733707370496,"ds_language":"hr","language":"hr","label":"negative"}
{"tweetid":1349672797308596224,"ds_language":"hr","language":"hr","label":"negative"}
{"tweetid":1349787991523393536,"ds_language":"hr","language":"pt","label":"neutral"}
{"tweetid":1349819081571098624,"ds_language":"hr","language":"hr","label":"neutral"}
{"tweetid":1350146681858387968,"ds_language":"hr","language":"so","label":"neutral"}
