{"tweetid":1244799220135145475,"ds_language":"es","language":"hr","label":"neutral"}
{"tweetid":1093958102892847104,"ds_language":"es","language":"es","label":"positive"}
{"tweetid":811282214776373248,"ds_language":"es","language":"vi","label":"neutral"}
{"tweetid":1298320879940702209,"ds_language":"es","language":"es","label":"positive"}
{"tweetid":733649827758759936,"ds_language":"es","language":"vi","label":"neutral"}
{"tweetid":700739140007153665,"ds_language":"es","language":"vi","label":"neutral"}
{"tweetid":1009854820814131201,"ds_language":"es","language":"es","label":"positive"}
{"tweetid":1146106588647833600,"ds_language":"es","language":"es","label":"positive"}
{"tweetid":774250903658455044,"ds_language":"es","language":"pt","label":"neutral"}
{"tweetid":979411502938587137,"ds_language":"es","language":"es","label":"neutral"}
{"tweetid":1186622957046468608,"ds_language":"es","language":"ca","label":"neutral"}
{"tweetid":797352304613715969,"ds_language":"es","language":"id","label":"neutral"}
{"tweetid":1082253218858582016,"ds_language":"es","language":"hu","label":"positive"}
{"tweetid":715088987828969473,"ds_language":"es","language":"fi","label":"neutral"}
{"tweetid":1115253676749225984,"ds_language":"es","language":"tl","label":"positive"}
{"tweetid":1156235006785806336,"ds_language":"es","language":"id","label":"neutral"}
{"tweetid":768565339470827520,"ds_language":"es","language":"pt","label":"neutral"}
{"tweetid":1229397129912778754,"ds_language":"es","language":"es","label":"neutral"}
{"tweetid":1064994103342129152,"ds_language":"es","language":"so","label":"neutral"}
{"tweetid":1184554327291154432,"ds_language":"es","language":"es","label":"neutral"}
{"tweetid":925716470000218112,"ds_language":"es","language":"vi","label":"neutral"}
{"tweetid":1232716531081019393,"ds_language":"es","language":"pt","label":"neutral"}
{"tweetid":767731505150001152,"ds_language":"es","language":"es","label":"positive"}
{"tweetid":836675215404904448,"ds_language":"es","language":"sk","label":"neutral"}
{"tweetid":1082992734565220354,"ds_language":"es","language":"es","label":"positive"}
{"tweetid":1028810369383493632,"ds_language":"es","language":"pt","label":"neutral"}
{"tweetid":1126343587963244546,"ds_language":"es","language":"es","label":"positive"}
{"tweetid":1035186689650683904,"ds_language":"es","language":"et","label":"positive"}
{"tweetid":1034099425239605248,"ds_language":"es","language":"es","label":"positive"}
{"tweetid":1194927462645477376,"ds_language":"es","language":"pt","label":"neutral"}
{"tweetid":1096537134880583681,"ds_language":"es","language":"pt","label":"positive"}
{"tweetid":1209116826023665664,"ds_language":"es","language":"hu","label":"positive"}
{"tweetid":636173864633008128,"ds_language":"es","language":"cs","label":"positive"}
{"tweetid":1124022321289859072,"ds_language":"es","language":"pt","label":"neutral"}
{"tweetid":1330982549548576768,"ds_language":"es","language":"es","label":"neutral"}
{"tweetid":1110977770237190145,"ds_language":"es","language":"pt","label":"positive"}
{"tweetid":1187354755020054528,"ds_language":"es","language":"sk","label":"positive"}
{"tweetid":1121194609269444609,"ds_language":"es","language":"sk","label":"positive"}
{"tweetid":1123323638751604736,"ds_language":"es","language":"hr","label":"neutral"}
{"tweetid":1092410288220110849,"ds_language":"es","language":"es","label":"positive"}
{"tweetid":710090634158329857,"ds_language":"es","language":"pt","label":"neutral"}
{"tweetid":768506275084787712,"ds_language":"es","language":"vi","label":"positive"}
{"tweetid":773601135215124484,"ds_language":"es","language":"pt","label":"neutral"}
{"tweetid":1073584705524633600,"ds_language":"es","language":"es","label":"neutral"}
