{"tweetid":1186621357951520768,"ds_language":"es","language":"pt","label":"negative"}
{"tweetid":1049375462529667072,"ds_language":"es","language":"pt","label":"neutral"}
{"tweetid":1206904006729195521,"ds_language":"es","language":"sk","label":"positive"}
{"tweetid":1073203579014533121,"ds_language":"es","language":"es","label":"positive"}
{"tweetid":1070695435646451712,"ds_language":"es","language":"pt","label":"neutral"}
{"tweetid":1126869204030955522,"ds_language":"es","language":"es","label":"positive"}
{"tweetid":1058495144889065472,"ds_language":"es","language":"id","label":"positive"}
{"tweetid":1026852409488945152,"ds_language":"es","language":"es","label":"positive"}
{"tweetid":1007617622987411456,"ds_language":"es","language":"es","label":"positive"}
{"tweetid":677529674294030337,"ds_language":"es","language":"pt","label":"neutral"}
{"tweetid":1176831195981721600,"ds_language":"es","language":"sk","label":"positive"}
{"tweetid":1232065166751207425,"ds_language":"es","language":"id","label":"neutral"}
{"tweetid":1141350723051053056,"ds_language":"es","language":"es","label":"positive"}
{"tweetid":1045465129733804032,"ds_language":"es","language":"pt","label":"neutral"}
{"tweetid":1033383503679971330,"ds_language":"es","language":"es","label":"positive"}
{"tweetid":619934686740135937,"ds_language":"es","language":"es","label":"positive"}
{"tweetid":1107771159133724673,"ds_language":"es","language":"id","label":"positive"}
{"tweetid":1135516244407439360,"ds_language":"es","language":"sk","label":"neutral"}
{"tweetid":722846588826038272,"ds_language":"es","language":"en","label":"neutral"}
{"tweetid":1031907881992511489,"ds_language":"es","language":"it","label":"positive"}
{"tweetid":830045534622797824,"ds_language":"es","language":"tl","label":"neutral"}
{"tweetid":1171038741529604096,"ds_language":"es","language":"es","label":"positive"}
{"tweetid":1050018571949170688,"ds_language":"es","language":"es","label":"positive"}
{"tweetid":1085216278296645633,"ds_language":"es","language":"es","label":"positive"}
{"tweetid":662298652422119424,"ds_language":"es","language":"vi","label":"neutral"}
{"tweetid":642051326638194688,"ds_language":"es","language":"de","label":"neutral"}
{"tweetid":1098659774755934209,"ds_language":"es","language":"es","label":"positive"}
{"tweetid":851855588204138496,"ds_language":"es","language":"cy","label":"neutral"}
{"tweetid":639471476240982016,"ds_language":"es","language":"pt","label":"neutral"}
{"tweetid":1168521214538801159,"ds_language":"es","language":"es","label":"neutral"}
{"tweetid":934008877628174341,"ds_language":"es","language":"vi","label":"neutral"}
{"tweetid":1186241429577912323,"ds_language":"es","language":"sk","label":"neutral"}
{"tweetid":1060533241541738497,"ds_language":"es","language":"es","label":"positive"}
{"tweetid":1032322133089820672,"ds_language":"es","language":"es","label":"positive"}
{"tweetid":1197830985037078528,"ds_language":"es","language":"pt","label":"negative"}
{"tweetid":1206556018672570370,"ds_language":"es","language":"es","label":"neutral"}
{"tweetid":1092913257482878977,"ds_language":"es","language":"pt","label":"positive"}
{"tweetid":900018069808054273,"ds_language":"es","language":"vi","label":"positive"}
{"tweetid":1063437841106157568,"ds_language":"es","language":"pt","label":"positive"}
{"tweetid":1168564827264102400,"ds_language":"es","language":"es","label":"positive"}
{"tweetid":1176620591060791301,"ds_language":"es","language":"es","label":"neutral"}
{"tweetid":1338962303526559745,"ds_language":"es","language":"it","label":"neutral"}
{"tweetid":1059810660589232128,"ds_language":"es","language":"es","label":"neutral"}
{"tweetid":781211450656354304,"ds_language":"es","language":"pt","label":"neutral"}
{"tweetid":1060588602432909319,"ds_language":"es","language":"hr","label":"positive"}
{"tweetid":1044610853583167493,"ds_language":"es","language":"pt","label":"positive"}
{"tweetid":1181623692171730944,"ds_language":"es","language":"pt","label":"neutral"}
{"tweetid":1104120324432515074,"ds_language":"es","language":"es","label":"positive"}
{"tweetid":1009808059999358976,"ds_language":"es","language":"hr","label":"positive"}
{"tweetid":745277693156032512,"ds_language":"es","language":"es","label":"neutral"}
{"tweetid":1049711452142166016,"ds_language":"es","language":"pt","label":"neutral"}
{"tweetid":1236826150531469317,"ds_language":"es","language":"UNKNOWN","label":"neutral"}
{"tweetid":1190226415851053056,"ds_language":"es","language":"es","label":"neutral"}
{"tweetid":1032285385165037569,"ds_language":"es","language":"hu","label":"positive"}
{"tweetid":1027193171376308226,"ds_language":"es","language":"pt","label":"neutral"}
{"tweetid":1120798439523192833,"ds_language":"es","language":"sq","label":"negative"}
{"tweetid":821708515597320194,"ds_language":"es","language":"sk","label":"neutral"}
{"tweetid":1110575679786151938,"ds_language":"es","language":"id","label":"positive"}
{"tweetid":1164921347790835714,"ds_language":"es","language":"es","label":"positive"}
{"tweetid":1298372482534117376,"ds_language":"es","language":"es","label":"positive"}
{"tweetid":633293203916083200,"ds_language":"es","language":"en","label":"neutral"}
{"tweetid":839097506743140354,"ds_language":"es","language":"vi","label":"neutral"}
{"tweetid":1027553221135540230,"ds_language":"es","language":"pt","label":"neutral"}
{"tweetid":1195300649510023169,"ds_language":"es","language":"pt","label":"neutral"}
{"tweetid":747882859243905024,"ds_language":"es","language":"vi","label":"positive"}
{"tweetid":1158819332002127873,"ds_language":"es","language":"sk","label":"positive"}
{"tweetid":1338528819511238662,"ds_language":"es","language":"et","label":"neutral"}
{"tweetid":1117933118588182529,"ds_language":"es","language":"pt","label":"positive"}
{"tweetid":613775363181793286,"ds_language":"es","language":"pt","label":"neutral"}
{"tweetid":1282694099716452357,"ds_language":"es","language":"hr","label":"neutral"}
{"tweetid":1148661337821712385,"ds_language":"es","language":"sw","label":"positive"}
{"tweetid":1046777069508734976,"ds_language":"es","language":"pt","label":"positive"}
{"tweetid":667309200146493440,"ds_language":"es","language":"pt","label":"neutral"}
{"tweetid":1069688811976826880,"ds_language":"es","language":"pt","label":"positive"}
{"tweetid":948525189758889984,"ds_language":"es","language":"es","label":"neutral"}
{"tweetid":1018867071944445954,"ds_language":"es","language":"es","label":"positive"}
{"tweetid":976432778442047488,"ds_language":"es","language":"pt","label":"neutral"}
{"tweetid":1279135985746546689,"ds_language":"es","language":"es","label":"positive"}
{"tweetid":1110919897696083968,"ds_language":"es","language":"pt","label":"neutral"}
{"tweetid":664103345653706756,"ds_language":"es","language":"id","label":"neutral"}
{"tweetid":976461909456285696,"ds_language":"es","language":"fi","label":"neutral"}
{"tweetid":993517919643619329,"ds_language":"es","language":"es","label":"neutral"}
{"tweetid":1176138168359370753,"ds_language":"es","language":"vi","label":"neutral"}
{"tweetid":1189933217836675073,"ds_language":"es","language":"pt","label":"neutral"}
{"tweetid":1161614421321506816,"ds_language":"es","language":"pt","label":"positive"}
{"tweetid":901080259096977410,"ds_language":"es","language":"pt","label":"positive"}
{"tweetid":1161284599718305794,"ds_language":"es","language":"pt","label":"neutral"}
{"tweetid":830042073604747264,"ds_language":"es","language":"sq","label":"neutral"}
{"tweetid":806165284319019008,"ds_language":"es","language":"pt","label":"neutral"}
{"tweetid":1318642480443772929,"ds_language":"es","language":"sk","label":"neutral"}
{"tweetid":1205454605037035522,"ds_language":"es","language":"pt","label":"neutral"}
{"tweetid":1068499820476841984,"ds_language":"es","language":"tl","label":"negative"}
{"tweetid":551857714062974976,"ds_language":"es","language":"en","label":"neutral"}
{"tweetid":901158902242451457,"ds_language":"es","language":"pt","label":"neutral"}
{"tweetid":1072920103153479681,"ds_language":"es","language":"et","label":"positive"}
{"tweetid":1113797678570274816,"ds_language":"es","language":"id","label":"neutral"}
{"tweetid":769376186027958276,"ds_language":"es","language":"pt","label":"neutral"}
{"tweetid":700635802854825985,"ds_language":"es","language":"sk","label":"neutral"}
{"tweetid":1303711128225275906,"ds_language":"es","language":"id","label":"positive"}
{"tweetid":1047856312573464576,"ds_language":"es","language":"pt","label":"neutral"}
{"tweetid":1058062675144531969,"ds_language":"es","language":"es","label":"positive"}
{"tweetid":709877628572934145,"ds_language":"es","language":"et","label":"neutral"}
{"tweetid":994963228659736576,"ds_language":"es","language":"sk","label":"negative"}
{"tweetid":1243906609681702912,"ds_language":"es","language":"sk","label":"neutral"}
{"tweetid":1173399150769123331,"ds_language":"es","language":"so","label":"neutral"}
{"tweetid":1088422675838570496,"ds_language":"es","language":"es","label":"neutral"}
{"tweetid":1313907258619768833,"ds_language":"es","language":"pt","label":"neutral"}
{"tweetid":1116483568186691584,"ds_language":"es","language":"es","label":"neutral"}
{"tweetid":1330568427480768512,"ds_language":"es","language":"it","label":"neutral"}
{"tweetid":1065254141453369344,"ds_language":"es","language":"sk","label":"positive"}
{"tweetid":761525587806674945,"ds_language":"es","language":"vi","label":"neutral"}
{"tweetid":1127351318685868033,"ds_language":"es","language":"sl","label":"negative"}
{"tweetid":1163517723973947392,"ds_language":"es","language":"es","label":"neutral"}
{"tweetid":1019579751240028160,"ds_language":"es","language":"en","label":"positive"}
{"tweetid":636367392495505408,"ds_language":"es","language":"vi","label":"neutral"}
{"tweetid":702117865097457664,"ds_language":"es","language":"en","label":"neutral"}
{"tweetid":1128700032008564739,"ds_language":"es","language":"et","label":"positive"}
{"tweetid":993495692323819520,"ds_language":"es","language":"pt","label":"negative"}
{"tweetid":964533836800458752,"ds_language":"es","language":"pt","label":"neutral"}
{"tweetid":699069030875922432,"ds_language":"es","language":"es","label":"positive"}
{"tweetid":634837473093357568,"ds_language":"es","language":"vi","label":"neutral"}
{"tweetid":1186286121078153216,"ds_language":"es","language":"sk","label":"neutral"}
{"tweetid":524286635353989121,"ds_language":"es","language":"sw","label":"positive"}
{"tweetid":604638362394345472,"ds_language":"es","language":"pt","label":"neutral"}
{"tweetid":431757038910050304,"ds_language":"es","language":"vi","label":"neutral"}
{"tweetid":1060500030732357633,"ds_language":"es","language":"sw","label":"negative"}
{"tweetid":1116505072517693440,"ds_language":"es","language":"es","label":"positive"}
{"tweetid":915620666656935937,"ds_language":"es","language":"vi","label":"neutral"}
{"tweetid":1197131494441009154,"ds_language":"es","language":"id","label":"neutral"}
{"tweetid":1134189354858008576,"ds_language":"es","language":"pt","label":"neutral"}
{"tweetid":912741470309928960,"ds_language":"es","language":"sk","label":"neutral"}
{"tweetid":996415144199708672,"ds_language":"es","language":"sk","label":"positive"}
{"tweetid":675319064496119809,"ds_language":"es","language":"pt","label":"neutral"}
{"tweetid":1043267592369070080,"ds_language":"es","language":"hr","label":"positive"}
{"tweetid":1168581815323504640,"ds_language":"es","language":"es","label":"neutral"}
{"tweetid":804716450955063296,"ds_language":"es","language":"es","label":"neutral"}
{"tweetid":1116389716360822784,"ds_language":"es","language":"es","label":"neutral"}
{"tweetid":1125855282096222211,"ds_language":"es","language":"es","label":"neutral"}
{"tweetid":880754195858698240,"ds_language":"es","language":"vi","label":"neutral"}
{"tweetid":1004707026860150784,"ds_language":"es","language":"es","label":"positive"}
{"tweetid":1120737186347933699,"ds_language":"es","language":"es","label":"neutral"}
{"tweetid":738734530400509952,"ds_language":"es","language":"sl","label":"neutral"}
{"tweetid":1055448825991782400,"ds_language":"es","language":"es","label":"positive"}
{"tweetid":603656510305116163,"ds_language":"es","language":"no","label":"neutral"}
{"tweetid":767914500771151872,"ds_language":"es","language":"es","label":"neutral"}
{"tweetid":1124456101003526144,"ds_language":"es","language":"pt","label":"neutral"}
{"tweetid":699628206559793152,"ds_language":"es","language":"es","label":"positive"}
{"tweetid":1333675286332903424,"ds_language":"es","language":"en","label":"neutral"}
{"tweetid":1016309832435945474,"ds_language":"es","language":"it","label":"positive"}
{"tweetid":960548165576544256,"ds_language":"es","language":"en","label":"neutral"}
{"tweetid":1130831570477232129,"ds_language":"es","language":"es","label":"neutral"}
{"tweetid":1044377972952698880,"ds_language":"es","language":"id","label":"positive"}
{"tweetid":1044659073080152064,"ds_language":"es","language":"es","label":"positive"}
