{"tweetid":1258733473789104131,"ds_language":"es","language":"sl","label":"neutral"}
{"tweetid":1115253676749225984,"ds_language":"es","language":"tl","label":"positive"}
{"tweetid":838462427364720640,"ds_language":"es","language":"es","label":"neutral"}
{"tweetid":1176209643372253186,"ds_language":"es","language":"es","label":"neutral"}
{"tweetid":918167917841264640,"ds_language":"es","language":"pt","label":"neutral"}
{"tweetid":640183720331358209,"ds_language":"es","language":"es","label":"neutral"}
{"tweetid":1338381423640719360,"ds_language":"es","language":"tr","label":"neutral"}
{"tweetid":993533824226283520,"ds_language":"es","language":"UNKNOWN","label":"neutral"}
{"tweetid":1252972424594968576,"ds_language":"es","language":"es","label":"neutral"}
{"tweetid":725037410359365632,"ds_language":"es","language":"pt","label":"neutral"}
{"tweetid":1294594566268628994,"ds_language":"es","language":"es","label":"neutral"}
{"tweetid":749005957846401028,"ds_language":"es","language":"vi","label":"neutral"}
{"tweetid":1241536475457622021,"ds_language":"es","language":"sk","label":"neutral"}
{"tweetid":602916886741942272,"ds_language":"es","language":"sq","label":"neutral"}
{"tweetid":1213113584382873600,"ds_language":"es","language":"id","label":"neutral"}
{"tweetid":759968828516405248,"ds_language":"es","language":"es","label":"neutral"}
{"tweetid":614395879575977984,"ds_language":"es","language":"pt","label":"neutral"}
{"tweetid":614952740742148096,"ds_language":"es","language":"en","label":"neutral"}
{"tweetid":1203995044694417408,"ds_language":"es","language":"pt","label":"neutral"}
{"tweetid":1107771159133724673,"ds_language":"es","language":"id","label":"positive"}
{"tweetid":955191952571584513,"ds_language":"es","language":"pt","label":"neutral"}
{"tweetid":1166141948597612545,"ds_language":"es","language":"es","label":"neutral"}
{"tweetid":506837849564786688,"ds_language":"es","language":"pt","label":"neutral"}
{"tweetid":1186286121078153216,"ds_language":"es","language":"sk","label":"neutral"}
{"tweetid":1334974037215354881,"ds_language":"es","language":"id","label":"neutral"}
{"tweetid":1321190126987468800,"ds_language":"es","language":"es","label":"neutral"}
{"tweetid":664390351789170688,"ds_language":"es","language":"id","label":"neutral"}
{"tweetid":895716230207725569,"ds_language":"es","language":"de","label":"neutral"}
{"tweetid":1294958607793115137,"ds_language":"es","language":"es","label":"neutral"}
{"tweetid":721071055029288962,"ds_language":"es","language":"vi","label":"neutral"}
{"tweetid":1333313679325016064,"ds_language":"es","language":"en","label":"neutral"}
{"tweetid":929031037342142466,"ds_language":"es","language":"es","label":"neutral"}
{"tweetid":1181255292098682881,"ds_language":"es","language":"es","label":"neutral"}
{"tweetid":1168897484711706626,"ds_language":"es","language":"es","label":"neutral"}
{"tweetid":830041260530483200,"ds_language":"es","language":"pt","label":"neutral"}
{"tweetid":768816662422360064,"ds_language":"es","language":"pt","label":"neutral"}
{"tweetid":1039153242406612994,"ds_language":"es","language":"pt","label":"neutral"}
{"tweetid":1303711128225275906,"ds_language":"es","language":"id","label":"positive"}
{"tweetid":770697349278601217,"ds_language":"es","language":"vi","label":"neutral"}
{"tweetid":915898812853575682,"ds_language":"es","language":"pt","label":"neutral"}
{"tweetid":850050529996746756,"ds_language":"es","language":"sk","label":"neutral"}
{"tweetid":1074791346664177665,"ds_language":"es","language":"pt","label":"positive"}
{"tweetid":943548175691976704,"ds_language":"es","language":"vi","label":"neutral"}
{"tweetid":872078044407705600,"ds_language":"es","language":"vi","label":"neutral"}
{"tweetid":1188871524817821696,"ds_language":"es","language":"vi","label":"neutral"}
{"tweetid":258702083635699712,"ds_language":"es","language":"es","label":"neutral"}
{"tweetid":942737742831718400,"ds_language":"es","language":"pt","label":"neutral"}
{"tweetid":1126114533158862850,"ds_language":"es","language":"et","label":"neutral"}
{"tweetid":1277683452385648640,"ds_language":"es","language":"es","label":"neutral"}
{"tweetid":1231336503244140544,"ds_language":"es","language":"hr","label":"neutral"}
{"tweetid":811564052275232768,"ds_language":"es","language":"pt","label":"neutral"}
{"tweetid":1327072649755975680,"ds_language":"es","language":"pt","label":"neutral"}
{"tweetid":822042759955628032,"ds_language":"es","language":"pt","label":"neutral"}
{"tweetid":1082992734565220354,"ds_language":"es","language":"es","label":"positive"}
{"tweetid":1281659522273214464,"ds_language":"es","language":"es","label":"neutral"}
{"tweetid":1200429648062164992,"ds_language":"es","language":"es","label":"negative"}
{"tweetid":733364897971593216,"ds_language":"es","language":"pt","label":"neutral"}
{"tweetid":720313577626689538,"ds_language":"es","language":"vi","label":"neutral"}
{"tweetid":1061380499032231942,"ds_language":"es","language":"es","label":"neutral"}
{"tweetid":900018069808054273,"ds_language":"es","language":"vi","label":"positive"}
{"tweetid":1073584705524633600,"ds_language":"es","language":"es","label":"neutral"}
{"tweetid":982256403501875200,"ds_language":"es","language":"es","label":"neutral"}
{"tweetid":900353539028987904,"ds_language":"es","language":"es","label":"neutral"}
{"tweetid":1178981488282542080,"ds_language":"es","language":"es","label":"neutral"}
{"tweetid":1290356140346413056,"ds_language":"es","language":"pt","label":"neutral"}
{"tweetid":1144249812755369985,"ds_language":"es","language":"pt","label":"neutral"}
{"tweetid":905432298937602051,"ds_language":"es","language":"en","label":"neutral"}
{"tweetid":1211600537856233472,"ds_language":"es","language":"pt","label":"neutral"}
{"tweetid":702117865097457664,"ds_language":"es","language":"en","label":"neutral"}
{"tweetid":1172173898139471873,"ds_language":"es","language":"pt","label":"neutral"}
{"tweetid":983349661636399104,"ds_language":"es","language":"es","label":"neutral"}
{"tweetid":1149320952414691328,"ds_language":"es","language":"es","label":"neutral"}
{"tweetid":1186286113964642304,"ds_language":"es","language":"es","label":"neutral"}
{"tweetid":1296859118305718275,"ds_language":"es","language":"en","label":"neutral"}
{"tweetid":1027273291952807936,"ds_language":"es","language":"fi","label":"positive"}
{"tweetid":988098169056751617,"ds_language":"es","language":"tl","label":"neutral"}
{"tweetid":1205454605037035522,"ds_language":"es","language":"pt","label":"neutral"}
{"tweetid":1045465129733804032,"ds_language":"es","language":"pt","label":"neutral"}
{"tweetid":1149351551133265921,"ds_language":"es","language":"fi","label":"neutral"}
{"tweetid":667305205705236481,"ds_language":"es","language":"es","label":"neutral"}
{"tweetid":727601228700655616,"ds_language":"es","language":"tl","label":"neutral"}
{"tweetid":1229919357188395010,"ds_language":"es","language":"cs","label":"neutral"}
{"tweetid":830136550759469060,"ds_language":"es","language":"en","label":"neutral"}
{"tweetid":925716470000218112,"ds_language":"es","language":"vi","label":"neutral"}
{"tweetid":1231993546233851904,"ds_language":"es","language":"sk","label":"neutral"}
{"tweetid":459433282069733376,"ds_language":"es","language":"de","label":"neutral"}
{"tweetid":848111248705191936,"ds_language":"es","language":"vi","label":"neutral"}
{"tweetid":834083598861029376,"ds_language":"es","language":"es","label":"neutral"}
{"tweetid":1340236014368002050,"ds_language":"es","language":"id","label":"neutral"}
{"tweetid":614440054145032193,"ds_language":"es","language":"de","label":"negative"}
{"tweetid":643471702073180160,"ds_language":"es","language":"vi","label":"neutral"}
{"tweetid":1263429457496465411,"ds_language":"es","language":"es","label":"neutral"}
{"tweetid":1059810660589232128,"ds_language":"es","language":"es","label":"neutral"}
{"tweetid":604305564164739072,"ds_language":"es","language":"fr","label":"neutral"}
{"tweetid":941672761956716546,"ds_language":"es","language":"vi","label":"neutral"}
{"tweetid":662298290151661569,"ds_language":"es","language":"vi","label":"neutral"}
{"tweetid":1258395604855721986,"ds_language":"es","language":"sk","label":"neutral"}
{"tweetid":1064933755171803136,"ds_language":"es","language":"ca","label":"positive"}
{"tweetid":729685059423375360,"ds_language":"es","language":"pt","label":"neutral"}
{"tweetid":1116505072517693440,"ds_language":"es","language":"es","label":"positive"}
{"tweetid":1116738623884484608,"ds_language":"es","language":"sl","label":"neutral"}
{"tweetid":1163789105672667137,"ds_language":"es","language":"es","label":"neutral"}
{"tweetid":1195398809876123648,"ds_language":"es","language":"ca","label":"neutral"}
{"tweetid":701754708491423744,"ds_language":"es","language":"es","label":"neutral"}
{"tweetid":789201118320480257,"ds_language":"es","language":"vi","label":"neutral"}
{"tweetid":1328240594381123588,"ds_language":"es","language":"fi","label":"positive"}
{"tweetid":948525189758889984,"ds_language":"es","language":"es","label":"neutral"}
{"tweetid":619934686740135937,"ds_language":"es","language":"es","label":"positive"}
{"tweetid":1194667541832093702,"ds_language":"es","language":"vi","label":"neutral"}
{"tweetid":1073203579014533121,"ds_language":"es","language":"es","label":"positive"}
{"tweetid":1046777069508734976,"ds_language":"es","language":"pt","label":"positive"}
{"tweetid":1159866253659594752,"ds_language":"es","language":"sk","label":"neutral"}
{"tweetid":1117803030672551937,"ds_language":"es","language":"sk","label":"neutral"}
{"tweetid":649224659364397057,"ds_language":"es","language":"pt","label":"neutral"}
{"tweetid":619705495587262466,"ds_language":"es","language":"pt","label":"neutral"}
{"tweetid":730404601959202816,"ds_language":"es","language":"pt","label":"neutral"}
{"tweetid":1049375462529667072,"ds_language":"es","language":"pt","label":"neutral"}
{"tweetid":1182263814378663936,"ds_language":"es","language":"sk","label":"neutral"}
{"tweetid":1191671515642826752,"ds_language":"es","language":"sk","label":"neutral"}
{"tweetid":715088987828969473,"ds_language":"es","language":"fi","label":"neutral"}
{"tweetid":1156235006785806336,"ds_language":"es","language":"id","label":"neutral"}
{"tweetid":1033140097783418880,"ds_language":"es","language":"es","label":"positive"}
{"tweetid":850347408219308032,"ds_language":"es","language":"id","label":"neutral"}
{"tweetid":996415144199708672,"ds_language":"es","language":"sk","label":"positive"}
{"tweetid":912741470309928960,"ds_language":"es","language":"sk","label":"neutral"}
{"tweetid":1023933154246238209,"ds_language":"es","language":"id","label":"neutral"}
{"tweetid":702483344043409408,"ds_language":"es","language":"es","label":"neutral"}
{"tweetid":928614774715437056,"ds_language":"es","language":"en","label":"neutral"}
{"tweetid":478033685456097280,"ds_language":"es","language":"pt","label":"neutral"}
{"tweetid":1178255050407387136,"ds_language":"es","language":"pt","label":"neutral"}
{"tweetid":862701531010826240,"ds_language":"es","language":"vi","label":"neutral"}
{"tweetid":1298204340432318469,"ds_language":"es","language":"es","label":"neutral"}
{"tweetid":1055448825991782400,"ds_language":"es","language":"es","label":"positive"}
{"tweetid":1122939551264194560,"ds_language":"es","language":"af","label":"neutral"}
{"tweetid":801167444605865984,"ds_language":"es","language":"de","label":"neutral"}
{"tweetid":1116032737419329537,"ds_language":"es","language":"es","label":"neutral"}
{"tweetid":587652614600392706,"ds_language":"es","language":"pt","label":"neutral"}
{"tweetid":1166420492506583042,"ds_language":"es","language":"es","label":"neutral"}
{"tweetid":1293236552076791808,"ds_language":"es","language":"sk","label":"neutral"}
{"tweetid":1179044337516199937,"ds_language":"es","language":"en","label":"neutral"}
{"tweetid":1333885161650446345,"ds_language":"es","language":"es","label":"neutral"}
{"tweetid":1347296968830291968,"ds_language":"es","language":"es","label":"neutral"}
{"tweetid":684066645422288898,"ds_language":"es","language":"vi","label":"neutral"}
{"tweetid":1179018516365750273,"ds_language":"es","language":"pt","label":"neutral"}
{"tweetid":897129312314429440,"ds_language":"es","language":"pt","label":"neutral"}
{"tweetid":1316272418571333639,"ds_language":"es","language":"pt","label":"neutral"}
{"tweetid":1033341221618507781,"ds_language":"es","language":"sq","label":"neutral"}
{"tweetid":1239616735751426051,"ds_language":"es","language":"es","label":"positive"}
{"tweetid":1124456101003526144,"ds_language":"es","language":"pt","label":"neutral"}
{"tweetid":993836270848823296,"ds_language":"es","language":"vi","label":"neutral"}
{"tweetid":913037991769231360,"ds_language":"es","language":"es","label":"neutral"}
{"tweetid":1175026443807547394,"ds_language":"es","language":"es","label":"positive"}
{"tweetid":386138137375682560,"ds_language":"es","language":"es","label":"neutral"}
{"tweetid":867112502701826052,"ds_language":"es","language":"so","label":"neutral"}
{"tweetid":773587905583390720,"ds_language":"es","language":"vi","label":"neutral"}
{"tweetid":1130831570477232129,"ds_language":"es","language":"es","label":"neutral"}
{"tweetid":1321345778724577280,"ds_language":"es","language":"fi","label":"neutral"}
{"tweetid":901080259096977410,"ds_language":"es","language":"pt","label":"positive"}
{"tweetid":1083680860195471360,"ds_language":"es","language":"es","label":"neutral"}
{"tweetid":1156958123753648131,"ds_language":"es","language":"en","label":"neutral"}
{"tweetid":811282214776373248,"ds_language":"es","language":"vi","label":"neutral"}
{"tweetid":1049398174123732992,"ds_language":"es","language":"es","label":"neutral"}
{"tweetid":641291755615330304,"ds_language":"es","language":"en","label":"neutral"}
{"tweetid":1044377156120449024,"ds_language":"es","language":"pt","label":"neutral"}
{"tweetid":910568634212343809,"ds_language":"es","language":"sl","label":"neutral"}
{"tweetid":941343359746134016,"ds_language":"es","language":"vi","label":"neutral"}
{"tweetid":709767213885030400,"ds_language":"es","language":"it","label":"neutral"}
{"tweetid":1253298021950984193,"ds_language":"es","language":"es","label":"positive"}
{"tweetid":1018867071944445954,"ds_language":"es","language":"es","label":"positive"}
{"tweetid":1177577492736954369,"ds_language":"es","language":"es","label":"neutral"}
{"tweetid":1082686149892755456,"ds_language":"es","language":"sk","label":"positive"}
{"tweetid":1334759201403498496,"ds_language":"es","language":"pt","label":"neutral"}
{"tweetid":856572736562282496,"ds_language":"es","language":"vi","label":"neutral"}
{"tweetid":756593728559734785,"ds_language":"es","language":"pt","label":"neutral"}
{"tweetid":1187692222692691968,"ds_language":"es","language":"es","label":"neutral"}
{"tweetid":1165618269224689666,"ds_language":"es","language":"es","label":"neutral"}
{"tweetid":1345306442774011905,"ds_language":"es","language":"id","label":"neutral"}
{"tweetid":1095797110858018819,"ds_language":"es","language":"es","label":"neutral"}
{"tweetid":1192756221054529537,"ds_language":"es","language":"sk","label":"neutral"}
{"tweetid":702141247524364288,"ds_language":"es","language":"es","label":"positive"}
{"tweetid":955403977750929408,"ds_language":"es","language":"vi","label":"neutral"}
{"tweetid":1211600530243371008,"ds_language":"es","language":"es","label":"neutral"}
{"tweetid":1068882066178220033,"ds_language":"es","language":"es","label":"neutral"}
{"tweetid":1186986646228606982,"ds_language":"es","language":"es","label":"neutral"}
{"tweetid":1116483568186691584,"ds_language":"es","language":"es","label":"neutral"}
{"tweetid":268570171000631297,"ds_language":"es","language":"es","label":"neutral"}
{"tweetid":871758294557356032,"ds_language":"es","language":"pt","label":"neutral"}
{"tweetid":1009808059999358976,"ds_language":"es","language":"hr","label":"positive"}
{"tweetid":1230816938521174016,"ds_language":"es","language":"es","label":"neutral"}
{"tweetid":1077180642071330817,"ds_language":"es","language":"es","label":"positive"}
{"tweetid":1245722036481208320,"ds_language":"es","language":"es","label":"neutral"}
{"tweetid":851856595969605635,"ds_language":"es","language":"hr","label":"neutral"}
{"tweetid":482585132373921792,"ds_language":"es","language":"es","label":"neutral"}
{"tweetid":1044337896575193088,"ds_language":"es","language":"pt","label":"neutral"}
{"tweetid":768843477069082624,"ds_language":"es","language":"es","label":"neutral"}
{"tweetid":987344865750081536,"ds_language":"es","language":"es","label":"neutral"}
{"tweetid":1181892746275106818,"ds_language":"es","language":"sk","label":"neutral"}
{"tweetid":1286736185252106242,"ds_language":"es","language":"es","label":"neutral"}
{"tweetid":633293203916083200,"ds_language":"es","language":"en","label":"neutral"}
{"tweetid":1007617622987411456,"ds_language":"es","language":"es","label":"positive"}
{"tweetid":974313737359384577,"ds_language":"es","language":"es","label":"neutral"}
{"tweetid":907231073914048512,"ds_language":"es","language":"vi","label":"neutral"}
{"tweetid":1186241421315133442,"ds_language":"es","language":"pt","label":"neutral"}
{"tweetid":1062715663364444166,"ds_language":"es","language":"es","label":"positive"}
{"tweetid":751405906399784960,"ds_language":"es","language":"en","label":"neutral"}
{"tweetid":613565781478146048,"ds_language":"es","language":"pt","label":"neutral"}
{"tweetid":1190226427851001857,"ds_language":"es","language":"es","label":"neutral"}
{"tweetid":1168581815323504640,"ds_language":"es","language":"es","label":"neutral"}
{"tweetid":862276761702334465,"ds_language":"es","language":"vi","label":"neutral"}
{"tweetid":907616244194594816,"ds_language":"es","language":"ca","label":"neutral"}
{"tweetid":958645446355890176,"ds_language":"es","language":"pt","label":"neutral"}
{"tweetid":1298372482534117376,"ds_language":"es","language":"es","label":"positive"}
{"tweetid":941639578859032577,"ds_language":"es","language":"pt","label":"neutral"}
{"tweetid":1154798663367090177,"ds_language":"es","language":"es","label":"neutral"}
{"tweetid":1166689673198100481,"ds_language":"es","language":"pt","label":"neutral"}
{"tweetid":606181937309458433,"ds_language":"es","language":"vi","label":"neutral"}
{"tweetid":1047921018009018368,"ds_language":"es","language":"es","label":"neutral"}
{"tweetid":1092913257482878977,"ds_language":"es","language":"pt","label":"positive"}
{"tweetid":1180092765163659264,"ds_language":"es","language":"es","label":"neutral"}
{"tweetid":973338856652263429,"ds_language":"es","language":"en","label":"neutral"}
{"tweetid":712903760457179136,"ds_language":"es","language":"es","label":"neutral"}
{"tweetid":767914500771151872,"ds_language":"es","language":"es","label":"neutral"}
{"tweetid":1209116826023665664,"ds_language":"es","language":"hu","label":"positive"}
{"tweetid":1170691927194374144,"ds_language":"es","language":"en","label":"positive"}
{"tweetid":843767401669951490,"ds_language":"es","language":"pt","label":"neutral"}
{"tweetid":278838806860414976,"ds_language":"es","language":"es","label":"neutral"}
{"tweetid":1167052940449898497,"ds_language":"es","language":"es","label":"neutral"}
{"tweetid":1205089770675851265,"ds_language":"es","language":"hr","label":"neutral"}
{"tweetid":733335408310951936,"ds_language":"es","language":"vi","label":"neutral"}
{"tweetid":658601105618837506,"ds_language":"es","language":"id","label":"neutral"}
{"tweetid":869998125603278850,"ds_language":"es","language":"pt","label":"neutral"}
{"tweetid":766001274751946752,"ds_language":"es","language":"pt","label":"neutral"}
{"tweetid":1089848755954876416,"ds_language":"es","language":"pt","label":"positive"}
{"tweetid":1004707026860150784,"ds_language":"es","language":"es","label":"positive"}
{"tweetid":771016360252043269,"ds_language":"es","language":"vi","label":"neutral"}
{"tweetid":1098638093366759425,"ds_language":"es","language":"es","label":"neutral"}
{"tweetid":928296651625771009,"ds_language":"es","language":"en","label":"neutral"}
{"tweetid":879767492024991744,"ds_language":"es","language":"en","label":"neutral"}
{"tweetid":1064994103342129152,"ds_language":"es","language":"so","label":"neutral"}
{"tweetid":976494609340788736,"ds_language":"es","language":"hr","label":"neutral"}
{"tweetid":1044659073080152064,"ds_language":"es","language":"es","label":"positive"}
{"tweetid":1033449541834555392,"ds_language":"es","language":"vi","label":"neutral"}
{"tweetid":1260890093067345921,"ds_language":"es","language":"ro","label":"neutral"}
{"tweetid":941359013572366336,"ds_language":"es","language":"pt","label":"neutral"}
{"tweetid":1035503401914773504,"ds_language":"es","language":"en","label":"positive"}
{"tweetid":605051326209359872,"ds_language":"es","language":"en","label":"neutral"}
{"tweetid":900446331638034432,"ds_language":"es","language":"vi","label":"neutral"}
{"tweetid":769335623396253696,"ds_language":"es","language":"vi","label":"neutral"}
{"tweetid":1149180800279154688,"ds_language":"es","language":"en","label":"positive"}
{"tweetid":662314487454781440,"ds_language":"es","language":"pt","label":"neutral"}
{"tweetid":1192500705212416000,"ds_language":"es","language":"tl","label":"neutral"}
{"tweetid":970024230896177152,"ds_language":"es","language":"sw","label":"neutral"}
{"tweetid":923178930793619457,"ds_language":"es","language":"en","label":"neutral"}
{"tweetid":768791375898968064,"ds_language":"es","language":"pt","label":"neutral"}
{"tweetid":901113117152858113,"ds_language":"es","language":"es","label":"neutral"}
{"tweetid":1185157300308365314,"ds_language":"es","language":"pt","label":"neutral"}
{"tweetid":1055088016941826048,"ds_language":"es","language":"pt","label":"positive"}
{"tweetid":1243906024500793344,"ds_language":"es","language":"sw","label":"positive"}
{"tweetid":915620666656935937,"ds_language":"es","language":"vi","label":"neutral"}
{"tweetid":1154059254791376896,"ds_language":"es","language":"es","label":"neutral"}
{"tweetid":1182261401362010114,"ds_language":"es","language":"es","label":"neutral"}
{"tweetid":1186622957046468608,"ds_language":"es","language":"ca","label":"neutral"}
{"tweetid":1236826150531469317,"ds_language":"es","language":"UNKNOWN","label":"neutral"}
{"tweetid":1154761209482289153,"ds_language":"es","language":"es","label":"neutral"}
{"tweetid":1068514334890852353,"ds_language":"es","language":"vi","label":"neutral"}
{"tweetid":1327168806364516352,"ds_language":"es","language":"es","label":"neutral"}
{"tweetid":1068499820476841984,"ds_language":"es","language":"tl","label":"negative"}
{"tweetid":1176620591060791301,"ds_language":"es","language":"es","label":"neutral"}
{"tweetid":1297933743311773697,"ds_language":"es","language":"es","label":"positive"}
{"tweetid":1333675286332903424,"ds_language":"es","language":"en","label":"neutral"}
{"tweetid":1244388498683109378,"ds_language":"es","language":"es","label":"neutral"}
{"tweetid":1298280910731845634,"ds_language":"es","language":"es","label":"neutral"}
{"tweetid":1162394478184980480,"ds_language":"es","language":"et","label":"neutral"}
{"tweetid":1186969947362283522,"ds_language":"es","language":"hr","label":"neutral"}
{"tweetid":664103345653706756,"ds_language":"es","language":"id","label":"neutral"}
{"tweetid":851858178086141956,"ds_language":"es","language":"es","label":"neutral"}
{"tweetid":970709067206361089,"ds_language":"es","language":"id","label":"neutral"}
{"tweetid":603568857555533824,"ds_language":"es","language":"so","label":"positive"}
{"tweetid":700304090694361088,"ds_language":"es","language":"pt","label":"neutral"}
{"tweetid":1304484175341330442,"ds_language":"es","language":"sk","label":"neutral"}
{"tweetid":1133718009745428481,"ds_language":"es","language":"hr","label":"neutral"}
{"tweetid":1206556018672570370,"ds_language":"es","language":"es","label":"neutral"}
{"tweetid":872472418928951296,"ds_language":"es","language":"vi","label":"neutral"}
{"tweetid":1093958102892847104,"ds_language":"es","language":"es","label":"positive"}
{"tweetid":644584944023543808,"ds_language":"es","language":"en","label":"neutral"}
{"tweetid":1316652859581255680,"ds_language":"es","language":"hr","label":"neutral"}
{"tweetid":619708022655422465,"ds_language":"es","language":"pt","label":"neutral"}
{"tweetid":869278745395421184,"ds_language":"es","language":"pt","label":"neutral"}
{"tweetid":1044377972952698880,"ds_language":"es","language":"id","label":"positive"}
{"tweetid":920341075629428737,"ds_language":"es","language":"vi","label":"neutral"}
{"tweetid":1134189354858008576,"ds_language":"es","language":"pt","label":"neutral"}
{"tweetid":1328964067181162498,"ds_language":"es","language":"pt","label":"neutral"}
{"tweetid":1196873400515547136,"ds_language":"es","language":"pt","label":"neutral"}
{"tweetid":1146106588647833600,"ds_language":"es","language":"es","label":"positive"}
{"tweetid":644905610266439680,"ds_language":"es","language":"vi","label":"neutral"}
{"tweetid":667309200146493440,"ds_language":"es","language":"pt","label":"neutral"}
{"tweetid":1064531763735744513,"ds_language":"es","language":"es","label":"positive"}
{"tweetid":711195263273197568,"ds_language":"es","language":"es","label":"neutral"}
{"tweetid":640140311327567872,"ds_language":"es","language":"vi","label":"neutral"}
{"tweetid":976432778442047488,"ds_language":"es","language":"pt","label":"neutral"}
{"tweetid":380742365062774784,"ds_language":"es","language":"id","label":"neutral"}
{"tweetid":636366288252747776,"ds_language":"es","language":"et","label":"neutral"}
{"tweetid":942811919093764096,"ds_language":"es","language":"pt","label":"neutral"}
{"tweetid":1048216425586991104,"ds_language":"es","language":"sl","label":"neutral"}
{"tweetid":907266893320515584,"ds_language":"es","language":"pt","label":"neutral"}
{"tweetid":1123323638751604736,"ds_language":"es","language":"hr","label":"neutral"}
{"tweetid":1205453867644796929,"ds_language":"es","language":"pt","label":"neutral"}
{"tweetid":759035890001846272,"ds_language":"es","language":"pt","label":"neutral"}
{"tweetid":664439608994844672,"ds_language":"es","language":"es","label":"neutral"}
{"tweetid":1081506557471399937,"ds_language":"es","language":"de","label":"neutral"}
{"tweetid":1173399150769123331,"ds_language":"es","language":"so","label":"neutral"}
{"tweetid":734819712392011776,"ds_language":"es","language":"pt","label":"neutral"}
{"tweetid":786546570829271040,"ds_language":"es","language":"pt","label":"neutral"}
{"tweetid":421428500927488000,"ds_language":"es","language":"pt","label":"neutral"}
{"tweetid":1338983369049247744,"ds_language":"es","language":"fr","label":"neutral"}
{"tweetid":829025100875837441,"ds_language":"es","language":"sk","label":"neutral"}
{"tweetid":940975887922712576,"ds_language":"es","language":"es","label":"neutral"}
{"tweetid":768152816724631552,"ds_language":"es","language":"es","label":"neutral"}
{"tweetid":1133401353085181957,"ds_language":"es","language":"es","label":"positive"}
{"tweetid":1104120324432515074,"ds_language":"es","language":"es","label":"positive"}
{"tweetid":1026549430462238720,"ds_language":"es","language":"id","label":"positive"}
{"tweetid":1336063170868232193,"ds_language":"es","language":"sl","label":"neutral"}
{"tweetid":1338919364905623554,"ds_language":"es","language":"es","label":"neutral"}
{"tweetid":951831989979623425,"ds_language":"es","language":"en","label":"neutral"}
{"tweetid":1329723026930356231,"ds_language":"es","language":"id","label":"neutral"}
{"tweetid":745277693156032512,"ds_language":"es","language":"es","label":"neutral"}
{"tweetid":885001303696474112,"ds_language":"es","language":"UNKNOWN","label":"neutral"}
{"tweetid":1126807740888883200,"ds_language":"es","language":"sk","label":"neutral"}
{"tweetid":710090634158329857,"ds_language":"es","language":"pt","label":"neutral"}
{"tweetid":662298652422119424,"ds_language":"es","language":"vi","label":"neutral"}
{"tweetid":1152250669824466944,"ds_language":"es","language":"es","label":"neutral"}
{"tweetid":1022593671030628354,"ds_language":"es","language":"tr","label":"neutral"}
{"tweetid":902510898216136705,"ds_language":"es","language":"es","label":"neutral"}
{"tweetid":635616460895854593,"ds_language":"es","language":"es","label":"neutral"}
{"tweetid":1243595468904574976,"ds_language":"es","language":"pt","label":"neutral"}
{"tweetid":1068848239695282176,"ds_language":"es","language":"es","label":"neutral"}
{"tweetid":844193254807683072,"ds_language":"es","language":"pt","label":"neutral"}
{"tweetid":1082253218858582016,"ds_language":"es","language":"hu","label":"positive"}
{"tweetid":1009854820814131201,"ds_language":"es","language":"es","label":"positive"}
{"tweetid":768530324066275328,"ds_language":"es","language":"vi","label":"neutral"}
{"tweetid":615961188749324288,"ds_language":"es","language":"hu","label":"neutral"}
{"tweetid":1092139745390542849,"ds_language":"es","language":"pt","label":"positive"}
{"tweetid":1207304044290756608,"ds_language":"es","language":"hr","label":"neutral"}
{"tweetid":1083015002943037440,"ds_language":"es","language":"es","label":"neutral"}
{"tweetid":797123844872007680,"ds_language":"es","language":"sw","label":"neutral"}
{"tweetid":664758210885197824,"ds_language":"es","language":"ca","label":"neutral"}
{"tweetid":1133784133099032576,"ds_language":"es","language":"et","label":"neutral"}
{"tweetid":933327455905091584,"ds_language":"es","language":"pt","label":"neutral"}
{"tweetid":615925942901456896,"ds_language":"es","language":"pt","label":"neutral"}
{"tweetid":1113476140948185088,"ds_language":"es","language":"fi","label":"neutral"}
{"tweetid":756443842048647168,"ds_language":"es","language":"vi","label":"neutral"}
{"tweetid":1100082303726956545,"ds_language":"es","language":"tl","label":"positive"}
{"tweetid":930062218489749504,"ds_language":"es","language":"lt","label":"neutral"}
{"tweetid":1207257187896180736,"ds_language":"es","language":"hr","label":"neutral"}
{"tweetid":768887792336113664,"ds_language":"es","language":"pt","label":"neutral"}
{"tweetid":1330568427480768512,"ds_language":"es","language":"it","label":"neutral"}
{"tweetid":1335174097882517504,"ds_language":"es","language":"id","label":"neutral"}
{"tweetid":632319269062184961,"ds_language":"es","language":"pt","label":"neutral"}
{"tweetid":785790336366850048,"ds_language":"es","language":"vi","label":"neutral"}
{"tweetid":1060579891782017024,"ds_language":"es","language":"sk","label":"neutral"}
{"tweetid":626447204622946304,"ds_language":"es","language":"pt","label":"neutral"}
{"tweetid":639471476240982016,"ds_language":"es","language":"pt","label":"neutral"}
{"tweetid":649568340508282880,"ds_language":"es","language":"pt","label":"neutral"}
{"tweetid":657687702809288704,"ds_language":"es","language":"vi","label":"neutral"}
{"tweetid":1060588602432909319,"ds_language":"es","language":"hr","label":"positive"}
{"tweetid":1050737260247863296,"ds_language":"es","language":"sk","label":"neutral"}
{"tweetid":1033381290349940736,"ds_language":"es","language":"ro","label":"positive"}
{"tweetid":921388564604178435,"ds_language":"es","language":"en","label":"neutral"}
{"tweetid":1121227669453049856,"ds_language":"es","language":"de","label":"neutral"}
{"tweetid":1058496272380903427,"ds_language":"es","language":"id","label":"neutral"}
{"tweetid":1116121179029262338,"ds_language":"es","language":"es","label":"neutral"}
{"tweetid":1171760478105812993,"ds_language":"es","language":"es","label":"neutral"}
{"tweetid":1186605787495489536,"ds_language":"es","language":"es","label":"neutral"}
{"tweetid":1249371984489783301,"ds_language":"es","language":"es","label":"neutral"}
{"tweetid":613014565815742467,"ds_language":"es","language":"pt","label":"neutral"}
{"tweetid":1047856312573464576,"ds_language":"es","language":"pt","label":"neutral"}
{"tweetid":794230080063021056,"ds_language":"es","language":"vi","label":"neutral"}
{"tweetid":1065254141453369344,"ds_language":"es","language":"sk","label":"positive"}
{"tweetid":1187354755020054528,"ds_language":"es","language":"sk","label":"positive"}
{"tweetid":1117933118588182529,"ds_language":"es","language":"pt","label":"positive"}
{"tweetid":1054741883015102465,"ds_language":"es","language":"sk","label":"positive"}
{"tweetid":1146774303431692290,"ds_language":"es","language":"hr","label":"neutral"}
{"tweetid":686635008614903809,"ds_language":"es","language":"pt","label":"neutral"}
{"tweetid":1330982549548576768,"ds_language":"es","language":"es","label":"neutral"}
{"tweetid":839097506743140354,"ds_language":"es","language":"vi","label":"neutral"}
{"tweetid":1186615996364263424,"ds_language":"es","language":"pt","label":"neutral"}
{"tweetid":686603578857930752,"ds_language":"es","language":"pt","label":"neutral"}
{"tweetid":766307888117739520,"ds_language":"es","language":"vi","label":"neutral"}
{"tweetid":979411502938587137,"ds_language":"es","language":"es","label":"neutral"}
{"tweetid":1062332013691240448,"ds_language":"es","language":"es","label":"neutral"}
{"tweetid":829302685346197504,"ds_language":"es","language":"sl","label":"neutral"}
{"tweetid":895022821142925312,"ds_language":"es","language":"sk","label":"neutral"}
{"tweetid":1197105861690351616,"ds_language":"es","language":"es","label":"positive"}
{"tweetid":1116353887311683585,"ds_language":"es","language":"es","label":"neutral"}
{"tweetid":756126642448261120,"ds_language":"es","language":"pt","label":"neutral"}
{"tweetid":1158747654001762305,"ds_language":"es","language":"es","label":"neutral"}
{"tweetid":901044918533185536,"ds_language":"es","language":"sk","label":"neutral"}
{"tweetid":1168521214538801159,"ds_language":"es","language":"es","label":"neutral"}
{"tweetid":1118219125925531648,"ds_language":"es","language":"es","label":"neutral"}
{"tweetid":687624538054639616,"ds_language":"es","language":"hr","label":"neutral"}
{"tweetid":829026844649324544,"ds_language":"es","language":"hr","label":"neutral"}
{"tweetid":1196556190236499970,"ds_language":"es","language":"UNKNOWN","label":"neutral"}
{"tweetid":762436609358737408,"ds_language":"es","language":"vi","label":"neutral"}
{"tweetid":471309031320342528,"ds_language":"es","language":"id","label":"neutral"}
{"tweetid":965940418704740353,"ds_language":"es","language":"vi","label":"neutral"}
{"tweetid":613710204870463488,"ds_language":"es","language":"sk","label":"neutral"}
{"tweetid":525836139781836800,"ds_language":"es","language":"es","label":"neutral"}
{"tweetid":1314896321728323585,"ds_language":"es","language":"es","label":"neutral"}
{"tweetid":1120798439523192833,"ds_language":"es","language":"sq","label":"negative"}
{"tweetid":1227647484824039425,"ds_language":"es","language":"es","label":"neutral"}
{"tweetid":1182622792983953409,"ds_language":"es","language":"pt","label":"neutral"}
{"tweetid":842422999907241985,"ds_language":"es","language":"vi","label":"neutral"}
{"tweetid":1164124667952672768,"ds_language":"es","language":"es","label":"neutral"}
{"tweetid":1172122100007616513,"ds_language":"es","language":"es","label":"neutral"}
{"tweetid":1229397129912778754,"ds_language":"es","language":"es","label":"neutral"}
{"tweetid":1168903457346138113,"ds_language":"es","language":"es","label":"neutral"}
{"tweetid":1071057253011243008,"ds_language":"es","language":"fr","label":"neutral"}
{"tweetid":1199338005116272643,"ds_language":"es","language":"sk","label":"neutral"}
{"tweetid":1133340815206625281,"ds_language":"es","language":"es","label":"neutral"}
{"tweetid":1161694195234615302,"ds_language":"es","language":"es","label":"neutral"}
{"tweetid":1149409571150225408,"ds_language":"es","language":"es","label":"neutral"}
{"tweetid":1194927462645477376,"ds_language":"es","language":"pt","label":"neutral"}
{"tweetid":1061975573944324096,"ds_language":"es","language":"sq","label":"neutral"}
{"tweetid":431757038910050304,"ds_language":"es","language":"vi","label":"neutral"}
{"tweetid":1063437841106157568,"ds_language":"es","language":"pt","label":"positive"}
{"tweetid":1164921347790835714,"ds_language":"es","language":"es","label":"positive"}
{"tweetid":1082695054697918465,"ds_language":"es","language":"es","label":"neutral"}
{"tweetid":761525587806674945,"ds_language":"es","language":"vi","label":"neutral"}
{"tweetid":816665224002621440,"ds_language":"es","language":"es","label":"neutral"}
{"tweetid":1232716531081019393,"ds_language":"es","language":"pt","label":"neutral"}
{"tweetid":1189933217836675073,"ds_language":"es","language":"pt","label":"neutral"}
{"tweetid":1035186689650683904,"ds_language":"es","language":"et","label":"positive"}
{"tweetid":969172439208026112,"ds_language":"es","language":"sl","label":"neutral"}
{"tweetid":793083611192983552,"ds_language":"es","language":"pt","label":"neutral"}
{"tweetid":673594007822467073,"ds_language":"es","language":"es","label":"neutral"}
{"tweetid":1244950710384549888,"ds_language":"es","language":"pt","label":"neutral"}
{"tweetid":1083995872470417409,"ds_language":"es","language":"id","label":"neutral"}
{"tweetid":1136357516890267650,"ds_language":"es","language":"tl","label":"neutral"}
{"tweetid":759151378975559680,"ds_language":"es","language":"vi","label":"neutral"}
{"tweetid":1141701254755880960,"ds_language":"es","language":"es","label":"neutral"}
{"tweetid":1163422604411187200,"ds_language":"es","language":"pt","label":"neutral"}
{"tweetid":1230906720832151553,"ds_language":"es","language":"pt","label":"neutral"}
{"tweetid":1070330105958932480,"ds_language":"es","language":"pt","label":"neutral"}
{"tweetid":688375161997889540,"ds_language":"es","language":"sl","label":"neutral"}
{"tweetid":766308358018195456,"ds_language":"es","language":"vi","label":"neutral"}
{"tweetid":344559006775390208,"ds_language":"es","language":"es","label":"neutral"}
{"tweetid":753666075074695170,"ds_language":"es","language":"vi","label":"neutral"}
{"tweetid":814422524218015744,"ds_language":"es","language":"en","label":"neutral"}
{"tweetid":1194201101668622337,"ds_language":"es","language":"es","label":"neutral"}
{"tweetid":1151529832284598273,"ds_language":"es","language":"pt","label":"neutral"}
{"tweetid":1101535786900566016,"ds_language":"es","language":"es","label":"neutral"}
{"tweetid":1244279742943068164,"ds_language":"es","language":"es","label":"neutral"}
{"tweetid":830038560380166144,"ds_language":"es","language":"pt","label":"neutral"}
{"tweetid":1232065166751207425,"ds_language":"es","language":"id","label":"neutral"}
{"tweetid":782373397036752901,"ds_language":"es","language":"ca","label":"neutral"}
{"tweetid":901044034109677570,"ds_language":"es","language":"id","label":"neutral"}
{"tweetid":1331541298847821824,"ds_language":"es","language":"lt","label":"positive"}
{"tweetid":715812327300407299,"ds_language":"es","language":"fi","label":"neutral"}
{"tweetid":1120748691944505346,"ds_language":"es","language":"es","label":"neutral"}
{"tweetid":926067791618347008,"ds_language":"es","language":"es","label":"neutral"}
{"tweetid":882680876412403712,"ds_language":"es","language":"pt","label":"neutral"}
{"tweetid":1190226415851053056,"ds_language":"es","language":"es","label":"neutral"}
{"tweetid":993852002097598464,"ds_language":"es","language":"es","label":"neutral"}
{"tweetid":758809864285990912,"ds_language":"es","language":"vi","label":"neutral"}
{"tweetid":900705024522813444,"ds_language":"es","language":"es","label":"neutral"}
{"tweetid":272493236973621248,"ds_language":"es","language":"sk","label":"neutral"}
{"tweetid":994638139275792384,"ds_language":"es","language":"es","label":"neutral"}
{"tweetid":768506275084787712,"ds_language":"es","language":"vi","label":"positive"}
{"tweetid":715448305753399296,"ds_language":"es","language":"sw","label":"neutral"}
{"tweetid":901068776388534272,"ds_language":"es","language":"pt","label":"neutral"}
{"tweetid":1329696193199427584,"ds_language":"es","language":"es","label":"neutral"}
{"tweetid":989914105694834693,"ds_language":"es","language":"hu","label":"neutral"}
