{"tweetid":994737140243292160,"ds_language":"es","language":"nl","label":"negative"}
{"tweetid":1022493319283261440,"ds_language":"es","language":"tl","label":"negative"}
{"tweetid":1188871524817821696,"ds_language":"es","language":"vi","label":"neutral"}
{"tweetid":829025100875837441,"ds_language":"es","language":"sk","label":"neutral"}
{"tweetid":1012714350677639176,"ds_language":"es","language":"pt","label":"positive"}
{"tweetid":1037363598052474885,"ds_language":"es","language":"en","label":"positive"}
{"tweetid":1035503401914773504,"ds_language":"es","language":"en","label":"positive"}
{"tweetid":1025526928374153216,"ds_language":"es","language":"es","label":"positive"}
{"tweetid":1099324564604157954,"ds_language":"es","language":"id","label":"positive"}
{"tweetid":1063206525995499522,"ds_language":"es","language":"pt","label":"neutral"}
{"tweetid":1064933755171803136,"ds_language":"es","language":"ca","label":"positive"}
{"tweetid":1296451992936747010,"ds_language":"es","language":"et","label":"positive"}
{"tweetid":1206550030364094464,"ds_language":"es","language":"hr","label":"positive"}
{"tweetid":1271413188261797888,"ds_language":"es","language":"es","label":"positive"}
{"tweetid":1089848755954876416,"ds_language":"es","language":"pt","label":"positive"}
{"tweetid":1072094699874385921,"ds_language":"es","language":"es","label":"positive"}
{"tweetid":910568634212343809,"ds_language":"es","language":"sl","label":"neutral"}
{"tweetid":1297933743311773697,"ds_language":"es","language":"es","label":"positive"}
{"tweetid":1050737260247863296,"ds_language":"es","language":"sk","label":"neutral"}
{"tweetid":1033363921208532992,"ds_language":"es","language":"es","label":"negative"}
{"tweetid":901105784611885059,"ds_language":"es","language":"pt","label":"neutral"}
{"tweetid":1205453867644796929,"ds_language":"es","language":"pt","label":"neutral"}
{"tweetid":1176209643372253186,"ds_language":"es","language":"es","label":"neutral"}
{"tweetid":782373397036752901,"ds_language":"es","language":"ca","label":"neutral"}
{"tweetid":1116048039586795521,"ds_language":"es","language":"sk","label":"neutral"}
{"tweetid":1239616735751426051,"ds_language":"es","language":"es","label":"positive"}
{"tweetid":1316272418571333639,"ds_language":"es","language":"pt","label":"neutral"}
{"tweetid":1333885161650446345,"ds_language":"es","language":"es","label":"neutral"}
{"tweetid":1200429648062164992,"ds_language":"es","language":"es","label":"negative"}
{"tweetid":1027273291952807936,"ds_language":"es","language":"fi","label":"positive"}
{"tweetid":872078044407705600,"ds_language":"es","language":"vi","label":"neutral"}
{"tweetid":942811919093764096,"ds_language":"es","language":"pt","label":"neutral"}
{"tweetid":1049663818341736450,"ds_language":"es","language":"es","label":"positive"}
{"tweetid":686480242970652672,"ds_language":"es","language":"de","label":"neutral"}
{"tweetid":641291755615330304,"ds_language":"es","language":"en","label":"neutral"}
{"tweetid":1009039583462518784,"ds_language":"es","language":"sk","label":"negative"}
{"tweetid":619709428099608576,"ds_language":"es","language":"es","label":"neutral"}
{"tweetid":1182263814378663936,"ds_language":"es","language":"sk","label":"neutral"}
{"tweetid":1189129529383673856,"ds_language":"es","language":"es","label":"neutral"}
{"tweetid":1328240594381123588,"ds_language":"es","language":"fi","label":"positive"}
{"tweetid":797466535459700736,"ds_language":"es","language":"sq","label":"neutral"}
{"tweetid":646706496831623168,"ds_language":"es","language":"pt","label":"neutral"}
{"tweetid":1109086190232309760,"ds_language":"es","language":"es","label":"positive"}
{"tweetid":1004726292992921601,"ds_language":"es","language":"id","label":"positive"}
{"tweetid":1149180800279154688,"ds_language":"es","language":"en","label":"positive"}
{"tweetid":1186241421315133442,"ds_language":"es","language":"pt","label":"neutral"}
{"tweetid":1162344198160433154,"ds_language":"es","language":"es","label":"neutral"}
{"tweetid":1062715663364444166,"ds_language":"es","language":"es","label":"positive"}
{"tweetid":1070747607666999298,"ds_language":"es","language":"sk","label":"positive"}
{"tweetid":1064531763735744513,"ds_language":"es","language":"es","label":"positive"}
{"tweetid":1174384337955016704,"ds_language":"es","language":"es","label":"positive"}
{"tweetid":1179379938887122946,"ds_language":"es","language":"es","label":"positive"}
{"tweetid":974313737359384577,"ds_language":"es","language":"es","label":"neutral"}
{"tweetid":1207257187896180736,"ds_language":"es","language":"hr","label":"neutral"}
{"tweetid":1170691927194374144,"ds_language":"es","language":"en","label":"positive"}
{"tweetid":1209080075016134656,"ds_language":"es","language":"pt","label":"positive"}
{"tweetid":1095449972248432641,"ds_language":"es","language":"es","label":"positive"}
{"tweetid":1074791346664177665,"ds_language":"es","language":"pt","label":"positive"}
{"tweetid":1210158414262919168,"ds_language":"es","language":"et","label":"positive"}
{"tweetid":1169957730016256002,"ds_language":"es","language":"pt","label":"positive"}
{"tweetid":644905858476941312,"ds_language":"es","language":"vi","label":"neutral"}
{"tweetid":975857621373775872,"ds_language":"es","language":"UNKNOWN","label":"positive"}
{"tweetid":753666075074695170,"ds_language":"es","language":"vi","label":"neutral"}
{"tweetid":702141247524364288,"ds_language":"es","language":"es","label":"positive"}
{"tweetid":616328874255851520,"ds_language":"es","language":"vi","label":"neutral"}
{"tweetid":1093275644853714946,"ds_language":"es","language":"hr","label":"positive"}
{"tweetid":644584944023543808,"ds_language":"es","language":"en","label":"neutral"}
{"tweetid":1106321607545495553,"ds_language":"es","language":"es","label":"positive"}
{"tweetid":1032003794219855872,"ds_language":"es","language":"es","label":"positive"}
{"tweetid":1276592787039956994,"ds_language":"es","language":"es","label":"positive"}
{"tweetid":1055088016941826048,"ds_language":"es","language":"pt","label":"positive"}
{"tweetid":1154059254791376896,"ds_language":"es","language":"es","label":"neutral"}
{"tweetid":1173924680132112384,"ds_language":"es","language":"es","label":"negative"}
{"tweetid":1253298021950984193,"ds_language":"es","language":"es","label":"positive"}
{"tweetid":1186241437723234304,"ds_language":"es","language":"sk","label":"neutral"}
{"tweetid":1161971148084715520,"ds_language":"es","language":"es","label":"positive"}
{"tweetid":1257405567955501062,"ds_language":"es","language":"es","label":"positive"}
{"tweetid":1049435536543440897,"ds_language":"es","language":"pt","label":"positive"}
{"tweetid":1100082303726956545,"ds_language":"es","language":"tl","label":"positive"}
{"tweetid":1091716026109255680,"ds_language":"es","language":"en","label":"neutral"}
{"tweetid":1156957838696210437,"ds_language":"es","language":"es","label":"neutral"}
{"tweetid":1210516660454674432,"ds_language":"es","language":"es","label":"positive"}
{"tweetid":1119174073555259392,"ds_language":"es","language":"es","label":"neutral"}
{"tweetid":955915734747680768,"ds_language":"es","language":"es","label":"neutral"}
{"tweetid":722392397955604480,"ds_language":"es","language":"hu","label":"neutral"}
{"tweetid":1299077648199622678,"ds_language":"es","language":"es","label":"neutral"}
{"tweetid":1026549430462238720,"ds_language":"es","language":"id","label":"positive"}
{"tweetid":1133401353085181957,"ds_language":"es","language":"es","label":"positive"}
{"tweetid":1196779871588012032,"ds_language":"es","language":"pt","label":"neutral"}
{"tweetid":1068882066178220033,"ds_language":"es","language":"es","label":"neutral"}
{"tweetid":709767213885030400,"ds_language":"es","language":"it","label":"neutral"}
{"tweetid":801167444605865984,"ds_language":"es","language":"de","label":"neutral"}
{"tweetid":1033381290349940736,"ds_language":"es","language":"ro","label":"positive"}
{"tweetid":1080446398603112449,"ds_language":"es","language":"sk","label":"positive"}
{"tweetid":1186615996364263424,"ds_language":"es","language":"pt","label":"neutral"}
{"tweetid":1189128877152620544,"ds_language":"es","language":"es","label":"positive"}
{"tweetid":966367316668747776,"ds_language":"es","language":"vi","label":"neutral"}
{"tweetid":613710204870463488,"ds_language":"es","language":"sk","label":"neutral"}
{"tweetid":1075075751064555520,"ds_language":"es","language":"es","label":"positive"}
{"tweetid":1075160025973239814,"ds_language":"es","language":"es","label":"positive"}
{"tweetid":1151881677649694722,"ds_language":"es","language":"sw","label":"neutral"}
{"tweetid":879340646443737088,"ds_language":"es","language":"pt","label":"neutral"}
{"tweetid":1243906024500793344,"ds_language":"es","language":"sw","label":"positive"}
{"tweetid":770697349278601217,"ds_language":"es","language":"vi","label":"neutral"}
{"tweetid":615726832483201024,"ds_language":"es","language":"ro","label":"neutral"}
{"tweetid":1137869866155876354,"ds_language":"es","language":"hu","label":"neutral"}
{"tweetid":1242055556774453250,"ds_language":"es","language":"tl","label":"neutral"}
{"tweetid":1005059136718024704,"ds_language":"es","language":"pt","label":"positive"}
{"tweetid":1041708346821275656,"ds_language":"es","language":"id","label":"positive"}
{"tweetid":1065613925767614465,"ds_language":"es","language":"sw","label":"positive"}
{"tweetid":1182261401362010114,"ds_language":"es","language":"es","label":"neutral"}
{"tweetid":1101535786900566016,"ds_language":"es","language":"es","label":"neutral"}
{"tweetid":1244279742943068164,"ds_language":"es","language":"es","label":"neutral"}
{"tweetid":822042759955628032,"ds_language":"es","language":"pt","label":"neutral"}
{"tweetid":1331541298847821824,"ds_language":"es","language":"lt","label":"positive"}
{"tweetid":1114211550347374593,"ds_language":"es","language":"es","label":"neutral"}
{"tweetid":1100083383768625152,"ds_language":"es","language":"es","label":"positive"}
{"tweetid":1260890093067345921,"ds_language":"es","language":"ro","label":"neutral"}
{"tweetid":955403977750929408,"ds_language":"es","language":"vi","label":"neutral"}
{"tweetid":1158445886843838465,"ds_language":"es","language":"es","label":"positive"}
{"tweetid":1049295132116365313,"ds_language":"es","language":"pt","label":"positive"}
{"tweetid":973338856652263429,"ds_language":"es","language":"en","label":"neutral"}
{"tweetid":851856595969605635,"ds_language":"es","language":"hr","label":"neutral"}
{"tweetid":1294594566268628994,"ds_language":"es","language":"es","label":"neutral"}
{"tweetid":994200311903473664,"ds_language":"es","language":"hu","label":"negative"}
{"tweetid":532791848772042752,"ds_language":"es","language":"fi","label":"positive"}
{"tweetid":1222839910392041472,"ds_language":"es","language":"pt","label":"neutral"}
{"tweetid":1182622792983953409,"ds_language":"es","language":"pt","label":"neutral"}
{"tweetid":603568857555533824,"ds_language":"es","language":"so","label":"positive"}
{"tweetid":1336063170868232193,"ds_language":"es","language":"sl","label":"neutral"}
{"tweetid":766307888117739520,"ds_language":"es","language":"vi","label":"neutral"}
{"tweetid":1263895314982895618,"ds_language":"es","language":"es","label":"neutral"}
{"tweetid":963456676249702401,"ds_language":"es","language":"en","label":"neutral"}
{"tweetid":1239902299037880320,"ds_language":"es","language":"es","label":"positive"}
{"tweetid":1207270311235854336,"ds_language":"es","language":"et","label":"neutral"}
{"tweetid":768791375898968064,"ds_language":"es","language":"pt","label":"neutral"}
{"tweetid":1008707654661918720,"ds_language":"es","language":"pt","label":"positive"}
{"tweetid":986312310791835648,"ds_language":"es","language":"sk","label":"neutral"}
{"tweetid":880079896965414915,"ds_language":"es","language":"vi","label":"neutral"}
{"tweetid":1128285610098286593,"ds_language":"es","language":"es","label":"positive"}
{"tweetid":1075489021143470080,"ds_language":"es","language":"pt","label":"neutral"}
{"tweetid":1187747587039858690,"ds_language":"es","language":"sk","label":"neutral"}
{"tweetid":733335408310951936,"ds_language":"es","language":"vi","label":"neutral"}
{"tweetid":1009435785672757248,"ds_language":"es","language":"pt","label":"positive"}
{"tweetid":933327455905091584,"ds_language":"es","language":"pt","label":"neutral"}
{"tweetid":1080842254997180417,"ds_language":"es","language":"hu","label":"positive"}
{"tweetid":851812755166425088,"ds_language":"es","language":"sq","label":"neutral"}
{"tweetid":1166420492506583042,"ds_language":"es","language":"es","label":"neutral"}
{"tweetid":1017077084294918146,"ds_language":"es","language":"es","label":"positive"}
{"tweetid":602916886741942272,"ds_language":"es","language":"sq","label":"neutral"}
{"tweetid":1197105861690351616,"ds_language":"es","language":"es","label":"positive"}
{"tweetid":1068848239695282176,"ds_language":"es","language":"es","label":"neutral"}
{"tweetid":901066401120694272,"ds_language":"es","language":"UNKNOWN","label":"positive"}
{"tweetid":755397017627680768,"ds_language":"es","language":"vi","label":"neutral"}
{"tweetid":1345306442774011905,"ds_language":"es","language":"id","label":"neutral"}
{"tweetid":1097855954979311616,"ds_language":"es","language":"es","label":"neutral"}
{"tweetid":768928672267075585,"ds_language":"es","language":"es","label":"negative"}
{"tweetid":1092139745390542849,"ds_language":"es","language":"pt","label":"positive"}
{"tweetid":1110537944291516420,"ds_language":"es","language":"id","label":"positive"}
{"tweetid":1149320952414691328,"ds_language":"es","language":"es","label":"neutral"}
{"tweetid":1082686149892755456,"ds_language":"es","language":"sk","label":"positive"}
{"tweetid":652138142472925184,"ds_language":"es","language":"en","label":"neutral"}
{"tweetid":1033140097783418880,"ds_language":"es","language":"es","label":"positive"}
{"tweetid":664439608994844672,"ds_language":"es","language":"es","label":"neutral"}
{"tweetid":1186969953733361665,"ds_language":"es","language":"es","label":"neutral"}
{"tweetid":1057332462110605313,"ds_language":"es","language":"id","label":"neutral"}
{"tweetid":961669403287965697,"ds_language":"es","language":"sk","label":"neutral"}
{"tweetid":1149409571150225408,"ds_language":"es","language":"es","label":"neutral"}
{"tweetid":989508446910386179,"ds_language":"es","language":"es","label":"positive"}
{"tweetid":1125398342819774464,"ds_language":"es","language":"sw","label":"neutral"}
{"tweetid":1072168924131852288,"ds_language":"es","language":"es","label":"positive"}
{"tweetid":1010201662559014912,"ds_language":"es","language":"es","label":"neutral"}
{"tweetid":1054741883015102465,"ds_language":"es","language":"sk","label":"positive"}
{"tweetid":1141701254755880960,"ds_language":"es","language":"es","label":"neutral"}
{"tweetid":830041260530483200,"ds_language":"es","language":"pt","label":"neutral"}
{"tweetid":1175026443807547394,"ds_language":"es","language":"es","label":"positive"}
{"tweetid":1151468018549035008,"ds_language":"es","language":"es","label":"positive"}
{"tweetid":1077180642071330817,"ds_language":"es","language":"es","label":"positive"}
{"tweetid":649568340508282880,"ds_language":"es","language":"pt","label":"neutral"}
{"tweetid":848111248705191936,"ds_language":"es","language":"vi","label":"neutral"}
{"tweetid":1082286923652235264,"ds_language":"es","language":"pt","label":"positive"}
{"tweetid":1162394478184980480,"ds_language":"es","language":"et","label":"neutral"}
{"tweetid":976821882057056256,"ds_language":"es","language":"es","label":"neutral"}
{"tweetid":895716230207725569,"ds_language":"es","language":"de","label":"neutral"}
{"tweetid":614440054145032193,"ds_language":"es","language":"de","label":"negative"}
