{"tweetid":853537289305292800,"ds_language":"lv","language":"lv","label":"positive"}
{"tweetid":814365375957606400,"ds_language":"lv","language":"lv","label":"neutral"}
{"tweetid":731246024996556800,"ds_language":"lv","language":"lv","label":"neutral"}
{"tweetid":796427638906572800,"ds_language":"lv","language":"lv","label":"neutral"}
{"tweetid":739727469004083200,"ds_language":"lv","language":"lv","label":"neutral"}
{"tweetid":527489245918003200,"ds_language":"lv","language":"lv","label":"negative"}
{"tweetid":479718389599191040,"ds_language":"lv","language":"lv","label":"positive"}
{"tweetid":614495562746982400,"ds_language":"lv","language":"lv","label":"positive"}
{"tweetid":671037721310310400,"ds_language":"lv","language":"lv","label":"negative"}
{"tweetid":401635152327372800,"ds_language":"lv","language":"et","label":"positive"}
