{"tweetid":999661075997093888,"ds_language":"mt","language":"en","label":"neutral"}
{"tweetid":997447935699939328,"ds_language":"mt","language":"en","label":"neutral"}
{"tweetid":995000945510617088,"ds_language":"mt","language":"en","label":"neutral"}
{"tweetid":993232707114151936,"ds_language":"mt","language":"en","label":"neutral"}
{"tweetid":973879663855509504,"ds_language":"mt","language":"it","label":"neutral"}
{"tweetid":938056371785945088,"ds_language":"mt","language":"en","label":"neutral"}
{"tweetid":932149201143726080,"ds_language":"mt","language":"en","label":"neutral"}
{"tweetid":929715682794713088,"ds_language":"mt","language":"ca","label":"neutral"}
{"tweetid":923999274907701248,"ds_language":"mt","language":"en","label":"positive"}
{"tweetid":917745485666045952,"ds_language":"mt","language":"en","label":"neutral"}
{"tweetid":917683057662013440,"ds_language":"mt","language":"en","label":"neutral"}
{"tweetid":917638421442711552,"ds_language":"mt","language":"en","label":"neutral"}
{"tweetid":917540923499843584,"ds_language":"mt","language":"en","label":"neutral"}
{"tweetid":917380763733118976,"ds_language":"mt","language":"da","label":"neutral"}
{"tweetid":917316324950532096,"ds_language":"mt","language":"en","label":"neutral"}
{"tweetid":917284925056913408,"ds_language":"mt","language":"da","label":"neutral"}
{"tweetid":916287752265699328,"ds_language":"mt","language":"en","label":"neutral"}
{"tweetid":915155691135959040,"ds_language":"mt","language":"pl","label":"neutral"}
{"tweetid":938399660233973760,"ds_language":"mt","language":"en","label":"positive"}
{"tweetid":923085547739992064,"ds_language":"mt","language":"fi","label":"neutral"}
{"tweetid":917436389645537280,"ds_language":"mt","language":"en","label":"positive"}
{"tweetid":917436272926437376,"ds_language":"mt","language":"en","label":"positive"}
{"tweetid":922832826973777920,"ds_language":"mt","language":"en","label":"positive"}
{"tweetid":922828637396758528,"ds_language":"mt","language":"en","label":"neutral"}
{"tweetid":922765328618262528,"ds_language":"mt","language":"en","label":"positive"}
{"tweetid":922730151791775744,"ds_language":"mt","language":"en","label":"positive"}
{"tweetid":922722396167077888,"ds_language":"mt","language":"en","label":"positive"}
{"tweetid":922721165596155904,"ds_language":"mt","language":"en","label":"positive"}
{"tweetid":922542684413349888,"ds_language":"mt","language":"en","label":"positive"}
{"tweetid":922539968001699840,"ds_language":"mt","language":"en","label":"positive"}
{"tweetid":922539110396518400,"ds_language":"mt","language":"en","label":"positive"}
{"tweetid":922537789178175488,"ds_language":"mt","language":"en","label":"positive"}
{"tweetid":922508452181798912,"ds_language":"mt","language":"en","label":"neutral"}
{"tweetid":918414728526999552,"ds_language":"mt","language":"en","label":"neutral"}
{"tweetid":917691387272933376,"ds_language":"mt","language":"en","label":"neutral"}
{"tweetid":917637228041469952,"ds_language":"mt","language":"en","label":"neutral"}
{"tweetid":917459059745476608,"ds_language":"mt","language":"et","label":"neutral"}
{"tweetid":917451405560074240,"ds_language":"mt","language":"en","label":"positive"}
{"tweetid":914056868204568576,"ds_language":"mt","language":"en","label":"positive"}
{"tweetid":922838567990317056,"ds_language":"mt","language":"hr","label":"neutral"}
{"tweetid":922838399970627584,"ds_language":"mt","language":"hr","label":"positive"}
{"tweetid":922837894754160640,"ds_language":"mt","language":"hr","label":"neutral"}
{"tweetid":922837770829254656,"ds_language":"mt","language":"en","label":"neutral"}
{"tweetid":922837424874680320,"ds_language":"mt","language":"hr","label":"neutral"}
{"tweetid":922836933428043776,"ds_language":"mt","language":"hr","label":"neutral"}
{"tweetid":922835627703439360,"ds_language":"mt","language":"ca","label":"neutral"}
{"tweetid":922835444500398080,"ds_language":"mt","language":"hr","label":"neutral"}
{"tweetid":922834269143257088,"ds_language":"mt","language":"hr","label":"neutral"}
{"tweetid":922833364129853440,"ds_language":"mt","language":"hr","label":"neutral"}
{"tweetid":922832082790993920,"ds_language":"mt","language":"hr","label":"neutral"}
{"tweetid":922830844137492480,"ds_language":"mt","language":"en","label":"neutral"}
{"tweetid":922508998913527808,"ds_language":"mt","language":"id","label":"positive"}
{"tweetid":922453261105459200,"ds_language":"mt","language":"et","label":"positive"}
{"tweetid":922437567391428608,"ds_language":"mt","language":"ca","label":"positive"}
{"tweetid":921065943203229696,"ds_language":"mt","language":"en","label":"positive"}
{"tweetid":920633672507756544,"ds_language":"mt","language":"id","label":"positive"}
{"tweetid":919918152754040832,"ds_language":"mt","language":"en","label":"positive"}
{"tweetid":919871104214360064,"ds_language":"mt","language":"it","label":"neutral"}
{"tweetid":917455949090181120,"ds_language":"mt","language":"pt","label":"positive"}
{"tweetid":917455928995319808,"ds_language":"mt","language":"it","label":"positive"}
{"tweetid":917455899672891392,"ds_language":"mt","language":"en","label":"positive"}
{"tweetid":917455698241507328,"ds_language":"mt","language":"en","label":"positive"}
{"tweetid":917455233114046464,"ds_language":"mt","language":"it","label":"positive"}
{"tweetid":917454620477313024,"ds_language":"mt","language":"en","label":"positive"}
{"tweetid":917454243715604480,"ds_language":"mt","language":"fi","label":"negative"}
{"tweetid":917453710833455104,"ds_language":"mt","language":"en","label":"positive"}
{"tweetid":917453476950618112,"ds_language":"mt","language":"en","label":"positive"}
{"tweetid":917453361099825152,"ds_language":"mt","language":"en","label":"positive"}
{"tweetid":917453334675632128,"ds_language":"mt","language":"en","label":"positive"}
{"tweetid":917453019809185792,"ds_language":"mt","language":"da","label":"neutral"}
{"tweetid":917453013651947520,"ds_language":"mt","language":"af","label":"positive"}
{"tweetid":917452647938121728,"ds_language":"mt","language":"af","label":"positive"}
{"tweetid":917452594238369792,"ds_language":"mt","language":"da","label":"positive"}
{"tweetid":917451928644317184,"ds_language":"mt","language":"hr","label":"positive"}
{"tweetid":917451814987091968,"ds_language":"mt","language":"it","label":"positive"}
{"tweetid":917451356138504192,"ds_language":"mt","language":"da","label":"positive"}
{"tweetid":917450559497527296,"ds_language":"mt","language":"so","label":"positive"}
{"tweetid":917450530779205632,"ds_language":"mt","language":"cy","label":"positive"}
{"tweetid":917450335702212608,"ds_language":"mt","language":"sv","label":"neutral"}
{"tweetid":917450306849566720,"ds_language":"mt","language":"no","label":"positive"}
{"tweetid":917449711069618176,"ds_language":"mt","language":"da","label":"neutral"}
{"tweetid":917449214044631040,"ds_language":"mt","language":"en","label":"positive"}
{"tweetid":917449110608908288,"ds_language":"mt","language":"et","label":"positive"}
{"tweetid":917449093156425728,"ds_language":"mt","language":"en","label":"positive"}
{"tweetid":917449069857042432,"ds_language":"mt","language":"en","label":"positive"}
{"tweetid":917448916207046656,"ds_language":"mt","language":"cy","label":"positive"}
{"tweetid":917448878458376192,"ds_language":"mt","language":"af","label":"negative"}
{"tweetid":917448637348708352,"ds_language":"mt","language":"da","label":"neutral"}
{"tweetid":917448343831367680,"ds_language":"mt","language":"et","label":"positive"}
{"tweetid":917447073158565888,"ds_language":"mt","language":"en","label":"positive"}
{"tweetid":917446994196615168,"ds_language":"mt","language":"et","label":"positive"}
{"tweetid":917446949330178048,"ds_language":"mt","language":"sv","label":"neutral"}
{"tweetid":917446945278451712,"ds_language":"mt","language":"sw","label":"positive"}
{"tweetid":917446884637241344,"ds_language":"mt","language":"cy","label":"neutral"}
{"tweetid":917446714700779520,"ds_language":"mt","language":"da","label":"neutral"}
{"tweetid":917446639987712000,"ds_language":"mt","language":"da","label":"neutral"}
{"tweetid":917446510010347520,"ds_language":"mt","language":"pt","label":"neutral"}
{"tweetid":917446429542580224,"ds_language":"mt","language":"cy","label":"positive"}
{"tweetid":917446397154222080,"ds_language":"mt","language":"cy","label":"neutral"}
{"tweetid":917446380666408960,"ds_language":"mt","language":"cy","label":"positive"}
{"tweetid":917446222138564608,"ds_language":"mt","language":"it","label":"positive"}
{"tweetid":917445717094027264,"ds_language":"mt","language":"et","label":"positive"}
{"tweetid":917445687138308096,"ds_language":"mt","language":"en","label":"positive"}
{"tweetid":917445630011822080,"ds_language":"mt","language":"da","label":"neutral"}
{"tweetid":917445626983518208,"ds_language":"mt","language":"da","label":"positive"}
{"tweetid":917445471286759424,"ds_language":"mt","language":"en","label":"positive"}
{"tweetid":917445454434066432,"ds_language":"mt","language":"en","label":"positive"}
{"tweetid":919545512436658176,"ds_language":"mt","language":"en","label":"neutral"}
{"tweetid":919201136485154816,"ds_language":"mt","language":"en","label":"positive"}
{"tweetid":918868964255469568,"ds_language":"mt","language":"en","label":"positive"}
{"tweetid":918448700833304576,"ds_language":"mt","language":"et","label":"negative"}
{"tweetid":917445095405826048,"ds_language":"mt","language":"da","label":"positive"}
{"tweetid":917445083699564544,"ds_language":"mt","language":"hr","label":"positive"}
{"tweetid":917444828975321088,"ds_language":"mt","language":"et","label":"positive"}
{"tweetid":917444656891297792,"ds_language":"mt","language":"so","label":"positive"}
{"tweetid":917444346714247168,"ds_language":"mt","language":"hr","label":"positive"}
{"tweetid":917444343597817856,"ds_language":"mt","language":"it","label":"positive"}
{"tweetid":917444235074424832,"ds_language":"mt","language":"it","label":"positive"}
{"tweetid":917444198529486848,"ds_language":"mt","language":"da","label":"neutral"}
{"tweetid":917443997018226688,"ds_language":"mt","language":"et","label":"positive"}
{"tweetid":917443715941175296,"ds_language":"mt","language":"sv","label":"positive"}
{"tweetid":917443220690341888,"ds_language":"mt","language":"it","label":"positive"}
{"tweetid":917442680417849344,"ds_language":"mt","language":"en","label":"positive"}
{"tweetid":917442297410805760,"ds_language":"mt","language":"en","label":"positive"}
{"tweetid":917442086466736128,"ds_language":"mt","language":"en","label":"positive"}
{"tweetid":917441836410724352,"ds_language":"mt","language":"ca","label":"positive"}
{"tweetid":917441678759297024,"ds_language":"mt","language":"hr","label":"negative"}
{"tweetid":917441401645883392,"ds_language":"mt","language":"de","label":"positive"}
{"tweetid":917441290165538816,"ds_language":"mt","language":"en","label":"positive"}
{"tweetid":917441134074515456,"ds_language":"mt","language":"da","label":"positive"}
{"tweetid":917440958639300608,"ds_language":"mt","language":"da","label":"positive"}
{"tweetid":917440428655378432,"ds_language":"mt","language":"da","label":"positive"}
{"tweetid":917440231611228160,"ds_language":"mt","language":"lt","label":"neutral"}
{"tweetid":917439994637307904,"ds_language":"mt","language":"en","label":"negative"}
{"tweetid":917439934792916992,"ds_language":"mt","language":"ca","label":"neutral"}
{"tweetid":917439510803296256,"ds_language":"mt","language":"id","label":"positive"}
{"tweetid":917439486413496320,"ds_language":"mt","language":"en","label":"positive"}
{"tweetid":917439407539486720,"ds_language":"mt","language":"hr","label":"positive"}
{"tweetid":917439393450921984,"ds_language":"mt","language":"en","label":"positive"}
{"tweetid":917438956106670080,"ds_language":"mt","language":"et","label":"neutral"}
{"tweetid":917438925978984448,"ds_language":"mt","language":"et","label":"positive"}
{"tweetid":917438654997508096,"ds_language":"mt","language":"da","label":"positive"}
{"tweetid":917438035834343424,"ds_language":"mt","language":"en","label":"positive"}
{"tweetid":917437439886741504,"ds_language":"mt","language":"ca","label":"positive"}
{"tweetid":917437293203546112,"ds_language":"mt","language":"en","label":"positive"}
{"tweetid":917437236613996544,"ds_language":"mt","language":"en","label":"positive"}
{"tweetid":917437152400756736,"ds_language":"mt","language":"sq","label":"negative"}
{"tweetid":917437119404167168,"ds_language":"mt","language":"sq","label":"positive"}
{"tweetid":917436985010253824,"ds_language":"mt","language":"en","label":"positive"}
{"tweetid":917436708932804608,"ds_language":"mt","language":"en","label":"positive"}
{"tweetid":917436514421878784,"ds_language":"mt","language":"en","label":"positive"}
{"tweetid":917436314609422336,"ds_language":"mt","language":"da","label":"neutral"}
{"tweetid":917436066780590080,"ds_language":"mt","language":"et","label":"positive"}
{"tweetid":917435988145778688,"ds_language":"mt","language":"da","label":"positive"}
{"tweetid":917435458329726976,"ds_language":"mt","language":"da","label":"neutral"}
{"tweetid":917435291106979840,"ds_language":"mt","language":"da","label":"neutral"}
{"tweetid":917434871227797504,"ds_language":"mt","language":"et","label":"positive"}
{"tweetid":917434810783723520,"ds_language":"mt","language":"sq","label":"positive"}
{"tweetid":917434714700513280,"ds_language":"mt","language":"it","label":"positive"}
{"tweetid":917434641749069824,"ds_language":"mt","language":"en","label":"positive"}
{"tweetid":917434257504702464,"ds_language":"mt","language":"fi","label":"positive"}
{"tweetid":917434234771525632,"ds_language":"mt","language":"da","label":"positive"}
{"tweetid":917434226257154048,"ds_language":"mt","language":"en","label":"neutral"}
{"tweetid":917433833003372544,"ds_language":"mt","language":"da","label":"neutral"}
{"tweetid":917769595993382912,"ds_language":"mt","language":"ca","label":"neutral"}
{"tweetid":917688877439246336,"ds_language":"mt","language":"tr","label":"neutral"}
{"tweetid":917687535622606848,"ds_language":"mt","language":"en","label":"positive"}
{"tweetid":917672524347072512,"ds_language":"mt","language":"en","label":"positive"}
{"tweetid":917664733494472704,"ds_language":"mt","language":"sv","label":"neutral"}
{"tweetid":917433357029531648,"ds_language":"mt","language":"da","label":"positive"}
{"tweetid":917433212200214528,"ds_language":"mt","language":"da","label":"positive"}
{"tweetid":917432851431411712,"ds_language":"mt","language":"it","label":"positive"}
{"tweetid":917431078364868608,"ds_language":"mt","language":"et","label":"positive"}
{"tweetid":917430566693359616,"ds_language":"mt","language":"et","label":"positive"}
{"tweetid":917430171879247872,"ds_language":"mt","language":"en","label":"positive"}
{"tweetid":917429415973457920,"ds_language":"mt","language":"ca","label":"positive"}
{"tweetid":917427047072444416,"ds_language":"mt","language":"af","label":"positive"}
{"tweetid":917426978235604992,"ds_language":"mt","language":"en","label":"positive"}
{"tweetid":917426891346337792,"ds_language":"mt","language":"en","label":"positive"}
{"tweetid":917412216223047680,"ds_language":"mt","language":"en","label":"positive"}
{"tweetid":917408567065538560,"ds_language":"mt","language":"en","label":"positive"}
{"tweetid":917404915403718656,"ds_language":"mt","language":"de","label":"positive"}
{"tweetid":917401776596406272,"ds_language":"mt","language":"en","label":"positive"}
{"tweetid":917400007292194816,"ds_language":"mt","language":"et","label":"positive"}
{"tweetid":917398079258746880,"ds_language":"mt","language":"et","label":"positive"}
{"tweetid":917397593575043072,"ds_language":"mt","language":"sl","label":"positive"}
{"tweetid":917377572266303488,"ds_language":"mt","language":"en","label":"positive"}
{"tweetid":917277806920429568,"ds_language":"mt","language":"id","label":"positive"}
{"tweetid":917040764391231488,"ds_language":"mt","language":"et","label":"neutral"}
{"tweetid":916954733226708992,"ds_language":"mt","language":"da","label":"neutral"}
{"tweetid":916951789899010048,"ds_language":"mt","language":"en","label":"neutral"}
{"tweetid":913776000793825280,"ds_language":"mt","language":"en","label":"positive"}
{"tweetid":917663411743412224,"ds_language":"mt","language":"ca","label":"neutral"}
{"tweetid":917653944654090240,"ds_language":"mt","language":"en","label":"positive"}
{"tweetid":917653527828291584,"ds_language":"mt","language":"en","label":"positive"}
{"tweetid":917652970333982720,"ds_language":"mt","language":"it","label":"positive"}
{"tweetid":917646814546980864,"ds_language":"mt","language":"da","label":"positive"}
{"tweetid":917641300161253376,"ds_language":"mt","language":"en","label":"positive"}
{"tweetid":917640716481978368,"ds_language":"mt","language":"en","label":"positive"}
{"tweetid":917630797716131840,"ds_language":"mt","language":"en","label":"positive"}
{"tweetid":917630787012329472,"ds_language":"mt","language":"en","label":"positive"}
{"tweetid":917623286036664320,"ds_language":"mt","language":"ca","label":"positive"}
{"tweetid":917616288326963200,"ds_language":"mt","language":"et","label":"negative"}
{"tweetid":917578442245328896,"ds_language":"mt","language":"en","label":"neutral"}
{"tweetid":917577649719070720,"ds_language":"mt","language":"en","label":"neutral"}
{"tweetid":917498592096595968,"ds_language":"mt","language":"da","label":"positive"}
{"tweetid":917494040559579136,"ds_language":"mt","language":"hr","label":"positive"}
{"tweetid":917493633678536704,"ds_language":"mt","language":"it","label":"positive"}
{"tweetid":917471043551363072,"ds_language":"mt","language":"es","label":"positive"}
{"tweetid":917470418751164416,"ds_language":"mt","language":"en","label":"positive"}
{"tweetid":917466880486539264,"ds_language":"mt","language":"en","label":"neutral"}
{"tweetid":917466240125464576,"ds_language":"mt","language":"da","label":"positive"}
{"tweetid":917464140758822912,"ds_language":"mt","language":"en","label":"neutral"}
{"tweetid":917463937377099776,"ds_language":"mt","language":"et","label":"positive"}
{"tweetid":917461970516922368,"ds_language":"mt","language":"ro","label":"neutral"}
{"tweetid":917457379616264192,"ds_language":"mt","language":"lv","label":"neutral"}
{"tweetid":917456866569048064,"ds_language":"mt","language":"en","label":"positive"}
{"tweetid":917456254074867712,"ds_language":"mt","language":"et","label":"positive"}
{"tweetid":917456135187296256,"ds_language":"mt","language":"et","label":"positive"}
