{"tweetid":1053759613265498112,"ds_language":"mt","language":"en","label":"negative"}
{"tweetid":1053347587443564544,"ds_language":"mt","language":"en","label":"neutral"}
{"tweetid":1053231521555996672,"ds_language":"mt","language":"en","label":"neutral"}
{"tweetid":1053215855553716224,"ds_language":"mt","language":"es","label":"neutral"}
{"tweetid":1030136112130342912,"ds_language":"mt","language":"en","label":"neutral"}
{"tweetid":1052644071666319360,"ds_language":"mt","language":"en","label":"positive"}
{"tweetid":1052260205814136832,"ds_language":"mt","language":"en","label":"positive"}
{"tweetid":1054491848612421632,"ds_language":"mt","language":"en","label":"neutral"}
{"tweetid":1054487831387660288,"ds_language":"mt","language":"en","label":"negative"}
{"tweetid":1054467069469691904,"ds_language":"mt","language":"da","label":"positive"}
{"tweetid":1054455502481092608,"ds_language":"mt","language":"da","label":"positive"}
{"tweetid":1054453889053925376,"ds_language":"mt","language":"en","label":"positive"}
{"tweetid":1054445638685999104,"ds_language":"mt","language":"tl","label":"positive"}
{"tweetid":1054445500248875008,"ds_language":"mt","language":"en","label":"neutral"}
{"tweetid":1054445366152650752,"ds_language":"mt","language":"en","label":"positive"}
{"tweetid":1054445357868900352,"ds_language":"mt","language":"en","label":"positive"}
{"tweetid":1054433997156216832,"ds_language":"mt","language":"vi","label":"neutral"}
{"tweetid":1054424244187291648,"ds_language":"mt","language":"vi","label":"positive"}
{"tweetid":1054419042491097088,"ds_language":"mt","language":"en","label":"positive"}
{"tweetid":1054418800920141824,"ds_language":"mt","language":"vi","label":"positive"}
{"tweetid":1054416207091253248,"ds_language":"mt","language":"en","label":"neutral"}
{"tweetid":1054415697680498688,"ds_language":"mt","language":"vi","label":"positive"}
{"tweetid":1054336562153115648,"ds_language":"mt","language":"de","label":"neutral"}
{"tweetid":1054234814793089024,"ds_language":"mt","language":"en","label":"neutral"}
{"tweetid":1054782361131466752,"ds_language":"mt","language":"en","label":"positive"}
{"tweetid":1054766685603938304,"ds_language":"mt","language":"en","label":"neutral"}
{"tweetid":1054738031637344256,"ds_language":"mt","language":"en","label":"neutral"}
{"tweetid":1054703010960629760,"ds_language":"mt","language":"en","label":"neutral"}
{"tweetid":1054675222929047552,"ds_language":"mt","language":"en","label":"neutral"}
{"tweetid":1054666299056549888,"ds_language":"mt","language":"de","label":"positive"}
{"tweetid":1054606135293067264,"ds_language":"mt","language":"de","label":"positive"}
{"tweetid":1054604469089038336,"ds_language":"mt","language":"en","label":"positive"}
{"tweetid":1054577611395993600,"ds_language":"mt","language":"en","label":"neutral"}
{"tweetid":1054530502424739840,"ds_language":"mt","language":"en","label":"neutral"}
{"tweetid":1054262022257496064,"ds_language":"mt","language":"en","label":"neutral"}
{"tweetid":1054621803166007296,"ds_language":"mt","language":"da","label":"neutral"}
{"tweetid":1054349044087177216,"ds_language":"mt","language":"da","label":"neutral"}
{"tweetid":1054644732649975808,"ds_language":"mt","language":"en","label":"positive"}
{"tweetid":1054472432118046720,"ds_language":"mt","language":"en","label":"negative"}
{"tweetid":1054465551790194688,"ds_language":"mt","language":"en","label":"positive"}
{"tweetid":1054462797046824960,"ds_language":"mt","language":"en","label":"neutral"}
{"tweetid":1054461076249686016,"ds_language":"mt","language":"en","label":"negative"}
{"tweetid":1054450213736378368,"ds_language":"mt","language":"en","label":"neutral"}
{"tweetid":1054446653304983552,"ds_language":"mt","language":"fi","label":"neutral"}
{"tweetid":1054446521217941504,"ds_language":"mt","language":"en","label":"neutral"}
{"tweetid":1054441177720721408,"ds_language":"mt","language":"it","label":"neutral"}
{"tweetid":1054441143474249728,"ds_language":"mt","language":"da","label":"neutral"}
{"tweetid":1054441122968281088,"ds_language":"mt","language":"et","label":"neutral"}
{"tweetid":1054438644461850624,"ds_language":"mt","language":"hr","label":"positive"}
{"tweetid":1054434036364570624,"ds_language":"mt","language":"en","label":"neutral"}
{"tweetid":1054418864031911936,"ds_language":"mt","language":"en","label":"positive"}
{"tweetid":1054414898065747968,"ds_language":"mt","language":"en","label":"positive"}
{"tweetid":1054387023111446528,"ds_language":"mt","language":"en","label":"neutral"}
{"tweetid":1054678139559927808,"ds_language":"mt","language":"en","label":"neutral"}
{"tweetid":1054553149543997440,"ds_language":"mt","language":"en","label":"neutral"}
{"tweetid":1054504094159790080,"ds_language":"mt","language":"en","label":"positive"}
{"tweetid":1054485728158199808,"ds_language":"mt","language":"et","label":"negative"}
{"tweetid":1054483234287947776,"ds_language":"mt","language":"en","label":"positive"}
{"tweetid":1054479623025840128,"ds_language":"mt","language":"en","label":"positive"}
{"tweetid":1054472069423996928,"ds_language":"mt","language":"en","label":"positive"}
{"tweetid":1054470770439737344,"ds_language":"mt","language":"es","label":"positive"}
{"tweetid":1054467284004192256,"ds_language":"mt","language":"it","label":"positive"}
{"tweetid":1054428748001501184,"ds_language":"mt","language":"en","label":"positive"}
{"tweetid":1054427750243725312,"ds_language":"mt","language":"nl","label":"neutral"}
{"tweetid":1054427518395170816,"ds_language":"mt","language":"da","label":"neutral"}
{"tweetid":1054427387419602944,"ds_language":"mt","language":"da","label":"neutral"}
{"tweetid":1054427250660175872,"ds_language":"mt","language":"da","label":"neutral"}
{"tweetid":1054427046049468416,"ds_language":"mt","language":"en","label":"positive"}
{"tweetid":1054425767789150208,"ds_language":"mt","language":"en","label":"positive"}
{"tweetid":1054424750246821888,"ds_language":"mt","language":"en","label":"positive"}
{"tweetid":1054424711558520832,"ds_language":"mt","language":"en","label":"positive"}
{"tweetid":1054424112465100800,"ds_language":"mt","language":"en","label":"positive"}
{"tweetid":1054423153202659328,"ds_language":"mt","language":"da","label":"neutral"}
{"tweetid":1054423133220945920,"ds_language":"mt","language":"da","label":"neutral"}
{"tweetid":1054423090103500800,"ds_language":"mt","language":"da","label":"neutral"}
{"tweetid":1054422841712693248,"ds_language":"mt","language":"it","label":"positive"}
{"tweetid":1054422832128671744,"ds_language":"mt","language":"it","label":"positive"}
{"tweetid":1054422766118690816,"ds_language":"mt","language":"da","label":"neutral"}
{"tweetid":1054422634887290880,"ds_language":"mt","language":"en","label":"positive"}
{"tweetid":1054422532332363776,"ds_language":"mt","language":"id","label":"positive"}
{"tweetid":1054422421426630656,"ds_language":"mt","language":"en","label":"positive"}
{"tweetid":1054422113514336256,"ds_language":"mt","language":"it","label":"positive"}
{"tweetid":1054422044300005376,"ds_language":"mt","language":"da","label":"neutral"}
{"tweetid":1054422006278643712,"ds_language":"mt","language":"ca","label":"positive"}
{"tweetid":1054421993750183936,"ds_language":"mt","language":"it","label":"positive"}
{"tweetid":1054421634570952704,"ds_language":"mt","language":"en","label":"positive"}
{"tweetid":1054421423622705152,"ds_language":"mt","language":"da","label":"neutral"}
{"tweetid":1054420595709018112,"ds_language":"mt","language":"en","label":"positive"}
{"tweetid":1054420486178914304,"ds_language":"mt","language":"it","label":"positive"}
{"tweetid":1054419977762168832,"ds_language":"mt","language":"en","label":"positive"}
{"tweetid":1054419777584877568,"ds_language":"mt","language":"da","label":"neutral"}
{"tweetid":1054419708437504000,"ds_language":"mt","language":"da","label":"neutral"}
{"tweetid":1054419665307492352,"ds_language":"mt","language":"da","label":"neutral"}
{"tweetid":1054419254768996352,"ds_language":"mt","language":"et","label":"positive"}
{"tweetid":1054418700466601984,"ds_language":"mt","language":"en","label":"positive"}
{"tweetid":1054418053910405120,"ds_language":"mt","language":"nl","label":"neutral"}
{"tweetid":1054417979155324928,"ds_language":"mt","language":"da","label":"neutral"}
{"tweetid":1054417809424420864,"ds_language":"mt","language":"sl","label":"positive"}
{"tweetid":1054417435942641664,"ds_language":"mt","language":"cy","label":"positive"}
{"tweetid":1054417410164514816,"ds_language":"mt","language":"da","label":"neutral"}
{"tweetid":1054417211107037184,"ds_language":"mt","language":"da","label":"neutral"}
{"tweetid":1054417176088772608,"ds_language":"mt","language":"da","label":"neutral"}
{"tweetid":1054416703227092992,"ds_language":"mt","language":"en","label":"positive"}
{"tweetid":1054416636114071552,"ds_language":"mt","language":"da","label":"neutral"}
{"tweetid":1054416069799174144,"ds_language":"mt","language":"en","label":"positive"}
{"tweetid":1054415976236806144,"ds_language":"mt","language":"en","label":"positive"}
{"tweetid":1054415805562130432,"ds_language":"mt","language":"en","label":"positive"}
{"tweetid":1054453008111677440,"ds_language":"mt","language":"fi","label":"positive"}
{"tweetid":1054451984026296320,"ds_language":"mt","language":"en","label":"positive"}
{"tweetid":1054414393293922304,"ds_language":"mt","language":"en","label":"positive"}
{"tweetid":1054414216021590016,"ds_language":"mt","language":"et","label":"positive"}
{"tweetid":1054404393028726784,"ds_language":"mt","language":"en","label":"positive"}
{"tweetid":1054402982408785920,"ds_language":"mt","language":"ca","label":"positive"}
{"tweetid":1054402958899769344,"ds_language":"mt","language":"en","label":"neutral"}
{"tweetid":1054375225318690816,"ds_language":"mt","language":"en","label":"neutral"}
{"tweetid":1054444754056953856,"ds_language":"mt","language":"en","label":"positive"}
{"tweetid":1054444284680851456,"ds_language":"mt","language":"en","label":"positive"}
{"tweetid":1054443986176360448,"ds_language":"mt","language":"en","label":"positive"}
{"tweetid":1054443028289671168,"ds_language":"mt","language":"en","label":"positive"}
{"tweetid":1054442785133260800,"ds_language":"mt","language":"no","label":"positive"}
{"tweetid":1054442385931988992,"ds_language":"mt","language":"en","label":"positive"}
{"tweetid":1054441306322358272,"ds_language":"mt","language":"en","label":"positive"}
{"tweetid":1054441287120760832,"ds_language":"mt","language":"da","label":"neutral"}
{"tweetid":1054441043314307072,"ds_language":"mt","language":"en","label":"neutral"}
{"tweetid":1054440852519444480,"ds_language":"mt","language":"en","label":"positive"}
{"tweetid":1054440765030629376,"ds_language":"mt","language":"en","label":"positive"}
{"tweetid":1054440310577790976,"ds_language":"mt","language":"da","label":"neutral"}
{"tweetid":1054439650960556032,"ds_language":"mt","language":"da","label":"neutral"}
{"tweetid":1054439405333766144,"ds_language":"mt","language":"da","label":"neutral"}
{"tweetid":1054439022796382208,"ds_language":"mt","language":"en","label":"positive"}
{"tweetid":1054436650590322688,"ds_language":"mt","language":"da","label":"neutral"}
{"tweetid":1054436104059936768,"ds_language":"mt","language":"en","label":"positive"}
{"tweetid":1054435976876036096,"ds_language":"mt","language":"en","label":"positive"}
{"tweetid":1054435738245316608,"ds_language":"mt","language":"ca","label":"positive"}
{"tweetid":1054435560662728704,"ds_language":"mt","language":"en","label":"positive"}
{"tweetid":1054435077592150016,"ds_language":"mt","language":"da","label":"neutral"}
{"tweetid":1054434768786464768,"ds_language":"mt","language":"ca","label":"positive"}
{"tweetid":1054434545133633536,"ds_language":"mt","language":"sv","label":"positive"}
{"tweetid":1054434329173078016,"ds_language":"mt","language":"tr","label":"neutral"}
{"tweetid":1054433740179623936,"ds_language":"mt","language":"da","label":"neutral"}
{"tweetid":1054433643454717952,"ds_language":"mt","language":"sv","label":"positive"}
{"tweetid":1054433523925508096,"ds_language":"mt","language":"en","label":"positive"}
{"tweetid":1054433501418790912,"ds_language":"mt","language":"sl","label":"positive"}
{"tweetid":1054433267527630848,"ds_language":"mt","language":"so","label":"positive"}
{"tweetid":1054433198543986688,"ds_language":"mt","language":"da","label":"neutral"}
{"tweetid":1054433021305217024,"ds_language":"mt","language":"hr","label":"positive"}
{"tweetid":1054432602608812032,"ds_language":"mt","language":"en","label":"positive"}
{"tweetid":1054431427595563008,"ds_language":"mt","language":"en","label":"positive"}
{"tweetid":1054430190204534784,"ds_language":"mt","language":"nl","label":"neutral"}
{"tweetid":1054430141647151104,"ds_language":"mt","language":"nl","label":"neutral"}
{"tweetid":1054428891903868928,"ds_language":"mt","language":"da","label":"neutral"}
{"tweetid":1054846583005700096,"ds_language":"mt","language":"ca","label":"neutral"}
{"tweetid":1054803354784882688,"ds_language":"mt","language":"en","label":"positive"}
{"tweetid":1054791609890598912,"ds_language":"mt","language":"en","label":"neutral"}
{"tweetid":1054787283109511168,"ds_language":"mt","language":"da","label":"neutral"}
{"tweetid":1054732103135490048,"ds_language":"mt","language":"sl","label":"positive"}
{"tweetid":1054728864872755200,"ds_language":"mt","language":"en","label":"positive"}
{"tweetid":1054721977368358912,"ds_language":"mt","language":"it","label":"positive"}
{"tweetid":1054720629419769856,"ds_language":"mt","language":"en","label":"positive"}
{"tweetid":1054707230568800256,"ds_language":"mt","language":"en","label":"positive"}
{"tweetid":1054687978273079296,"ds_language":"mt","language":"ca","label":"neutral"}
{"tweetid":1054663728338296832,"ds_language":"mt","language":"da","label":"neutral"}
{"tweetid":1054570348874788864,"ds_language":"mt","language":"ro","label":"positive"}
{"tweetid":1058968350783651840,"ds_language":"mt","language":"en","label":"positive"}
{"tweetid":1055736420919373824,"ds_language":"mt","language":"en","label":"neutral"}
{"tweetid":1055473467376709632,"ds_language":"mt","language":"it","label":"neutral"}
{"tweetid":1055385992662867968,"ds_language":"mt","language":"en","label":"positive"}
{"tweetid":1080507069399289856,"ds_language":"mt","language":"en","label":"neutral"}
{"tweetid":1063492958945796096,"ds_language":"mt","language":"en","label":"neutral"}
{"tweetid":1061197011477762048,"ds_language":"mt","language":"en","label":"neutral"}
{"tweetid":1060426051069927424,"ds_language":"mt","language":"cy","label":"neutral"}
{"tweetid":1060425915711262720,"ds_language":"mt","language":"cy","label":"neutral"}
{"tweetid":1060425902218268672,"ds_language":"mt","language":"cy","label":"neutral"}
{"tweetid":1060425882056187904,"ds_language":"mt","language":"cy","label":"neutral"}
{"tweetid":1060425860283555840,"ds_language":"mt","language":"cy","label":"neutral"}
{"tweetid":1059890663813087232,"ds_language":"mt","language":"en","label":"neutral"}
{"tweetid":1059214670463152128,"ds_language":"mt","language":"en","label":"neutral"}
{"tweetid":1058451181738119168,"ds_language":"mt","language":"ca","label":"neutral"}
{"tweetid":1058422068709113856,"ds_language":"mt","language":"ca","label":"neutral"}
{"tweetid":1058414315185823744,"ds_language":"mt","language":"ca","label":"neutral"}
{"tweetid":1058411049257500672,"ds_language":"mt","language":"cy","label":"neutral"}
{"tweetid":1058411034187304960,"ds_language":"mt","language":"cy","label":"neutral"}
{"tweetid":1058411015849852928,"ds_language":"mt","language":"cy","label":"neutral"}
{"tweetid":1058405744532439040,"ds_language":"mt","language":"ca","label":"neutral"}
{"tweetid":1058400996345499648,"ds_language":"mt","language":"ca","label":"neutral"}
{"tweetid":1058357811640291328,"ds_language":"mt","language":"en","label":"positive"}
{"tweetid":1058341318223638528,"ds_language":"mt","language":"en","label":"positive"}
{"tweetid":1058000141435715584,"ds_language":"mt","language":"ca","label":"positive"}
{"tweetid":1057968699964039168,"ds_language":"mt","language":"en","label":"neutral"}
{"tweetid":1057731724690575360,"ds_language":"mt","language":"sv","label":"positive"}
{"tweetid":1057725849888276480,"ds_language":"mt","language":"et","label":"positive"}
{"tweetid":1057699812173402112,"ds_language":"mt","language":"it","label":"positive"}
{"tweetid":1057652217778450432,"ds_language":"mt","language":"sv","label":"neutral"}
{"tweetid":1057601469417951232,"ds_language":"mt","language":"it","label":"neutral"}
{"tweetid":1057590921917796352,"ds_language":"mt","language":"pl","label":"neutral"}
{"tweetid":1057590896072581120,"ds_language":"mt","language":"pl","label":"neutral"}
{"tweetid":1057590883846111232,"ds_language":"mt","language":"it","label":"neutral"}
{"tweetid":1057590853370298368,"ds_language":"mt","language":"pl","label":"neutral"}
{"tweetid":1057590826681974784,"ds_language":"mt","language":"pl","label":"neutral"}
{"tweetid":1057590813633470464,"ds_language":"mt","language":"pl","label":"neutral"}
{"tweetid":1057590792620072960,"ds_language":"mt","language":"pl","label":"neutral"}
{"tweetid":1057590730250694656,"ds_language":"mt","language":"pl","label":"neutral"}
{"tweetid":1057590715956506624,"ds_language":"mt","language":"pl","label":"neutral"}
{"tweetid":1057590671295557632,"ds_language":"mt","language":"pl","label":"neutral"}
{"tweetid":1057590637812506624,"ds_language":"mt","language":"pl","label":"neutral"}
{"tweetid":1057585780305072128,"ds_language":"mt","language":"it","label":"neutral"}
{"tweetid":1057585743932149760,"ds_language":"mt","language":"it","label":"neutral"}
{"tweetid":1057583473429491712,"ds_language":"mt","language":"ca","label":"neutral"}
{"tweetid":1057582618689056768,"ds_language":"mt","language":"ca","label":"neutral"}
{"tweetid":1057573774491574272,"ds_language":"mt","language":"fi","label":"neutral"}
{"tweetid":1057572960687583232,"ds_language":"mt","language":"fi","label":"neutral"}
{"tweetid":1057572317532958720,"ds_language":"mt","language":"ro","label":"neutral"}
{"tweetid":1057572157545480192,"ds_language":"mt","language":"fi","label":"neutral"}
{"tweetid":1057571033623003136,"ds_language":"mt","language":"da","label":"neutral"}
{"tweetid":1057570906103529472,"ds_language":"mt","language":"fi","label":"neutral"}
{"tweetid":1057569628694540288,"ds_language":"mt","language":"fi","label":"neutral"}
{"tweetid":1057362401316749312,"ds_language":"mt","language":"en","label":"neutral"}
{"tweetid":1057354159282888704,"ds_language":"mt","language":"et","label":"positive"}
{"tweetid":1056464226993213440,"ds_language":"mt","language":"da","label":"neutral"}
{"tweetid":1056099907927449600,"ds_language":"mt","language":"en","label":"neutral"}
{"tweetid":1061195745183850496,"ds_language":"mt","language":"en","label":"positive"}
{"tweetid":1060060534886690816,"ds_language":"mt","language":"et","label":"positive"}
{"tweetid":1059869020336386048,"ds_language":"mt","language":"it","label":"positive"}
{"tweetid":1059480940928471040,"ds_language":"mt","language":"en","label":"neutral"}
{"tweetid":1059440581280219136,"ds_language":"mt","language":"id","label":"neutral"}
{"tweetid":1059421058888097792,"ds_language":"mt","language":"et","label":"positive"}
{"tweetid":1059420777395687424,"ds_language":"mt","language":"pl","label":"positive"}
{"tweetid":1059420407198109696,"ds_language":"mt","language":"et","label":"positive"}
{"tweetid":1059420281155055616,"ds_language":"mt","language":"sv","label":"positive"}
{"tweetid":1059419700952813568,"ds_language":"mt","language":"hu","label":"positive"}
{"tweetid":1059408694100848640,"ds_language":"mt","language":"sl","label":"positive"}
{"tweetid":1059405521004969984,"ds_language":"mt","language":"sl","label":"positive"}
{"tweetid":1059089872999366656,"ds_language":"mt","language":"en","label":"neutral"}
{"tweetid":1058011953824755712,"ds_language":"mt","language":"id","label":"neutral"}
{"tweetid":1058011944546983936,"ds_language":"mt","language":"id","label":"neutral"}
{"tweetid":1058011927346069504,"ds_language":"mt","language":"id","label":"neutral"}
{"tweetid":1057972667066839040,"ds_language":"mt","language":"ca","label":"neutral"}
{"tweetid":1057970138912382976,"ds_language":"mt","language":"sv","label":"neutral"}
{"tweetid":1057625022963929088,"ds_language":"mt","language":"sv","label":"positive"}
{"tweetid":1057619220362653696,"ds_language":"mt","language":"en","label":"positive"}
{"tweetid":1057580582341881856,"ds_language":"mt","language":"sl","label":"positive"}
{"tweetid":1057578716052840448,"ds_language":"mt","language":"da","label":"neutral"}
{"tweetid":1057576806008664064,"ds_language":"mt","language":"da","label":"neutral"}
{"tweetid":1057516509067730944,"ds_language":"mt","language":"da","label":"neutral"}
{"tweetid":1057499292024430592,"ds_language":"mt","language":"en","label":"positive"}
{"tweetid":1057369256055242752,"ds_language":"mt","language":"da","label":"neutral"}
{"tweetid":1057369019160911872,"ds_language":"mt","language":"sl","label":"positive"}
{"tweetid":1057363835382833152,"ds_language":"mt","language":"en","label":"positive"}
{"tweetid":1057356104693411840,"ds_language":"mt","language":"en","label":"positive"}
{"tweetid":1057355885549359104,"ds_language":"mt","language":"en","label":"positive"}
{"tweetid":1057355581697261568,"ds_language":"mt","language":"en","label":"positive"}
{"tweetid":1057355270035267584,"ds_language":"mt","language":"en","label":"positive"}
{"tweetid":1057354754718867456,"ds_language":"mt","language":"en","label":"positive"}
{"tweetid":1057348030553305088,"ds_language":"mt","language":"en","label":"positive"}
{"tweetid":1057344257495912448,"ds_language":"mt","language":"id","label":"neutral"}
{"tweetid":1057343539301023744,"ds_language":"mt","language":"ro","label":"positive"}
{"tweetid":1057342052193787904,"ds_language":"mt","language":"da","label":"neutral"}
{"tweetid":1057337343928082432,"ds_language":"mt","language":"ca","label":"positive"}
{"tweetid":1057335945110917120,"ds_language":"mt","language":"en","label":"positive"}
{"tweetid":1057334699432071168,"ds_language":"mt","language":"da","label":"neutral"}
{"tweetid":1057334106999189504,"ds_language":"mt","language":"en","label":"positive"}
{"tweetid":1057332877048930304,"ds_language":"mt","language":"en","label":"positive"}
{"tweetid":1057332503126728704,"ds_language":"mt","language":"en","label":"positive"}
{"tweetid":1057332434528808960,"ds_language":"mt","language":"en","label":"positive"}
{"tweetid":1057331860630585344,"ds_language":"mt","language":"en","label":"positive"}
{"tweetid":1057330801468194816,"ds_language":"mt","language":"en","label":"positive"}
{"tweetid":1057329603474284544,"ds_language":"mt","language":"en","label":"positive"}
{"tweetid":1057328410547118080,"ds_language":"mt","language":"en","label":"positive"}
{"tweetid":1057328055675424768,"ds_language":"mt","language":"en","label":"positive"}
{"tweetid":1057327401036849152,"ds_language":"mt","language":"en","label":"positive"}
{"tweetid":1056969421938454528,"ds_language":"mt","language":"et","label":"negative"}
{"tweetid":1055761990541627392,"ds_language":"mt","language":"et","label":"positive"}
{"tweetid":1055760710137974784,"ds_language":"mt","language":"id","label":"positive"}
{"tweetid":1055758190237925376,"ds_language":"mt","language":"en","label":"positive"}
{"tweetid":1055733014607659008,"ds_language":"mt","language":"ca","label":"positive"}
{"tweetid":1055726421086212096,"ds_language":"mt","language":"sv","label":"positive"}
{"tweetid":1055722816870453248,"ds_language":"mt","language":"en","label":"positive"}
{"tweetid":1055721656033918976,"ds_language":"mt","language":"sl","label":"positive"}
{"tweetid":1055414913265528832,"ds_language":"mt","language":"et","label":"neutral"}
