{"tweetid":1105143595743481856,"ds_language":"da","language":"da","label":"neutral"}
{"tweetid":1108810285769474048,"ds_language":"da","language":"da","label":"negative"}
{"tweetid":1118010080794902528,"ds_language":"da","language":"da","label":"neutral"}
{"tweetid":1123863712555835392,"ds_language":"da","language":"da","label":"neutral"}
{"tweetid":1095983927020396544,"ds_language":"da","language":"da","label":"neutral"}
{"tweetid":1093906076083208192,"ds_language":"da","language":"da","label":"neutral"}
{"tweetid":1120780649407733760,"ds_language":"da","language":"da","label":"positive"}
{"tweetid":1098113108038615040,"ds_language":"da","language":"da","label":"positive"}
{"tweetid":1096442536862744576,"ds_language":"da","language":"da","label":"negative"}
{"tweetid":1107607810160975872,"ds_language":"da","language":"da","label":"neutral"}
{"tweetid":1120666443094339584,"ds_language":"da","language":"da","label":"neutral"}
{"tweetid":1090558497157193728,"ds_language":"da","language":"da","label":"positive"}
{"tweetid":1097820597940310016,"ds_language":"da","language":"da","label":"neutral"}
{"tweetid":1098666446194917376,"ds_language":"da","language":"da","label":"positive"}
{"tweetid":1105716617906917376,"ds_language":"da","language":"da","label":"neutral"}
{"tweetid":1107565253146144768,"ds_language":"da","language":"da","label":"neutral"}
{"tweetid":1115287699013783552,"ds_language":"da","language":"da","label":"positive"}
{"tweetid":1089775176328318976,"ds_language":"da","language":"da","label":"positive"}
{"tweetid":1122511299458420736,"ds_language":"da","language":"da","label":"neutral"}
{"tweetid":1113859491731259392,"ds_language":"da","language":"da","label":"positive"}
{"tweetid":1086942220773580800,"ds_language":"da","language":"da","label":"neutral"}
{"tweetid":1102141324118183936,"ds_language":"da","language":"da","label":"neutral"}
{"tweetid":1120339810625961984,"ds_language":"da","language":"en","label":"negative"}
{"tweetid":1097933989585645568,"ds_language":"da","language":"da","label":"neutral"}
{"tweetid":1117000216253751296,"ds_language":"da","language":"da","label":"positive"}
{"tweetid":1118906222726602752,"ds_language":"da","language":"no","label":"positive"}
{"tweetid":1120767313609773056,"ds_language":"da","language":"da","label":"neutral"}
{"tweetid":1105080569065541632,"ds_language":"da","language":"da","label":"neutral"}
{"tweetid":1086214771614142464,"ds_language":"da","language":"da","label":"neutral"}
{"tweetid":1086820690773372928,"ds_language":"da","language":"da","label":"positive"}
{"tweetid":1082038350041755648,"ds_language":"da","language":"da","label":"neutral"}
{"tweetid":1113469846442979328,"ds_language":"da","language":"da","label":"positive"}
{"tweetid":1090362735009755136,"ds_language":"da","language":"da","label":"neutral"}
{"tweetid":1111630773138935808,"ds_language":"da","language":"da","label":"positive"}
{"tweetid":1114496786167685120,"ds_language":"da","language":"no","label":"neutral"}
{"tweetid":1098164479035088896,"ds_language":"da","language":"da","label":"neutral"}
{"tweetid":1116404442243289088,"ds_language":"da","language":"da","label":"neutral"}
{"tweetid":1111507674888392704,"ds_language":"da","language":"da","label":"neutral"}
{"tweetid":1118885316079833088,"ds_language":"da","language":"da","label":"positive"}
{"tweetid":1106480415316078592,"ds_language":"da","language":"da","label":"negative"}
{"tweetid":1103250859511693312,"ds_language":"da","language":"da","label":"neutral"}
{"tweetid":1093961242094587904,"ds_language":"da","language":"da","label":"neutral"}
{"tweetid":1091721671055093760,"ds_language":"da","language":"da","label":"neutral"}
{"tweetid":1090435825534263296,"ds_language":"da","language":"da","label":"neutral"}
{"tweetid":1095663794498535424,"ds_language":"da","language":"da","label":"positive"}
{"tweetid":1119944791993790464,"ds_language":"da","language":"da","label":"positive"}
{"tweetid":1107281558627602432,"ds_language":"da","language":"da","label":"neutral"}
{"tweetid":1118789026830413824,"ds_language":"da","language":"da","label":"neutral"}
{"tweetid":1085085164668182528,"ds_language":"da","language":"da","label":"positive"}
{"tweetid":1115884886848614400,"ds_language":"da","language":"da","label":"neutral"}
{"tweetid":1113861789186392064,"ds_language":"da","language":"da","label":"positive"}
{"tweetid":1097776940897845248,"ds_language":"da","language":"da","label":"neutral"}
{"tweetid":1108404256552505344,"ds_language":"da","language":"no","label":"negative"}
{"tweetid":1097559176551624704,"ds_language":"da","language":"da","label":"positive"}
{"tweetid":1118588987696984064,"ds_language":"da","language":"da","label":"negative"}
{"tweetid":1085290162899185664,"ds_language":"da","language":"da","label":"neutral"}
{"tweetid":1082216053227356160,"ds_language":"da","language":"da","label":"neutral"}
{"tweetid":1104443333299060736,"ds_language":"da","language":"no","label":"positive"}
{"tweetid":1095772481086869504,"ds_language":"da","language":"no","label":"neutral"}
{"tweetid":1117780082087682048,"ds_language":"da","language":"sw","label":"positive"}
{"tweetid":1086278221165879296,"ds_language":"da","language":"da","label":"neutral"}
{"tweetid":1123633927598542848,"ds_language":"da","language":"en","label":"negative"}
{"tweetid":1114064283795640320,"ds_language":"da","language":"da","label":"neutral"}
{"tweetid":1121967211633971200,"ds_language":"da","language":"da","label":"positive"}
{"tweetid":1123532277772800000,"ds_language":"da","language":"da","label":"neutral"}
{"tweetid":1118646605966659584,"ds_language":"da","language":"da","label":"negative"}
{"tweetid":1100427029046915072,"ds_language":"da","language":"da","label":"negative"}
{"tweetid":1108611460526039040,"ds_language":"da","language":"da","label":"neutral"}
{"tweetid":1107940234522750976,"ds_language":"da","language":"da","label":"negative"}
{"tweetid":1113516022022033408,"ds_language":"da","language":"da","label":"neutral"}
{"tweetid":1110850685086720000,"ds_language":"da","language":"da","label":"positive"}
{"tweetid":1091632623653478400,"ds_language":"da","language":"da","label":"negative"}
{"tweetid":1118220189806596096,"ds_language":"da","language":"en","label":"neutral"}
{"tweetid":1107621569428422656,"ds_language":"da","language":"da","label":"neutral"}
{"tweetid":1104109040844460032,"ds_language":"da","language":"da","label":"negative"}
{"tweetid":1117846769289682944,"ds_language":"da","language":"en","label":"neutral"}
{"tweetid":1104745737043103744,"ds_language":"da","language":"no","label":"neutral"}
{"tweetid":1117915800399007744,"ds_language":"da","language":"fr","label":"negative"}
{"tweetid":1094944421165129728,"ds_language":"da","language":"da","label":"neutral"}
{"tweetid":1104069049850441728,"ds_language":"da","language":"da","label":"positive"}
{"tweetid":1107398463384256512,"ds_language":"da","language":"da","label":"neutral"}
{"tweetid":1094859089400627200,"ds_language":"da","language":"da","label":"neutral"}
{"tweetid":1124900523910545408,"ds_language":"da","language":"da","label":"neutral"}
{"tweetid":1080832113878929408,"ds_language":"da","language":"da","label":"positive"}
{"tweetid":1119594955037499392,"ds_language":"da","language":"da","label":"neutral"}
{"tweetid":1083996522478358528,"ds_language":"da","language":"da","label":"neutral"}
{"tweetid":1086635028904271872,"ds_language":"da","language":"da","label":"neutral"}
{"tweetid":1118790524754964480,"ds_language":"da","language":"da","label":"positive"}
{"tweetid":1111507667049013248,"ds_language":"da","language":"da","label":"positive"}
{"tweetid":1117699137103978496,"ds_language":"da","language":"da","label":"neutral"}
{"tweetid":1118181543216865280,"ds_language":"da","language":"da","label":"negative"}
{"tweetid":1089416000305455104,"ds_language":"da","language":"da","label":"neutral"}
{"tweetid":1097407371738079232,"ds_language":"da","language":"no","label":"positive"}
{"tweetid":1113324640812785664,"ds_language":"da","language":"de","label":"negative"}
{"tweetid":1117462133506232320,"ds_language":"da","language":"da","label":"negative"}
{"tweetid":1088799190568689664,"ds_language":"da","language":"da","label":"negative"}
{"tweetid":1117842031085273088,"ds_language":"da","language":"da","label":"positive"}
{"tweetid":1117807731531034624,"ds_language":"da","language":"nl","label":"neutral"}
{"tweetid":1124634414451793920,"ds_language":"da","language":"da","label":"positive"}
{"tweetid":1086744176312623104,"ds_language":"da","language":"da","label":"positive"}
{"tweetid":1111214598005362688,"ds_language":"da","language":"da","label":"negative"}
{"tweetid":1096532125220626432,"ds_language":"da","language":"da","label":"neutral"}
{"tweetid":1105374842507927552,"ds_language":"da","language":"da","label":"neutral"}
{"tweetid":1109086665333710848,"ds_language":"da","language":"da","label":"positive"}
{"tweetid":1082585219918635008,"ds_language":"da","language":"da","label":"neutral"}
{"tweetid":1087707068788887552,"ds_language":"da","language":"da","label":"neutral"}
{"tweetid":1100490196808740864,"ds_language":"da","language":"da","label":"negative"}
{"tweetid":1101446675934130176,"ds_language":"da","language":"da","label":"positive"}
{"tweetid":1125396157516210176,"ds_language":"da","language":"da","label":"neutral"}
{"tweetid":1089925155638398976,"ds_language":"da","language":"da","label":"positive"}
{"tweetid":1117720305143877632,"ds_language":"da","language":"da","label":"negative"}
{"tweetid":1093772036034490368,"ds_language":"da","language":"da","label":"neutral"}
{"tweetid":1109468746467418112,"ds_language":"da","language":"de","label":"negative"}
{"tweetid":1109063389962293248,"ds_language":"da","language":"da","label":"negative"}
{"tweetid":1102455366032470016,"ds_language":"da","language":"en","label":"positive"}
{"tweetid":1092819229122932736,"ds_language":"da","language":"da","label":"negative"}
{"tweetid":1106546716260683776,"ds_language":"da","language":"da","label":"neutral"}
{"tweetid":1094258830257590272,"ds_language":"da","language":"da","label":"positive"}
{"tweetid":1102887466619539456,"ds_language":"da","language":"da","label":"positive"}
{"tweetid":1101924961193787392,"ds_language":"da","language":"da","label":"positive"}
{"tweetid":1122079408494346240,"ds_language":"da","language":"da","label":"positive"}
{"tweetid":1105865616466993152,"ds_language":"da","language":"da","label":"neutral"}
{"tweetid":1124571612802637824,"ds_language":"da","language":"tl","label":"neutral"}
{"tweetid":1110784369076199424,"ds_language":"da","language":"da","label":"positive"}
{"tweetid":1089472875692728320,"ds_language":"da","language":"da","label":"neutral"}
{"tweetid":1104076832142352384,"ds_language":"da","language":"da","label":"neutral"}
{"tweetid":1101538422278238208,"ds_language":"da","language":"da","label":"positive"}
{"tweetid":1124565565497069568,"ds_language":"da","language":"da","label":"negative"}
{"tweetid":1115888685537464320,"ds_language":"da","language":"da","label":"negative"}
{"tweetid":1116685723145519104,"ds_language":"da","language":"da","label":"neutral"}
{"tweetid":1085286040859037696,"ds_language":"da","language":"da","label":"positive"}
{"tweetid":1084303918664806400,"ds_language":"da","language":"no","label":"negative"}
{"tweetid":1109984604490850304,"ds_language":"da","language":"en","label":"negative"}
{"tweetid":1122392740166344704,"ds_language":"da","language":"da","label":"negative"}
{"tweetid":1116662322288898048,"ds_language":"da","language":"da","label":"neutral"}
{"tweetid":1097455475443019776,"ds_language":"da","language":"da","label":"neutral"}
{"tweetid":1120336712587259904,"ds_language":"da","language":"da","label":"neutral"}
{"tweetid":1121016588684152832,"ds_language":"da","language":"da","label":"neutral"}
{"tweetid":1091094299532578816,"ds_language":"da","language":"da","label":"neutral"}
{"tweetid":1119208048478838784,"ds_language":"da","language":"da","label":"negative"}
{"tweetid":1116249916081414144,"ds_language":"da","language":"da","label":"positive"}
{"tweetid":1117436896748232704,"ds_language":"da","language":"da","label":"neutral"}
{"tweetid":1118228516913459200,"ds_language":"da","language":"da","label":"positive"}
{"tweetid":1087208702896029696,"ds_language":"da","language":"da","label":"negative"}
{"tweetid":1080146754727800832,"ds_language":"da","language":"da","label":"neutral"}
{"tweetid":1110606332653195264,"ds_language":"da","language":"da","label":"positive"}
{"tweetid":1110662986430119936,"ds_language":"da","language":"da","label":"positive"}
{"tweetid":1117737237007958016,"ds_language":"da","language":"da","label":"positive"}
{"tweetid":1117662019619098624,"ds_language":"da","language":"en","label":"neutral"}
{"tweetid":1125416304708550656,"ds_language":"da","language":"da","label":"positive"}
{"tweetid":1119245276450041856,"ds_language":"da","language":"en","label":"neutral"}
{"tweetid":1085403806274408448,"ds_language":"da","language":"no","label":"neutral"}
{"tweetid":1122052024118300672,"ds_language":"da","language":"da","label":"negative"}
{"tweetid":1092818774242119680,"ds_language":"da","language":"da","label":"neutral"}
{"tweetid":1122856175463206912,"ds_language":"da","language":"da","label":"neutral"}
{"tweetid":1089124165280518144,"ds_language":"da","language":"da","label":"negative"}
{"tweetid":1103954647478202368,"ds_language":"da","language":"da","label":"positive"}
{"tweetid":1088823966251274240,"ds_language":"da","language":"da","label":"neutral"}
{"tweetid":1106502310610427904,"ds_language":"da","language":"da","label":"negative"}
{"tweetid":1117348040539504640,"ds_language":"da","language":"da","label":"neutral"}
{"tweetid":1118446868738998272,"ds_language":"da","language":"no","label":"negative"}
{"tweetid":1118462487521837056,"ds_language":"da","language":"da","label":"negative"}
{"tweetid":1103589117751812096,"ds_language":"da","language":"no","label":"neutral"}
{"tweetid":1091617932147339264,"ds_language":"da","language":"da","label":"negative"}
{"tweetid":1115639515035705344,"ds_language":"da","language":"da","label":"negative"}
{"tweetid":1108096922345267200,"ds_language":"da","language":"th","label":"neutral"}
{"tweetid":1122862371159064576,"ds_language":"da","language":"da","label":"neutral"}
{"tweetid":1114117899906691072,"ds_language":"da","language":"da","label":"positive"}
{"tweetid":1122599496985337856,"ds_language":"da","language":"da","label":"positive"}
{"tweetid":1084142537189806080,"ds_language":"da","language":"da","label":"positive"}
{"tweetid":1083830498982592512,"ds_language":"da","language":"da","label":"negative"}
{"tweetid":1098863230359752704,"ds_language":"da","language":"da","label":"neutral"}
{"tweetid":1107975371511812096,"ds_language":"da","language":"en","label":"positive"}
{"tweetid":1089549885517352960,"ds_language":"da","language":"da","label":"neutral"}
{"tweetid":1080423562861838336,"ds_language":"da","language":"en","label":"neutral"}
{"tweetid":1111994659310628864,"ds_language":"da","language":"UNKNOWN","label":"negative"}
{"tweetid":1108009750271188992,"ds_language":"da","language":"da","label":"neutral"}
{"tweetid":1123613895619432448,"ds_language":"da","language":"da","label":"neutral"}
{"tweetid":1085200339584851968,"ds_language":"da","language":"no","label":"positive"}
{"tweetid":1110970424870010880,"ds_language":"da","language":"fr","label":"positive"}
{"tweetid":1118165386191622144,"ds_language":"da","language":"en","label":"positive"}
{"tweetid":1115004999594074112,"ds_language":"da","language":"da","label":"positive"}
{"tweetid":1120399673909547008,"ds_language":"da","language":"no","label":"positive"}
{"tweetid":1092062921922732032,"ds_language":"da","language":"da","label":"negative"}
{"tweetid":1121495502011469824,"ds_language":"da","language":"da","label":"positive"}
{"tweetid":1085266003586502656,"ds_language":"da","language":"da","label":"neutral"}
{"tweetid":1122006675697885184,"ds_language":"da","language":"da","label":"neutral"}
{"tweetid":1082546542999932928,"ds_language":"da","language":"da","label":"neutral"}
{"tweetid":1119204863483752448,"ds_language":"da","language":"da","label":"negative"}
{"tweetid":1111009635845103616,"ds_language":"da","language":"da","label":"neutral"}
{"tweetid":1116435671235739648,"ds_language":"da","language":"da","label":"neutral"}
{"tweetid":1122603246332387328,"ds_language":"da","language":"da","label":"neutral"}
{"tweetid":1112355608412504064,"ds_language":"da","language":"da","label":"positive"}
{"tweetid":1095770932587778048,"ds_language":"da","language":"da","label":"positive"}
{"tweetid":1116610849488003072,"ds_language":"da","language":"en","label":"negative"}
{"tweetid":1125731755791716352,"ds_language":"da","language":"da","label":"positive"}
{"tweetid":1120203081168424960,"ds_language":"da","language":"no","label":"positive"}
{"tweetid":1090969751675944960,"ds_language":"da","language":"da","label":"neutral"}
{"tweetid":1123570945883627520,"ds_language":"da","language":"da","label":"positive"}
{"tweetid":1122060372448546816,"ds_language":"da","language":"da","label":"positive"}
{"tweetid":1084875037704896512,"ds_language":"da","language":"de","label":"neutral"}
{"tweetid":1123156982125535232,"ds_language":"da","language":"da","label":"neutral"}
{"tweetid":1112829240934891520,"ds_language":"da","language":"da","label":"positive"}
{"tweetid":1108806494894456832,"ds_language":"da","language":"da","label":"negative"}
{"tweetid":1122237588008525824,"ds_language":"da","language":"da","label":"negative"}
{"tweetid":1104287211585966080,"ds_language":"da","language":"da","label":"neutral"}
{"tweetid":1121913567916195840,"ds_language":"da","language":"da","label":"positive"}
{"tweetid":1090147451825278976,"ds_language":"da","language":"da","label":"positive"}
{"tweetid":1120294531495342080,"ds_language":"da","language":"da","label":"negative"}
{"tweetid":1081108946256039936,"ds_language":"da","language":"da","label":"positive"}
{"tweetid":1120998851186266112,"ds_language":"da","language":"en","label":"neutral"}
{"tweetid":1116374188162461696,"ds_language":"da","language":"sv","label":"neutral"}
{"tweetid":1125724099391651840,"ds_language":"da","language":"es","label":"neutral"}
{"tweetid":1103389061945802752,"ds_language":"da","language":"da","label":"neutral"}
{"tweetid":1111664351411351552,"ds_language":"da","language":"da","label":"neutral"}
{"tweetid":1119231403084922880,"ds_language":"da","language":"de","label":"neutral"}
{"tweetid":1123615330327121920,"ds_language":"da","language":"da","label":"neutral"}
{"tweetid":1082704760971644928,"ds_language":"da","language":"da","label":"neutral"}
{"tweetid":1125128191541219328,"ds_language":"da","language":"no","label":"neutral"}
{"tweetid":1123648776143540224,"ds_language":"da","language":"da","label":"positive"}
{"tweetid":1113957172428275712,"ds_language":"da","language":"da","label":"negative"}
{"tweetid":1098693012044025856,"ds_language":"da","language":"da","label":"neutral"}
{"tweetid":1110835937418850304,"ds_language":"da","language":"da","label":"positive"}
{"tweetid":1108503875110227968,"ds_language":"da","language":"da","label":"neutral"}
{"tweetid":1093453126416371712,"ds_language":"da","language":"da","label":"neutral"}
{"tweetid":1103705941982224384,"ds_language":"da","language":"da","label":"negative"}
{"tweetid":1101412782589779968,"ds_language":"da","language":"da","label":"neutral"}
{"tweetid":1105152166107406336,"ds_language":"da","language":"da","label":"neutral"}
{"tweetid":1124955656568467456,"ds_language":"da","language":"da","label":"neutral"}
{"tweetid":1091957091441561600,"ds_language":"da","language":"da","label":"positive"}
{"tweetid":1117104542498164736,"ds_language":"da","language":"no","label":"neutral"}
{"tweetid":1097611652231397376,"ds_language":"da","language":"en","label":"neutral"}
{"tweetid":1094211818657103872,"ds_language":"da","language":"da","label":"neutral"}
{"tweetid":1095951912875094016,"ds_language":"da","language":"no","label":"neutral"}
{"tweetid":1110657793646686208,"ds_language":"da","language":"de","label":"positive"}
{"tweetid":1111265480839516160,"ds_language":"da","language":"en","label":"neutral"}
{"tweetid":1118822192576376832,"ds_language":"da","language":"de","label":"neutral"}
{"tweetid":1106100877964783616,"ds_language":"da","language":"da","label":"neutral"}
{"tweetid":1083332925809152000,"ds_language":"da","language":"da","label":"neutral"}
{"tweetid":1122964726110195712,"ds_language":"da","language":"da","label":"negative"}
{"tweetid":1121764740525633536,"ds_language":"da","language":"da","label":"positive"}
{"tweetid":1119994013711466496,"ds_language":"da","language":"da","label":"neutral"}
{"tweetid":1124209748121927680,"ds_language":"da","language":"cy","label":"positive"}
{"tweetid":1121779669827751936,"ds_language":"da","language":"da","label":"negative"}
{"tweetid":1115214967018381312,"ds_language":"da","language":"no","label":"neutral"}
{"tweetid":1098798140189261824,"ds_language":"da","language":"da","label":"neutral"}
{"tweetid":1105817291588071424,"ds_language":"da","language":"da","label":"neutral"}
{"tweetid":1095209442654736384,"ds_language":"da","language":"da","label":"neutral"}
{"tweetid":1089256281129529344,"ds_language":"da","language":"da","label":"positive"}
{"tweetid":1086853113254825984,"ds_language":"da","language":"da","label":"neutral"}
{"tweetid":1124254970507878400,"ds_language":"da","language":"da","label":"neutral"}
{"tweetid":1098527872069890048,"ds_language":"da","language":"da","label":"neutral"}
{"tweetid":1109071453591425024,"ds_language":"da","language":"da","label":"neutral"}
{"tweetid":1090926949403222016,"ds_language":"da","language":"da","label":"negative"}
{"tweetid":1123887985055993856,"ds_language":"da","language":"da","label":"neutral"}
{"tweetid":1120974533744369664,"ds_language":"da","language":"da","label":"negative"}
{"tweetid":1123874450347298816,"ds_language":"da","language":"da","label":"neutral"}
{"tweetid":1081055148846141440,"ds_language":"da","language":"id","label":"neutral"}
{"tweetid":1108277614374998016,"ds_language":"da","language":"da","label":"positive"}
{"tweetid":1107200480579588096,"ds_language":"da","language":"en","label":"negative"}
{"tweetid":1116641681191907328,"ds_language":"da","language":"da","label":"positive"}
{"tweetid":1085922198395736064,"ds_language":"da","language":"da","label":"neutral"}
{"tweetid":1115170070672617472,"ds_language":"da","language":"da","label":"positive"}
{"tweetid":1118830929794015232,"ds_language":"da","language":"da","label":"neutral"}
{"tweetid":1118497603694448640,"ds_language":"da","language":"da","label":"positive"}
{"tweetid":1101201635244531712,"ds_language":"da","language":"da","label":"neutral"}
{"tweetid":1125679418163322880,"ds_language":"da","language":"sv","label":"neutral"}
{"tweetid":1111886788644077568,"ds_language":"da","language":"da","label":"neutral"}
{"tweetid":1108741175647834112,"ds_language":"da","language":"da","label":"neutral"}
{"tweetid":1096320236368920576,"ds_language":"da","language":"da","label":"neutral"}
{"tweetid":1123518178917867520,"ds_language":"da","language":"fi","label":"neutral"}
{"tweetid":1110889347052650496,"ds_language":"da","language":"da","label":"neutral"}
{"tweetid":1113668529352396800,"ds_language":"da","language":"da","label":"neutral"}
{"tweetid":1109099450583134214,"ds_language":"da","language":"no","label":"negative"}
{"tweetid":1109349747968667649,"ds_language":"da","language":"da","label":"neutral"}
{"tweetid":1110520804427603968,"ds_language":"da","language":"da","label":"positive"}
{"tweetid":1112654665794179073,"ds_language":"da","language":"da","label":"positive"}
{"tweetid":1112742437267492864,"ds_language":"da","language":"da","label":"negative"}
{"tweetid":1112962555612487681,"ds_language":"da","language":"da","label":"negative"}
{"tweetid":1113010443805614083,"ds_language":"da","language":"da","label":"negative"}
{"tweetid":1113368398287839232,"ds_language":"da","language":"da","label":"positive"}
{"tweetid":1113825210195689472,"ds_language":"da","language":"da","label":"positive"}
{"tweetid":1114560040730603520,"ds_language":"da","language":"da","label":"negative"}
{"tweetid":1115213366694481921,"ds_language":"da","language":"da","label":"neutral"}
{"tweetid":1115537554315542529,"ds_language":"da","language":"da","label":"positive"}
{"tweetid":1115659008071872512,"ds_language":"da","language":"da","label":"negative"}
{"tweetid":1115710608626917383,"ds_language":"da","language":"da","label":"negative"}
{"tweetid":1115877621064192000,"ds_language":"da","language":"da","label":"positive"}
{"tweetid":1115891688797503489,"ds_language":"da","language":"da","label":"negative"}
{"tweetid":1115901312519032833,"ds_language":"da","language":"da","label":"positive"}
{"tweetid":1115924976501129216,"ds_language":"da","language":"da","label":"positive"}
{"tweetid":1115930113974132736,"ds_language":"da","language":"da","label":"neutral"}
{"tweetid":1116282031774810113,"ds_language":"da","language":"da","label":"positive"}
{"tweetid":1116613948709597185,"ds_language":"da","language":"da","label":"positive"}
{"tweetid":1116651672200273920,"ds_language":"da","language":"da","label":"neutral"}
{"tweetid":1102458055260803072,"ds_language":"da","language":"da","label":"positive"}
{"tweetid":1123094823894908928,"ds_language":"da","language":"da","label":"neutral"}
{"tweetid":1125329707732488192,"ds_language":"da","language":"en","label":"neutral"}
{"tweetid":1118373194728202240,"ds_language":"da","language":"da","label":"neutral"}
{"tweetid":1106511251406880768,"ds_language":"da","language":"da","label":"neutral"}
{"tweetid":1092484317761044480,"ds_language":"da","language":"da","label":"neutral"}
{"tweetid":1101083859267907584,"ds_language":"da","language":"da","label":"negative"}
{"tweetid":1089538474489856000,"ds_language":"da","language":"da","label":"positive"}
{"tweetid":1112584403165818880,"ds_language":"da","language":"da","label":"positive"}
{"tweetid":1111575351447220226,"ds_language":"da","language":"da","label":"positive"}
{"tweetid":1111630350780911617,"ds_language":"da","language":"da","label":"negative"}
{"tweetid":1113388967309783040,"ds_language":"da","language":"da","label":"positive"}
{"tweetid":1113442240238686215,"ds_language":"da","language":"da","label":"neutral"}
{"tweetid":1117025245511204864,"ds_language":"da","language":"da","label":"positive"}
{"tweetid":1117050248923439104,"ds_language":"da","language":"da","label":"positive"}
{"tweetid":1117102441256894466,"ds_language":"da","language":"da","label":"positive"}
{"tweetid":1117466297938403329,"ds_language":"da","language":"da","label":"neutral"}
{"tweetid":1117466821479882752,"ds_language":"da","language":"da","label":"positive"}
{"tweetid":1118594029015506946,"ds_language":"da","language":"da","label":"positive"}
{"tweetid":1120619837481463808,"ds_language":"da","language":"no","label":"neutral"}
{"tweetid":1120625191086972935,"ds_language":"da","language":"da","label":"negative"}
{"tweetid":1120636693705580545,"ds_language":"da","language":"da","label":"positive"}
{"tweetid":1121225200446709765,"ds_language":"da","language":"da","label":"positive"}
{"tweetid":1114489237951455232,"ds_language":"da","language":"da","label":"positive"}
{"tweetid":1115176615204360192,"ds_language":"da","language":"da","label":"positive"}
{"tweetid":1115184639210086400,"ds_language":"da","language":"da","label":"positive"}
{"tweetid":1115328542345191426,"ds_language":"da","language":"da","label":"negative"}
{"tweetid":1115372418627973120,"ds_language":"da","language":"da","label":"positive"}
{"tweetid":1115570651560140801,"ds_language":"da","language":"pl","label":"neutral"}
{"tweetid":1115577132095279104,"ds_language":"da","language":"da","label":"negative"}
{"tweetid":1115682127016800259,"ds_language":"da","language":"da","label":"positive"}
{"tweetid":1115891718287699972,"ds_language":"da","language":"da","label":"negative"}
{"tweetid":1116404248911204353,"ds_language":"da","language":"da","label":"negative"}
{"tweetid":1116649842682552320,"ds_language":"da","language":"da","label":"neutral"}
{"tweetid":1117216648925253632,"ds_language":"da","language":"da","label":"negative"}
{"tweetid":1117341425534943232,"ds_language":"da","language":"da","label":"positive"}
{"tweetid":1117353119124545536,"ds_language":"da","language":"da","label":"neutral"}
{"tweetid":1117409903205810177,"ds_language":"da","language":"da","label":"negative"}
{"tweetid":1117439439402356738,"ds_language":"da","language":"da","label":"negative"}
{"tweetid":1117492399134191617,"ds_language":"da","language":"da","label":"negative"}
{"tweetid":1117505865127530502,"ds_language":"da","language":"da","label":"negative"}
{"tweetid":1117726809112678401,"ds_language":"da","language":"da","label":"negative"}
{"tweetid":1117815115234123778,"ds_language":"da","language":"da","label":"positive"}
{"tweetid":1117859271721377796,"ds_language":"da","language":"da","label":"negative"}
{"tweetid":1118136302212472833,"ds_language":"da","language":"da","label":"neutral"}
{"tweetid":1118150245039394816,"ds_language":"da","language":"da","label":"negative"}
{"tweetid":1118165033647771650,"ds_language":"da","language":"da","label":"negative"}
{"tweetid":1115472164998672384,"ds_language":"da","language":"da","label":"neutral"}
{"tweetid":1118536860438024192,"ds_language":"da","language":"da","label":"positive"}
{"tweetid":1124065876129480704,"ds_language":"da","language":"no","label":"positive"}
{"tweetid":1122839134198992896,"ds_language":"da","language":"da","label":"positive"}
{"tweetid":1111933242263904256,"ds_language":"da","language":"da","label":"neutral"}
{"tweetid":1093040608006926336,"ds_language":"da","language":"da","label":"negative"}
{"tweetid":1113405701509062656,"ds_language":"da","language":"da","label":"positive"}
{"tweetid":1112737976751144960,"ds_language":"da","language":"da","label":"negative"}
{"tweetid":1102952806246375424,"ds_language":"da","language":"da","label":"neutral"}
{"tweetid":1089498316566605824,"ds_language":"da","language":"hr","label":"neutral"}
{"tweetid":1117384426067984385,"ds_language":"da","language":"da","label":"neutral"}
{"tweetid":1118142260162519041,"ds_language":"da","language":"da","label":"negative"}
{"tweetid":1118162816232456194,"ds_language":"da","language":"da","label":"neutral"}
{"tweetid":1118561013492801536,"ds_language":"da","language":"da","label":"positive"}
{"tweetid":1121032426942160898,"ds_language":"da","language":"da","label":"neutral"}
{"tweetid":1121307596525309952,"ds_language":"da","language":"da","label":"positive"}
{"tweetid":1121317543665373185,"ds_language":"da","language":"da","label":"positive"}
{"tweetid":1121347128708796417,"ds_language":"da","language":"da","label":"positive"}
{"tweetid":1121353977654857728,"ds_language":"da","language":"da","label":"positive"}
{"tweetid":1121360221413228544,"ds_language":"da","language":"da","label":"positive"}
{"tweetid":1121374046426402816,"ds_language":"da","language":"da","label":"neutral"}
{"tweetid":1121394275055484928,"ds_language":"da","language":"da","label":"negative"}
{"tweetid":1121748355707736064,"ds_language":"da","language":"da","label":"neutral"}
{"tweetid":1121894057431773184,"ds_language":"da","language":"da","label":"negative"}
{"tweetid":1122039032781910016,"ds_language":"da","language":"da","label":"negative"}
{"tweetid":1122096808384172033,"ds_language":"da","language":"da","label":"neutral"}
{"tweetid":1122494810844094464,"ds_language":"da","language":"no","label":"negative"}
{"tweetid":1122495453763911682,"ds_language":"da","language":"UNKNOWN","label":"positive"}
{"tweetid":1122760910471409665,"ds_language":"da","language":"da","label":"neutral"}
{"tweetid":1122787371299287040,"ds_language":"da","language":"da","label":"neutral"}
{"tweetid":1123208655292313605,"ds_language":"da","language":"da","label":"positive"}
{"tweetid":1124011294846279680,"ds_language":"da","language":"da","label":"negative"}
{"tweetid":1124035282721017862,"ds_language":"da","language":"da","label":"neutral"}
{"tweetid":1124177885768687617,"ds_language":"da","language":"no","label":"neutral"}
{"tweetid":1124200459399569408,"ds_language":"da","language":"da","label":"negative"}
{"tweetid":1124207408123916288,"ds_language":"da","language":"da","label":"positive"}
{"tweetid":1124237068534677505,"ds_language":"da","language":"da","label":"neutral"}
{"tweetid":1124278959552724992,"ds_language":"da","language":"da","label":"positive"}
{"tweetid":1124319683916849152,"ds_language":"da","language":"da","label":"positive"}
{"tweetid":1125420397917278208,"ds_language":"da","language":"da","label":"neutral"}
{"tweetid":1109078407365709824,"ds_language":"da","language":"da","label":"positive"}
{"tweetid":1109763033432129537,"ds_language":"da","language":"da","label":"negative"}
{"tweetid":1110211342626156545,"ds_language":"da","language":"da","label":"positive"}
{"tweetid":1110218106977292294,"ds_language":"da","language":"da","label":"positive"}
{"tweetid":1110461677013794816,"ds_language":"da","language":"no","label":"neutral"}
{"tweetid":1110473597020188673,"ds_language":"da","language":"da","label":"positive"}
{"tweetid":1110908135508717568,"ds_language":"da","language":"da","label":"positive"}
{"tweetid":1111007413694595075,"ds_language":"da","language":"da","label":"positive"}
{"tweetid":1111201492139212801,"ds_language":"da","language":"da","label":"positive"}
{"tweetid":1111355866521976835,"ds_language":"da","language":"da","label":"positive"}
{"tweetid":1111557550498082820,"ds_language":"da","language":"da","label":"positive"}
{"tweetid":1111563205443235840,"ds_language":"da","language":"da","label":"neutral"}
{"tweetid":1111618448231153667,"ds_language":"da","language":"da","label":"negative"}
{"tweetid":1111621361984827392,"ds_language":"da","language":"da","label":"neutral"}
{"tweetid":1111624850743984128,"ds_language":"da","language":"da","label":"neutral"}
{"tweetid":1113380020511232001,"ds_language":"da","language":"da","label":"positive"}
{"tweetid":1113389976358670337,"ds_language":"da","language":"da","label":"negative"}
{"tweetid":1113400568121163776,"ds_language":"da","language":"da","label":"positive"}
{"tweetid":1114099639014363136,"ds_language":"da","language":"da","label":"positive"}
{"tweetid":1114123396260999168,"ds_language":"da","language":"da","label":"positive"}
{"tweetid":1114425505183412224,"ds_language":"da","language":"da","label":"neutral"}
{"tweetid":1121995149570011136,"ds_language":"da","language":"da","label":"positive"}
{"tweetid":1116600996686225408,"ds_language":"da","language":"da","label":"neutral"}
{"tweetid":1124230293005713408,"ds_language":"da","language":"da","label":"negative"}
{"tweetid":1113761644289466368,"ds_language":"da","language":"no","label":"neutral"}
{"tweetid":1111607294712786944,"ds_language":"da","language":"id","label":"neutral"}
{"tweetid":1096031567422533632,"ds_language":"da","language":"no","label":"neutral"}
{"tweetid":1081120702550421504,"ds_language":"da","language":"da","label":"neutral"}
{"tweetid":1099668605204082688,"ds_language":"da","language":"da","label":"positive"}
{"tweetid":1110125680296116224,"ds_language":"da","language":"no","label":"negative"}
{"tweetid":1115180741816725504,"ds_language":"da","language":"es","label":"positive"}
{"tweetid":1081752742127759360,"ds_language":"da","language":"da","label":"neutral"}
{"tweetid":1122730746920218624,"ds_language":"da","language":"no","label":"neutral"}
{"tweetid":1114969603145326592,"ds_language":"da","language":"da","label":"neutral"}
{"tweetid":1121284213347508224,"ds_language":"da","language":"da","label":"neutral"}
{"tweetid":1113712824382042112,"ds_language":"da","language":"de","label":"neutral"}
{"tweetid":1109009669266259968,"ds_language":"da","language":"da","label":"positive"}
{"tweetid":1082627759078203392,"ds_language":"da","language":"da","label":"neutral"}
{"tweetid":1103008164482433024,"ds_language":"da","language":"da","label":"neutral"}
{"tweetid":1120971806515576832,"ds_language":"da","language":"da","label":"positive"}
{"tweetid":1113134750544396288,"ds_language":"da","language":"da","label":"positive"}
{"tweetid":1082942850764034048,"ds_language":"da","language":"da","label":"neutral"}
{"tweetid":1118103319497592832,"ds_language":"da","language":"da","label":"negative"}
{"tweetid":1106517739596857344,"ds_language":"da","language":"no","label":"positive"}
{"tweetid":1116345030413881344,"ds_language":"da","language":"da","label":"negative"}
{"tweetid":1105166708690636800,"ds_language":"da","language":"da","label":"positive"}
{"tweetid":1123124717886394368,"ds_language":"da","language":"da","label":"negative"}
{"tweetid":1101121166733967360,"ds_language":"da","language":"en","label":"positive"}
{"tweetid":1109035609174298624,"ds_language":"da","language":"da","label":"neutral"}
{"tweetid":1124640211462434816,"ds_language":"da","language":"da","label":"neutral"}
{"tweetid":1113406123804123136,"ds_language":"da","language":"da","label":"neutral"}
{"tweetid":1121755144591413248,"ds_language":"da","language":"da","label":"negative"}
{"tweetid":1101489082927116288,"ds_language":"da","language":"no","label":"negative"}
{"tweetid":1112725080247656448,"ds_language":"da","language":"da","label":"neutral"}
{"tweetid":1092710182516228096,"ds_language":"da","language":"fr","label":"neutral"}
{"tweetid":1091266139739574272,"ds_language":"da","language":"da","label":"positive"}
{"tweetid":1113396443589509120,"ds_language":"da","language":"da","label":"negative"}
{"tweetid":1093869575802744832,"ds_language":"da","language":"da","label":"neutral"}
{"tweetid":1089070531503144960,"ds_language":"da","language":"da","label":"neutral"}
{"tweetid":1095979354260008960,"ds_language":"da","language":"no","label":"neutral"}
{"tweetid":1109366867070799872,"ds_language":"da","language":"da","label":"neutral"}
{"tweetid":1121116853651345408,"ds_language":"da","language":"da","label":"negative"}
{"tweetid":1110970129263652864,"ds_language":"da","language":"da","label":"positive"}
{"tweetid":1118520809415479296,"ds_language":"da","language":"da","label":"negative"}
{"tweetid":1117437542398345216,"ds_language":"da","language":"da","label":"negative"}
{"tweetid":1111293355965730816,"ds_language":"da","language":"da","label":"neutral"}
{"tweetid":1101383835969773568,"ds_language":"da","language":"pt","label":"neutral"}
{"tweetid":1110113610464821248,"ds_language":"da","language":"da","label":"neutral"}
{"tweetid":1121319869545365504,"ds_language":"da","language":"da","label":"neutral"}
{"tweetid":1099907226683138048,"ds_language":"da","language":"da","label":"neutral"}
{"tweetid":1117389986045857792,"ds_language":"da","language":"da","label":"positive"}
