{"tweetid":1189582735020613632,"ds_language":"mt","language":"so","label":"neutral"}
{"tweetid":1189490254698430464,"ds_language":"mt","language":"en","label":"positive"}
{"tweetid":1189091626658009088,"ds_language":"mt","language":"en","label":"positive"}
{"tweetid":1188905473942212608,"ds_language":"mt","language":"en","label":"positive"}
{"tweetid":1188848360003981312,"ds_language":"mt","language":"en","label":"positive"}
{"tweetid":1188110954367717376,"ds_language":"mt","language":"de","label":"positive"}
{"tweetid":1188042448045514752,"ds_language":"mt","language":"da","label":"neutral"}
{"tweetid":1188042344605585408,"ds_language":"mt","language":"da","label":"neutral"}
{"tweetid":1188008754689826816,"ds_language":"mt","language":"da","label":"neutral"}
{"tweetid":1188008731239440384,"ds_language":"mt","language":"da","label":"neutral"}
{"tweetid":1184135217491124224,"ds_language":"mt","language":"da","label":"neutral"}
{"tweetid":1184134780520189952,"ds_language":"mt","language":"da","label":"neutral"}
{"tweetid":1184131420576505856,"ds_language":"mt","language":"da","label":"neutral"}
{"tweetid":1184129350897147904,"ds_language":"mt","language":"en","label":"positive"}
{"tweetid":1184127040859131904,"ds_language":"mt","language":"en","label":"positive"}
{"tweetid":1184095026713899008,"ds_language":"mt","language":"sq","label":"positive"}
{"tweetid":1184063885369888768,"ds_language":"mt","language":"en","label":"negative"}
{"tweetid":1184052211887853568,"ds_language":"mt","language":"en","label":"neutral"}
{"tweetid":1183994688006774784,"ds_language":"mt","language":"en","label":"positive"}
{"tweetid":1183970761020755968,"ds_language":"mt","language":"en","label":"neutral"}
{"tweetid":1183943203952742400,"ds_language":"mt","language":"en","label":"neutral"}
{"tweetid":1183845409942319104,"ds_language":"mt","language":"it","label":"neutral"}
{"tweetid":1183823196237291520,"ds_language":"mt","language":"fi","label":"negative"}
{"tweetid":1183821269730562048,"ds_language":"mt","language":"da","label":"neutral"}
{"tweetid":1183820342881607680,"ds_language":"mt","language":"it","label":"positive"}
{"tweetid":1183820167844941824,"ds_language":"mt","language":"en","label":"positive"}
{"tweetid":1183819423825707008,"ds_language":"mt","language":"da","label":"neutral"}
{"tweetid":1183818505327726592,"ds_language":"mt","language":"pt","label":"positive"}
{"tweetid":1183816677508763648,"ds_language":"mt","language":"en","label":"positive"}
{"tweetid":1183815221015650304,"ds_language":"mt","language":"fr","label":"neutral"}
{"tweetid":1183813658490609664,"ds_language":"mt","language":"en","label":"positive"}
{"tweetid":1183812227830296576,"ds_language":"mt","language":"en","label":"positive"}
{"tweetid":1183811994157309952,"ds_language":"mt","language":"en","label":"positive"}
{"tweetid":1183811700610482176,"ds_language":"mt","language":"da","label":"neutral"}
{"tweetid":1183809987359006720,"ds_language":"mt","language":"en","label":"positive"}
{"tweetid":1183809807654051840,"ds_language":"mt","language":"en","label":"positive"}
{"tweetid":1183806953211994112,"ds_language":"mt","language":"ca","label":"positive"}
{"tweetid":1187813447674793984,"ds_language":"mt","language":"en","label":"positive"}
{"tweetid":1187812937525792768,"ds_language":"mt","language":"ro","label":"positive"}
{"tweetid":1187811813569769472,"ds_language":"mt","language":"en","label":"positive"}
{"tweetid":1187811598892765184,"ds_language":"mt","language":"en","label":"positive"}
{"tweetid":1187799252254314496,"ds_language":"mt","language":"da","label":"neutral"}
{"tweetid":1187798701869359104,"ds_language":"mt","language":"da","label":"neutral"}
{"tweetid":1187707952322482176,"ds_language":"mt","language":"en","label":"positive"}
{"tweetid":1187675435624255488,"ds_language":"mt","language":"en","label":"positive"}
{"tweetid":1183806505923104768,"ds_language":"mt","language":"en","label":"positive"}
{"tweetid":1183805446601265152,"ds_language":"mt","language":"da","label":"neutral"}
{"tweetid":1183804644054704128,"ds_language":"mt","language":"da","label":"neutral"}
{"tweetid":1183804528484929536,"ds_language":"mt","language":"da","label":"neutral"}
{"tweetid":1183804318606082048,"ds_language":"mt","language":"en","label":"positive"}
{"tweetid":1183804087386726400,"ds_language":"mt","language":"it","label":"neutral"}
{"tweetid":1183803725036621824,"ds_language":"mt","language":"da","label":"neutral"}
{"tweetid":1183802917750489088,"ds_language":"mt","language":"en","label":"positive"}
{"tweetid":1183802861110677504,"ds_language":"mt","language":"sw","label":"positive"}
{"tweetid":1183802835357569024,"ds_language":"mt","language":"da","label":"neutral"}
{"tweetid":1183802812523859968,"ds_language":"mt","language":"da","label":"neutral"}
{"tweetid":1183802431051911168,"ds_language":"mt","language":"ca","label":"neutral"}
{"tweetid":1183802334540976128,"ds_language":"mt","language":"en","label":"positive"}
{"tweetid":1183802321865728000,"ds_language":"mt","language":"en","label":"positive"}
{"tweetid":1183802232724250624,"ds_language":"mt","language":"da","label":"neutral"}
{"tweetid":1183801704573214720,"ds_language":"mt","language":"da","label":"neutral"}
{"tweetid":1183800221584809984,"ds_language":"mt","language":"da","label":"neutral"}
{"tweetid":1183799976603860992,"ds_language":"mt","language":"en","label":"positive"}
{"tweetid":1183799685024309248,"ds_language":"mt","language":"da","label":"neutral"}
{"tweetid":1183798108251197440,"ds_language":"mt","language":"en","label":"positive"}
{"tweetid":1183796633051586560,"ds_language":"mt","language":"fi","label":"positive"}
{"tweetid":1183796370873946112,"ds_language":"mt","language":"en","label":"positive"}
{"tweetid":1183795087064686592,"ds_language":"mt","language":"da","label":"neutral"}
{"tweetid":1187314858129313792,"ds_language":"mt","language":"ca","label":"positive"}
{"tweetid":1187314272122130432,"ds_language":"mt","language":"lv","label":"positive"}
{"tweetid":1187313020344684544,"ds_language":"mt","language":"sl","label":"positive"}
{"tweetid":1187234401521938432,"ds_language":"mt","language":"ca","label":"positive"}
{"tweetid":1187079126760460288,"ds_language":"mt","language":"pt","label":"positive"}
{"tweetid":1187079070158376960,"ds_language":"mt","language":"cy","label":"positive"}
{"tweetid":1187078938394349568,"ds_language":"mt","language":"cy","label":"positive"}
{"tweetid":1186944081932488704,"ds_language":"mt","language":"ca","label":"positive"}
{"tweetid":1186943691048574976,"ds_language":"mt","language":"ca","label":"positive"}
{"tweetid":1186942666245857280,"ds_language":"mt","language":"ca","label":"positive"}
{"tweetid":1186941115028688896,"ds_language":"mt","language":"ca","label":"positive"}
{"tweetid":1186940238062641152,"ds_language":"mt","language":"ca","label":"positive"}
{"tweetid":1186939167701393408,"ds_language":"mt","language":"ca","label":"positive"}
{"tweetid":1186927996667617280,"ds_language":"mt","language":"en","label":"positive"}
{"tweetid":1186864568745811968,"ds_language":"mt","language":"en","label":"positive"}
{"tweetid":1186757620406898688,"ds_language":"mt","language":"en","label":"positive"}
{"tweetid":1186745289098584064,"ds_language":"mt","language":"en","label":"positive"}
{"tweetid":1186726354110373888,"ds_language":"mt","language":"sl","label":"positive"}
{"tweetid":1183794457679978496,"ds_language":"mt","language":"da","label":"neutral"}
{"tweetid":1183794218344562688,"ds_language":"mt","language":"en","label":"positive"}
{"tweetid":1183793347732877312,"ds_language":"mt","language":"en","label":"positive"}
{"tweetid":1183792570159239168,"ds_language":"mt","language":"it","label":"neutral"}
{"tweetid":1183792480178843648,"ds_language":"mt","language":"da","label":"neutral"}
{"tweetid":1183792401955069952,"ds_language":"mt","language":"en","label":"positive"}
{"tweetid":1183792321093144576,"ds_language":"mt","language":"en","label":"positive"}
{"tweetid":1183792198195781632,"ds_language":"mt","language":"en","label":"positive"}
{"tweetid":1183792086509858816,"ds_language":"mt","language":"da","label":"positive"}
{"tweetid":1183791662235111424,"ds_language":"mt","language":"en","label":"positive"}
{"tweetid":1183791558929321984,"ds_language":"mt","language":"da","label":"neutral"}
{"tweetid":1183791497885470720,"ds_language":"mt","language":"en","label":"positive"}
{"tweetid":1183790852218478592,"ds_language":"mt","language":"en","label":"neutral"}
{"tweetid":1183790777748598784,"ds_language":"mt","language":"en","label":"positive"}
{"tweetid":1183790338751815680,"ds_language":"mt","language":"ca","label":"positive"}
{"tweetid":1183790254949588992,"ds_language":"mt","language":"en","label":"positive"}
{"tweetid":1183789017772498944,"ds_language":"mt","language":"en","label":"positive"}
{"tweetid":1183788147538382848,"ds_language":"mt","language":"da","label":"neutral"}
{"tweetid":1183787929329643520,"ds_language":"mt","language":"da","label":"neutral"}
{"tweetid":1183787504694112256,"ds_language":"mt","language":"en","label":"positive"}
{"tweetid":1183787097607548928,"ds_language":"mt","language":"da","label":"neutral"}
{"tweetid":1183784226048675840,"ds_language":"mt","language":"da","label":"neutral"}
{"tweetid":1183781297912762368,"ds_language":"mt","language":"sv","label":"positive"}
{"tweetid":1183779759794348032,"ds_language":"mt","language":"da","label":"positive"}
{"tweetid":1172846662026506240,"ds_language":"mt","language":"en","label":"neutral"}
{"tweetid":1172842207440769024,"ds_language":"mt","language":"en","label":"neutral"}
{"tweetid":1172064018120527872,"ds_language":"mt","language":"en","label":"neutral"}
{"tweetid":1186712717165584384,"ds_language":"mt","language":"en","label":"positive"}
{"tweetid":1186711212366667776,"ds_language":"mt","language":"en","label":"positive"}
{"tweetid":1186685415857819648,"ds_language":"mt","language":"en","label":"positive"}
{"tweetid":1186683858386903040,"ds_language":"mt","language":"en","label":"positive"}
{"tweetid":1186662907146391552,"ds_language":"mt","language":"et","label":"positive"}
{"tweetid":1186584979146465280,"ds_language":"mt","language":"en","label":"neutral"}
{"tweetid":1186379629675704320,"ds_language":"mt","language":"et","label":"positive"}
{"tweetid":1186371828425486336,"ds_language":"mt","language":"sl","label":"positive"}
{"tweetid":1186363880219512832,"ds_language":"mt","language":"et","label":"positive"}
{"tweetid":1186359786633383936,"ds_language":"mt","language":"en","label":"positive"}
{"tweetid":1186357802803052544,"ds_language":"mt","language":"et","label":"positive"}
{"tweetid":1186345232515903488,"ds_language":"mt","language":"en","label":"positive"}
{"tweetid":1186338386287747072,"ds_language":"mt","language":"en","label":"positive"}
{"tweetid":1186325104520781824,"ds_language":"mt","language":"UNKNOWN","label":"positive"}
{"tweetid":1186028756651118592,"ds_language":"mt","language":"sl","label":"positive"}
{"tweetid":1186006998111936512,"ds_language":"mt","language":"so","label":"positive"}
{"tweetid":1185880436603604992,"ds_language":"mt","language":"et","label":"positive"}
{"tweetid":1185879593883975680,"ds_language":"mt","language":"et","label":"positive"}
{"tweetid":1185831824381140992,"ds_language":"mt","language":"sq","label":"positive"}
{"tweetid":1185815668719050752,"ds_language":"mt","language":"en","label":"positive"}
{"tweetid":1185431967115939840,"ds_language":"mt","language":"en","label":"positive"}
{"tweetid":1185268530452844544,"ds_language":"mt","language":"sl","label":"positive"}
{"tweetid":1185264381380169728,"ds_language":"mt","language":"en","label":"positive"}
{"tweetid":1185260757203615744,"ds_language":"mt","language":"en","label":"positive"}
{"tweetid":1185253710626058240,"ds_language":"mt","language":"da","label":"positive"}
{"tweetid":1185241882663587840,"ds_language":"mt","language":"en","label":"positive"}
{"tweetid":1185223260205506560,"ds_language":"mt","language":"en","label":"positive"}
{"tweetid":1185213193758613504,"ds_language":"mt","language":"en","label":"positive"}
{"tweetid":1185204385753763840,"ds_language":"mt","language":"en","label":"positive"}
{"tweetid":1185193312681988096,"ds_language":"mt","language":"en","label":"positive"}
{"tweetid":1185156570738581504,"ds_language":"mt","language":"en","label":"positive"}
{"tweetid":1185156244748636160,"ds_language":"mt","language":"en","label":"positive"}
{"tweetid":1185145655322390528,"ds_language":"mt","language":"en","label":"positive"}
{"tweetid":1185133921643589632,"ds_language":"mt","language":"en","label":"positive"}
{"tweetid":1184909693870735360,"ds_language":"mt","language":"en","label":"positive"}
{"tweetid":1184892833175658496,"ds_language":"mt","language":"en","label":"positive"}
{"tweetid":1184848792698445824,"ds_language":"mt","language":"en","label":"positive"}
{"tweetid":1184831680114089984,"ds_language":"mt","language":"en","label":"positive"}
{"tweetid":1184813964737294336,"ds_language":"mt","language":"sl","label":"positive"}
{"tweetid":1184802990835654656,"ds_language":"mt","language":"en","label":"positive"}
{"tweetid":1184756434233446400,"ds_language":"mt","language":"en","label":"positive"}
{"tweetid":1184752877153275904,"ds_language":"mt","language":"en","label":"positive"}
{"tweetid":1184739134621061120,"ds_language":"mt","language":"en","label":"positive"}
{"tweetid":1184691327264579584,"ds_language":"mt","language":"sl","label":"positive"}
{"tweetid":1184534974697000960,"ds_language":"mt","language":"en","label":"positive"}
{"tweetid":1184519623598690304,"ds_language":"mt","language":"en","label":"positive"}
{"tweetid":1184494460123701248,"ds_language":"mt","language":"da","label":"positive"}
{"tweetid":1184484391734525952,"ds_language":"mt","language":"en","label":"positive"}
{"tweetid":1184417732177154048,"ds_language":"mt","language":"en","label":"neutral"}
{"tweetid":1184386372997656576,"ds_language":"mt","language":"en","label":"positive"}
{"tweetid":1189496929098616832,"ds_language":"mt","language":"ca","label":"positive"}
{"tweetid":1189495955537715200,"ds_language":"mt","language":"it","label":"positive"}
{"tweetid":1189494290604613632,"ds_language":"mt","language":"fi","label":"positive"}
{"tweetid":1189492646559076352,"ds_language":"mt","language":"et","label":"positive"}
{"tweetid":1189491803390709760,"ds_language":"mt","language":"ro","label":"positive"}
{"tweetid":1189489389350592512,"ds_language":"mt","language":"id","label":"positive"}
{"tweetid":1189486799892168704,"ds_language":"mt","language":"sq","label":"positive"}
{"tweetid":1189484245217173504,"ds_language":"mt","language":"et","label":"positive"}
{"tweetid":1189482220177809408,"ds_language":"mt","language":"en","label":"positive"}
{"tweetid":1189481256385429504,"ds_language":"mt","language":"it","label":"positive"}
{"tweetid":1189191075665047552,"ds_language":"mt","language":"de","label":"neutral"}
{"tweetid":1188361188238942208,"ds_language":"mt","language":"en","label":"neutral"}
{"tweetid":1188356599955501056,"ds_language":"mt","language":"en","label":"neutral"}
{"tweetid":1186979471129227264,"ds_language":"mt","language":"en","label":"positive"}
{"tweetid":1186621124043591680,"ds_language":"mt","language":"en","label":"positive"}
{"tweetid":1184038283208204288,"ds_language":"mt","language":"en","label":"neutral"}
{"tweetid":1184020248795762688,"ds_language":"mt","language":"en","label":"neutral"}
{"tweetid":1183985922485968896,"ds_language":"mt","language":"en","label":"neutral"}
{"tweetid":1183955171338010624,"ds_language":"mt","language":"nl","label":"neutral"}
{"tweetid":1183895119797411840,"ds_language":"mt","language":"en","label":"neutral"}
{"tweetid":1183837464240119808,"ds_language":"mt","language":"en","label":"neutral"}
{"tweetid":1183829383188013056,"ds_language":"mt","language":"en","label":"neutral"}
{"tweetid":1183828844509310976,"ds_language":"mt","language":"en","label":"neutral"}
{"tweetid":1183828194115371008,"ds_language":"mt","language":"en","label":"neutral"}
{"tweetid":1183827656883802112,"ds_language":"mt","language":"en","label":"neutral"}
{"tweetid":1183824858620334080,"ds_language":"mt","language":"en","label":"neutral"}
{"tweetid":1183824681410936832,"ds_language":"mt","language":"en","label":"neutral"}
{"tweetid":1183823104914669568,"ds_language":"mt","language":"en","label":"neutral"}
{"tweetid":1183821442456215552,"ds_language":"mt","language":"en","label":"neutral"}
{"tweetid":1183820617012908032,"ds_language":"mt","language":"en","label":"neutral"}
{"tweetid":1183820547416821760,"ds_language":"mt","language":"en","label":"neutral"}
{"tweetid":1183820482883309568,"ds_language":"mt","language":"en","label":"neutral"}
{"tweetid":1183820342206357504,"ds_language":"mt","language":"en","label":"neutral"}
{"tweetid":1183813928620580864,"ds_language":"mt","language":"en","label":"neutral"}
{"tweetid":1183790452190920704,"ds_language":"mt","language":"en","label":"positive"}
{"tweetid":1183777065348321280,"ds_language":"mt","language":"en","label":"neutral"}
{"tweetid":1183774161484865536,"ds_language":"mt","language":"fi","label":"positive"}
{"tweetid":1183706552106147840,"ds_language":"mt","language":"en","label":"neutral"}
{"tweetid":1183661961898278912,"ds_language":"mt","language":"en","label":"neutral"}
{"tweetid":1183067340398907392,"ds_language":"mt","language":"en","label":"neutral"}
{"tweetid":1183020296124674048,"ds_language":"mt","language":"en","label":"neutral"}
{"tweetid":1176573413495889920,"ds_language":"mt","language":"et","label":"positive"}
{"tweetid":1225403214436143104,"ds_language":"mt","language":"en","label":"positive"}
{"tweetid":1212047554202001408,"ds_language":"mt","language":"en","label":"positive"}
{"tweetid":1197217177314693120,"ds_language":"mt","language":"fi","label":"positive"}
{"tweetid":1192505402933551104,"ds_language":"mt","language":"en","label":"neutral"}
{"tweetid":1187233522399891456,"ds_language":"mt","language":"en","label":"neutral"}
{"tweetid":1186837246802059264,"ds_language":"mt","language":"en","label":"neutral"}
{"tweetid":1184109950676754432,"ds_language":"mt","language":"en","label":"neutral"}
{"tweetid":1183863917191122944,"ds_language":"mt","language":"en","label":"neutral"}
{"tweetid":1183844563640733696,"ds_language":"mt","language":"en","label":"positive"}
{"tweetid":1183675111431442432,"ds_language":"mt","language":"en","label":"neutral"}
{"tweetid":1183667852840189952,"ds_language":"mt","language":"de","label":"neutral"}
{"tweetid":1182228290339098624,"ds_language":"mt","language":"en","label":"negative"}
{"tweetid":1178740794540412928,"ds_language":"mt","language":"en","label":"positive"}
{"tweetid":1172429015711240192,"ds_language":"mt","language":"da","label":"neutral"}
{"tweetid":1195275373400993792,"ds_language":"mt","language":"en","label":"neutral"}
{"tweetid":1194168461120946176,"ds_language":"mt","language":"ro","label":"positive"}
{"tweetid":1189608756226727936,"ds_language":"mt","language":"en","label":"positive"}
{"tweetid":1188711100382171136,"ds_language":"mt","language":"sl","label":"positive"}
{"tweetid":1188389040539815936,"ds_language":"mt","language":"en","label":"positive"}
{"tweetid":1187354329134571520,"ds_language":"mt","language":"en","label":"neutral"}
{"tweetid":1187354080903086080,"ds_language":"mt","language":"en","label":"neutral"}
{"tweetid":1187353779009740800,"ds_language":"mt","language":"en","label":"neutral"}
{"tweetid":1187353028455735296,"ds_language":"mt","language":"en","label":"neutral"}
{"tweetid":1187082798366113792,"ds_language":"mt","language":"en","label":"positive"}
{"tweetid":1186617296099389440,"ds_language":"mt","language":"en","label":"positive"}
{"tweetid":1186551324105674752,"ds_language":"mt","language":"en","label":"positive"}
{"tweetid":1183821227405795328,"ds_language":"mt","language":"en","label":"negative"}
