{"tweetid":134599140071059457,"ds_language":"it","language":"it","label":"negative"}
{"tweetid":134751734521278465,"ds_language":"it","language":"it","label":"neutral"}
{"tweetid":136749587821113344,"ds_language":"it","language":"it","label":"neutral"}
{"tweetid":137086129550802945,"ds_language":"it","language":"it","label":"neutral"}
{"tweetid":144848709778288641,"ds_language":"it","language":"fi","label":"negative"}
{"tweetid":145420475881889792,"ds_language":"it","language":"it","label":"neutral"}
{"tweetid":145452745376272384,"ds_language":"it","language":"it","label":"neutral"}
{"tweetid":147447237541232641,"ds_language":"it","language":"it","label":"neutral"}
{"tweetid":147449077737586688,"ds_language":"it","language":"it","label":"neutral"}
{"tweetid":147984268537241601,"ds_language":"it","language":"it","label":"neutral"}
{"tweetid":149428769063575552,"ds_language":"it","language":"it","label":"negative"}
{"tweetid":156290834558488577,"ds_language":"it","language":"it","label":"negative"}
{"tweetid":161223195603636225,"ds_language":"it","language":"it","label":"neutral"}
{"tweetid":162848923009028096,"ds_language":"it","language":"it","label":"neutral"}
{"tweetid":186725325584089088,"ds_language":"it","language":"it","label":"positive"}
{"tweetid":189361167347613697,"ds_language":"it","language":"it","label":"positive"}
{"tweetid":191035670461022209,"ds_language":"it","language":"it","label":"positive"}
{"tweetid":191174194485145603,"ds_language":"it","language":"it","label":"neutral"}
{"tweetid":191791495102205952,"ds_language":"it","language":"it","label":"negative"}
{"tweetid":192684978348371969,"ds_language":"it","language":"it","label":"negative"}
{"tweetid":192959853038288897,"ds_language":"it","language":"it","label":"positive"}
{"tweetid":193015379386302464,"ds_language":"it","language":"it","label":"negative"}
{"tweetid":193382865050943488,"ds_language":"it","language":"it","label":"neutral"}
{"tweetid":195528465678737408,"ds_language":"it","language":"it","label":"positive"}
{"tweetid":195534584392331264,"ds_language":"it","language":"it","label":"neutral"}
{"tweetid":196566478881959936,"ds_language":"it","language":"it","label":"neutral"}
{"tweetid":391804039374962689,"ds_language":"it","language":"it","label":"positive"}
{"tweetid":391824577741213696,"ds_language":"it","language":"it","label":"neutral"}
{"tweetid":391824581537042432,"ds_language":"it","language":"so","label":"neutral"}
{"tweetid":391842323233243136,"ds_language":"it","language":"en","label":"negative"}
{"tweetid":391867324682502144,"ds_language":"it","language":"it","label":"neutral"}
{"tweetid":391904066705821696,"ds_language":"it","language":"it","label":"neutral"}
{"tweetid":391929957930528768,"ds_language":"it","language":"it","label":"neutral"}
{"tweetid":391936437249384448,"ds_language":"it","language":"it","label":"positive"}
{"tweetid":391982743556739072,"ds_language":"it","language":"it","label":"positive"}
{"tweetid":392016631184252928,"ds_language":"it","language":"it","label":"neutral"}
{"tweetid":392016635126890497,"ds_language":"it","language":"pt","label":"positive"}
{"tweetid":393138132520304640,"ds_language":"it","language":"it","label":"positive"}
{"tweetid":393238569785229312,"ds_language":"it","language":"it","label":"negative"}
{"tweetid":393296541743853568,"ds_language":"it","language":"it","label":"positive"}
{"tweetid":393356768685723648,"ds_language":"it","language":"it","label":"neutral"}
{"tweetid":393443909705404416,"ds_language":"it","language":"it","label":"positive"}
{"tweetid":395498361690005504,"ds_language":"it","language":"it","label":"positive"}
{"tweetid":395504741025071104,"ds_language":"it","language":"it","label":"positive"}
{"tweetid":395583013037568000,"ds_language":"it","language":"it","label":"negative"}
{"tweetid":395597661602320384,"ds_language":"it","language":"it","label":"positive"}
{"tweetid":395637622220914688,"ds_language":"it","language":"it","label":"negative"}
{"tweetid":396464197602516992,"ds_language":"it","language":"it","label":"positive"}
{"tweetid":396684625248276480,"ds_language":"it","language":"en","label":"negative"}
{"tweetid":286113173491306496,"ds_language":"it","language":"it","label":"positive"}
{"tweetid":287884217063464960,"ds_language":"it","language":"it","label":"neutral"}
{"tweetid":290219603106344961,"ds_language":"it","language":"it","label":"neutral"}
{"tweetid":290834582188744705,"ds_language":"it","language":"en","label":"positive"}
{"tweetid":292367015786725376,"ds_language":"it","language":"it","label":"neutral"}
{"tweetid":293288428362137600,"ds_language":"it","language":"it","label":"negative"}
{"tweetid":293650894115987456,"ds_language":"it","language":"it","label":"neutral"}
{"tweetid":296579279817416705,"ds_language":"it","language":"it","label":"neutral"}
