{"tweetid":142893813671804928,"ds_language":"es","language":"es","label":"positive"}
{"tweetid":142981434817253376,"ds_language":"es","language":"es","label":"positive"}
{"tweetid":144014719026601984,"ds_language":"es","language":"UNKNOWN","label":"positive"}
{"tweetid":145391042978512896,"ds_language":"es","language":"es","label":"positive"}
{"tweetid":145471921759326208,"ds_language":"es","language":"es","label":"neutral"}
{"tweetid":145823481433559040,"ds_language":"es","language":"es","label":"positive"}
{"tweetid":145881283812270080,"ds_language":"es","language":"es","label":"negative"}
{"tweetid":145991917350555649,"ds_language":"es","language":"es","label":"positive"}
{"tweetid":150235324952494080,"ds_language":"es","language":"es","label":"positive"}
{"tweetid":150556468641398785,"ds_language":"es","language":"es","label":"neutral"}
{"tweetid":152017925396639744,"ds_language":"es","language":"es","label":"positive"}
{"tweetid":154244005335539712,"ds_language":"es","language":"es","label":"negative"}
{"tweetid":154333742394114048,"ds_language":"es","language":"es","label":"positive"}
{"tweetid":154337156448526336,"ds_language":"es","language":"es","label":"positive"}
{"tweetid":155328789713395712,"ds_language":"es","language":"es","label":"positive"}
{"tweetid":155589023631552512,"ds_language":"es","language":"es","label":"positive"}
{"tweetid":155630072064253952,"ds_language":"es","language":"es","label":"positive"}
{"tweetid":159806924538384384,"ds_language":"es","language":"es","label":"neutral"}
{"tweetid":161038377540534272,"ds_language":"es","language":"es","label":"positive"}
{"tweetid":161098667732910081,"ds_language":"es","language":"ca","label":"positive"}
{"tweetid":161930535936069633,"ds_language":"es","language":"es","label":"positive"}
{"tweetid":165421234132238336,"ds_language":"es","language":"sw","label":"neutral"}
{"tweetid":165691405379960832,"ds_language":"es","language":"es","label":"positive"}
{"tweetid":165973795402821632,"ds_language":"es","language":"en","label":"positive"}
{"tweetid":166458833198256128,"ds_language":"es","language":"es","label":"positive"}
{"tweetid":166494623534022656,"ds_language":"es","language":"es","label":"positive"}
{"tweetid":169007430850711552,"ds_language":"es","language":"es","label":"negative"}
{"tweetid":169911849226223616,"ds_language":"es","language":"es","label":"neutral"}
{"tweetid":171217240153260032,"ds_language":"es","language":"es","label":"negative"}
{"tweetid":171326217214115840,"ds_language":"es","language":"ca","label":"positive"}
{"tweetid":174946995922931712,"ds_language":"es","language":"es","label":"positive"}
{"tweetid":178057260000485377,"ds_language":"es","language":"es","label":"positive"}
{"tweetid":178516258336161794,"ds_language":"es","language":"es","label":"positive"}
{"tweetid":178757274192445441,"ds_language":"es","language":"es","label":"positive"}
{"tweetid":179966358640017408,"ds_language":"es","language":"es","label":"negative"}
{"tweetid":182212469605924865,"ds_language":"es","language":"es","label":"neutral"}
{"tweetid":182452840285999104,"ds_language":"es","language":"es","label":"positive"}
{"tweetid":184586459427250177,"ds_language":"es","language":"es","label":"positive"}
{"tweetid":189010083978543105,"ds_language":"es","language":"es","label":"neutral"}
