{"tweetid":142496796416016384,"ds_language":"es","language":"es","label":"positive"}
{"tweetid":142753858559553536,"ds_language":"es","language":"de","label":"neutral"}
{"tweetid":142933511345668097,"ds_language":"es","language":"es","label":"positive"}
{"tweetid":142975775732269056,"ds_language":"es","language":"es","label":"neutral"}
{"tweetid":143009263600664577,"ds_language":"es","language":"es","label":"neutral"}
{"tweetid":143062944438161409,"ds_language":"es","language":"pt","label":"neutral"}
{"tweetid":143070052793581568,"ds_language":"es","language":"pt","label":"positive"}
{"tweetid":143309719174529025,"ds_language":"es","language":"es","label":"positive"}
{"tweetid":143414408675196929,"ds_language":"es","language":"es","label":"positive"}
{"tweetid":144121476843438080,"ds_language":"es","language":"es","label":"positive"}
{"tweetid":144523015403741184,"ds_language":"es","language":"es","label":"negative"}
{"tweetid":144784098899144704,"ds_language":"es","language":"es","label":"positive"}
{"tweetid":145475569826537472,"ds_language":"es","language":"es","label":"negative"}
{"tweetid":145789235553767425,"ds_language":"es","language":"es","label":"negative"}
{"tweetid":145831956251295746,"ds_language":"es","language":"it","label":"positive"}
{"tweetid":145869000285495297,"ds_language":"es","language":"es","label":"neutral"}
{"tweetid":145994351967879171,"ds_language":"es","language":"es","label":"positive"}
{"tweetid":146030751677288448,"ds_language":"es","language":"es","label":"positive"}
{"tweetid":146260014196211712,"ds_language":"es","language":"es","label":"neutral"}
{"tweetid":146265525473910784,"ds_language":"es","language":"es","label":"neutral"}
{"tweetid":146316610565713920,"ds_language":"es","language":"es","label":"neutral"}
{"tweetid":146504703386198016,"ds_language":"es","language":"es","label":"neutral"}
{"tweetid":146505516489781248,"ds_language":"es","language":"en","label":"neutral"}
{"tweetid":146534688926859264,"ds_language":"es","language":"es","label":"neutral"}
{"tweetid":146577325088190464,"ds_language":"es","language":"es","label":"neutral"}
{"tweetid":146681617421836290,"ds_language":"es","language":"pt","label":"neutral"}
{"tweetid":146706977739902978,"ds_language":"es","language":"ca","label":"neutral"}
{"tweetid":146743672338251776,"ds_language":"es","language":"es","label":"neutral"}
{"tweetid":146745848498368512,"ds_language":"es","language":"es","label":"neutral"}
{"tweetid":147450854713204737,"ds_language":"es","language":"es","label":"neutral"}
{"tweetid":147703073920389120,"ds_language":"es","language":"es","label":"positive"}
{"tweetid":147781856551649280,"ds_language":"es","language":"es","label":"negative"}
{"tweetid":148380334977843200,"ds_language":"es","language":"es","label":"neutral"}
{"tweetid":148404722229977089,"ds_language":"es","language":"es","label":"neutral"}
{"tweetid":148564633911963650,"ds_language":"es","language":"en","label":"positive"}
{"tweetid":149395761690447873,"ds_language":"es","language":"es","label":"positive"}
{"tweetid":149431296496631809,"ds_language":"es","language":"es","label":"positive"}
{"tweetid":149579945474129921,"ds_language":"es","language":"it","label":"neutral"}
{"tweetid":149619561723990016,"ds_language":"es","language":"es","label":"neutral"}
{"tweetid":149980246203043840,"ds_language":"es","language":"it","label":"positive"}
{"tweetid":149991560803651584,"ds_language":"es","language":"es","label":"positive"}
{"tweetid":150147784387997697,"ds_language":"es","language":"es","label":"positive"}
{"tweetid":150263507181502464,"ds_language":"es","language":"es","label":"neutral"}
{"tweetid":150534175110336513,"ds_language":"es","language":"es","label":"neutral"}
{"tweetid":150556296435867648,"ds_language":"es","language":"es","label":"neutral"}
{"tweetid":150625026155089920,"ds_language":"es","language":"es","label":"positive"}
{"tweetid":150655708130582528,"ds_language":"es","language":"es","label":"neutral"}
{"tweetid":151447668013543424,"ds_language":"es","language":"es","label":"positive"}
{"tweetid":151630582898626560,"ds_language":"es","language":"ca","label":"neutral"}
{"tweetid":151660165253443584,"ds_language":"es","language":"es","label":"neutral"}
{"tweetid":151680930459815937,"ds_language":"es","language":"es","label":"neutral"}
{"tweetid":151690662457262080,"ds_language":"es","language":"es","label":"positive"}
{"tweetid":152180233779425280,"ds_language":"es","language":"es","label":"neutral"}
{"tweetid":153018817449164800,"ds_language":"es","language":"et","label":"positive"}
{"tweetid":153169882807152640,"ds_language":"es","language":"es","label":"positive"}
{"tweetid":153193943541100544,"ds_language":"es","language":"es","label":"positive"}
{"tweetid":153486880401408000,"ds_language":"es","language":"es","label":"neutral"}
{"tweetid":153853393033637888,"ds_language":"es","language":"es","label":"positive"}
{"tweetid":153975973996531713,"ds_language":"es","language":"es","label":"neutral"}
{"tweetid":154290062098575360,"ds_language":"es","language":"es","label":"neutral"}
{"tweetid":154316968583905281,"ds_language":"es","language":"es","label":"neutral"}
{"tweetid":154671109130813440,"ds_language":"es","language":"es","label":"positive"}
{"tweetid":154679607562469376,"ds_language":"es","language":"es","label":"positive"}
{"tweetid":154908110895583232,"ds_language":"es","language":"es","label":"neutral"}
{"tweetid":154951428081856512,"ds_language":"es","language":"es","label":"positive"}
{"tweetid":154991013872680960,"ds_language":"es","language":"sk","label":"positive"}
{"tweetid":154995543150571520,"ds_language":"es","language":"es","label":"negative"}
{"tweetid":155078314476847105,"ds_language":"es","language":"es","label":"positive"}
{"tweetid":155244968074686464,"ds_language":"es","language":"es","label":"positive"}
{"tweetid":155371752761999360,"ds_language":"es","language":"ro","label":"neutral"}
{"tweetid":155372313985028096,"ds_language":"es","language":"es","label":"positive"}
{"tweetid":155430368156196865,"ds_language":"es","language":"en","label":"positive"}
{"tweetid":155612817255440384,"ds_language":"es","language":"es","label":"positive"}
{"tweetid":155616168806326272,"ds_language":"es","language":"UNKNOWN","label":"negative"}
{"tweetid":155683560282525696,"ds_language":"es","language":"es","label":"positive"}
{"tweetid":155972784198135808,"ds_language":"es","language":"es","label":"positive"}
{"tweetid":155980368510586880,"ds_language":"es","language":"pt","label":"positive"}
{"tweetid":156293680074985472,"ds_language":"es","language":"es","label":"positive"}
{"tweetid":156340639854899201,"ds_language":"es","language":"es","label":"neutral"}
{"tweetid":156418726101663744,"ds_language":"es","language":"es","label":"neutral"}
{"tweetid":156421092049829888,"ds_language":"es","language":"pt","label":"negative"}
{"tweetid":156643770450968576,"ds_language":"es","language":"es","label":"neutral"}
{"tweetid":156811268248973312,"ds_language":"es","language":"es","label":"neutral"}
{"tweetid":156885601751285761,"ds_language":"es","language":"es","label":"positive"}
{"tweetid":157143824240623616,"ds_language":"es","language":"es","label":"neutral"}
{"tweetid":157173668299018240,"ds_language":"es","language":"es","label":"neutral"}
{"tweetid":157425364958851073,"ds_language":"es","language":"it","label":"negative"}
{"tweetid":157545679697362944,"ds_language":"es","language":"es","label":"positive"}
{"tweetid":157760866756984832,"ds_language":"es","language":"es","label":"positive"}
{"tweetid":157863302108680192,"ds_language":"es","language":"es","label":"neutral"}
{"tweetid":157875057635491841,"ds_language":"es","language":"es","label":"neutral"}
{"tweetid":157884463836180481,"ds_language":"es","language":"es","label":"positive"}
{"tweetid":157898064693174273,"ds_language":"es","language":"es","label":"positive"}
{"tweetid":157909700548112385,"ds_language":"es","language":"es","label":"neutral"}
{"tweetid":157984373910679552,"ds_language":"es","language":"no","label":"positive"}
{"tweetid":158133675706425344,"ds_language":"es","language":"it","label":"positive"}
{"tweetid":158342779595014144,"ds_language":"es","language":"lt","label":"positive"}
{"tweetid":158351307734913024,"ds_language":"es","language":"en","label":"positive"}
{"tweetid":158552715914522625,"ds_language":"es","language":"it","label":"neutral"}
{"tweetid":158584731913560064,"ds_language":"es","language":"es","label":"positive"}
{"tweetid":159046153239937026,"ds_language":"es","language":"es","label":"neutral"}
{"tweetid":159365588320403463,"ds_language":"es","language":"es","label":"positive"}
{"tweetid":159419600088469504,"ds_language":"es","language":"es","label":"neutral"}
{"tweetid":159423085345390593,"ds_language":"es","language":"es","label":"positive"}
{"tweetid":159806924538384384,"ds_language":"es","language":"es","label":"neutral"}
{"tweetid":159813856607219712,"ds_language":"es","language":"es","label":"positive"}
{"tweetid":160014006634033152,"ds_language":"es","language":"vi","label":"neutral"}
{"tweetid":160025339697954816,"ds_language":"es","language":"it","label":"positive"}
{"tweetid":160084131898855424,"ds_language":"es","language":"es","label":"neutral"}
{"tweetid":160108978708295680,"ds_language":"es","language":"es","label":"neutral"}
{"tweetid":160147380417736705,"ds_language":"es","language":"en","label":"neutral"}
{"tweetid":160501714095579136,"ds_language":"es","language":"es","label":"neutral"}
{"tweetid":160533470181982208,"ds_language":"es","language":"et","label":"neutral"}
{"tweetid":160545964371873793,"ds_language":"es","language":"es","label":"positive"}
{"tweetid":160682480314228736,"ds_language":"es","language":"es","label":"positive"}
{"tweetid":160683379975667712,"ds_language":"es","language":"pt","label":"neutral"}
{"tweetid":160720292090621952,"ds_language":"es","language":"es","label":"neutral"}
{"tweetid":160720582474858496,"ds_language":"es","language":"es","label":"negative"}
{"tweetid":160721005831131137,"ds_language":"es","language":"es","label":"positive"}
{"tweetid":160876771422650368,"ds_language":"es","language":"ca","label":"positive"}
{"tweetid":161165177641902081,"ds_language":"es","language":"fr","label":"positive"}
{"tweetid":161360904284418048,"ds_language":"es","language":"es","label":"neutral"}
{"tweetid":161398995304984576,"ds_language":"es","language":"es","label":"neutral"}
{"tweetid":161564527958306816,"ds_language":"es","language":"es","label":"positive"}
{"tweetid":161866673064906752,"ds_language":"es","language":"es","label":"positive"}
{"tweetid":162305284444913665,"ds_language":"es","language":"es","label":"neutral"}
{"tweetid":162442887286628352,"ds_language":"es","language":"es","label":"neutral"}
{"tweetid":162839291200933888,"ds_language":"es","language":"es","label":"positive"}
{"tweetid":163059710516400128,"ds_language":"es","language":"en","label":"positive"}
{"tweetid":163246848851718145,"ds_language":"es","language":"es","label":"neutral"}
{"tweetid":163578334922555392,"ds_language":"es","language":"es","label":"positive"}
{"tweetid":163581794288013313,"ds_language":"es","language":"es","label":"neutral"}
{"tweetid":163726523600347137,"ds_language":"es","language":"es","label":"positive"}
{"tweetid":163760772818800641,"ds_language":"es","language":"es","label":"neutral"}
{"tweetid":164054980507086848,"ds_language":"es","language":"es","label":"neutral"}
{"tweetid":164355895881515008,"ds_language":"es","language":"es","label":"positive"}
{"tweetid":164362470151028736,"ds_language":"es","language":"pt","label":"positive"}
{"tweetid":164411148559585281,"ds_language":"es","language":"es","label":"neutral"}
{"tweetid":164427501928579074,"ds_language":"es","language":"es","label":"positive"}
{"tweetid":164507157784571904,"ds_language":"es","language":"en","label":"positive"}
{"tweetid":164697034845196288,"ds_language":"es","language":"es","label":"positive"}
{"tweetid":164746658016526336,"ds_language":"es","language":"UNKNOWN","label":"negative"}
{"tweetid":164833272214466561,"ds_language":"es","language":"es","label":"neutral"}
{"tweetid":165100904759046145,"ds_language":"es","language":"es","label":"neutral"}
{"tweetid":165118080060620800,"ds_language":"es","language":"es","label":"positive"}
{"tweetid":165241206383714305,"ds_language":"es","language":"en","label":"positive"}
{"tweetid":165372660581285888,"ds_language":"es","language":"es","label":"neutral"}
{"tweetid":165414868437049344,"ds_language":"es","language":"es","label":"neutral"}
{"tweetid":165443082005905409,"ds_language":"es","language":"es","label":"neutral"}
{"tweetid":165457354404528128,"ds_language":"es","language":"es","label":"positive"}
{"tweetid":165517951108255744,"ds_language":"es","language":"es","label":"neutral"}
{"tweetid":165552657044484096,"ds_language":"es","language":"es","label":"positive"}
{"tweetid":165686465681035264,"ds_language":"es","language":"es","label":"positive"}
{"tweetid":165688652284964865,"ds_language":"es","language":"pt","label":"positive"}
{"tweetid":165742106575519744,"ds_language":"es","language":"es","label":"neutral"}
{"tweetid":165758623925018624,"ds_language":"es","language":"pt","label":"neutral"}
{"tweetid":165780369713528832,"ds_language":"es","language":"es","label":"positive"}
{"tweetid":165785999799103488,"ds_language":"es","language":"cy","label":"positive"}
{"tweetid":165973795402821632,"ds_language":"es","language":"en","label":"positive"}
{"tweetid":166122219494322176,"ds_language":"es","language":"es","label":"negative"}
{"tweetid":166151028058750978,"ds_language":"es","language":"es","label":"negative"}
{"tweetid":166279173172760576,"ds_language":"es","language":"es","label":"neutral"}
{"tweetid":166332049869914113,"ds_language":"es","language":"es","label":"positive"}
{"tweetid":166470846267916288,"ds_language":"es","language":"es","label":"positive"}
{"tweetid":166602702271426560,"ds_language":"es","language":"es","label":"positive"}
{"tweetid":166659688799277056,"ds_language":"es","language":"es","label":"positive"}
{"tweetid":166795699214753792,"ds_language":"es","language":"es","label":"neutral"}
{"tweetid":166810290338545664,"ds_language":"es","language":"es","label":"neutral"}
{"tweetid":166863960992256000,"ds_language":"es","language":"es","label":"neutral"}
{"tweetid":167182760002330625,"ds_language":"es","language":"pt","label":"negative"}
{"tweetid":167200494287192065,"ds_language":"es","language":"es","label":"positive"}
{"tweetid":167218760346902529,"ds_language":"es","language":"es","label":"neutral"}
{"tweetid":167394921723080706,"ds_language":"es","language":"en","label":"positive"}
{"tweetid":167710724288811008,"ds_language":"es","language":"so","label":"positive"}
{"tweetid":167752143502188544,"ds_language":"es","language":"es","label":"positive"}
{"tweetid":167878515868450816,"ds_language":"es","language":"es","label":"neutral"}
{"tweetid":167939678358609920,"ds_language":"es","language":"es","label":"positive"}
{"tweetid":168031430948040705,"ds_language":"es","language":"es","label":"positive"}
{"tweetid":168224461886205952,"ds_language":"es","language":"pt","label":"positive"}
{"tweetid":168291253207842816,"ds_language":"es","language":"pt","label":"negative"}
{"tweetid":168446238096752642,"ds_language":"es","language":"es","label":"neutral"}
{"tweetid":168469406815485952,"ds_language":"es","language":"es","label":"neutral"}
{"tweetid":168508097747357697,"ds_language":"es","language":"en","label":"positive"}
{"tweetid":168636524785696768,"ds_language":"es","language":"es","label":"neutral"}
{"tweetid":168831719582089217,"ds_language":"es","language":"es","label":"neutral"}
{"tweetid":169190310826606593,"ds_language":"es","language":"es","label":"negative"}
{"tweetid":169338733148127233,"ds_language":"es","language":"es","label":"negative"}
{"tweetid":169393162673065984,"ds_language":"es","language":"es","label":"positive"}
{"tweetid":169474186711015424,"ds_language":"es","language":"es","label":"neutral"}
{"tweetid":169547319103066113,"ds_language":"es","language":"es","label":"neutral"}
{"tweetid":169924145776312322,"ds_language":"es","language":"es","label":"positive"}
{"tweetid":169942596863541250,"ds_language":"es","language":"it","label":"neutral"}
{"tweetid":170087550315266048,"ds_language":"es","language":"es","label":"positive"}
{"tweetid":170094660314857472,"ds_language":"es","language":"es","label":"positive"}
{"tweetid":170276950580019200,"ds_language":"es","language":"es","label":"neutral"}
{"tweetid":170283688611950592,"ds_language":"es","language":"so","label":"neutral"}
{"tweetid":170448296639348736,"ds_language":"es","language":"es","label":"negative"}
{"tweetid":170490680987230208,"ds_language":"es","language":"es","label":"positive"}
{"tweetid":170530748728737794,"ds_language":"es","language":"es","label":"positive"}
{"tweetid":170545831148130304,"ds_language":"es","language":"es","label":"neutral"}
{"tweetid":170599590368772096,"ds_language":"es","language":"pt","label":"neutral"}
{"tweetid":170784184065994752,"ds_language":"es","language":"es","label":"negative"}
{"tweetid":170852898241134592,"ds_language":"es","language":"es","label":"positive"}
{"tweetid":171159666972303360,"ds_language":"es","language":"es","label":"neutral"}
{"tweetid":171184471192768512,"ds_language":"es","language":"es","label":"positive"}
{"tweetid":171210909526671360,"ds_language":"es","language":"da","label":"neutral"}
{"tweetid":171248981509275649,"ds_language":"es","language":"es","label":"neutral"}
{"tweetid":171339593306734592,"ds_language":"es","language":"es","label":"neutral"}
{"tweetid":171360688797786112,"ds_language":"es","language":"en","label":"positive"}
{"tweetid":171380120978857985,"ds_language":"es","language":"es","label":"positive"}
{"tweetid":171503999554551810,"ds_language":"es","language":"es","label":"neutral"}
{"tweetid":171602769411710978,"ds_language":"es","language":"es","label":"positive"}
{"tweetid":171984771637985280,"ds_language":"es","language":"es","label":"neutral"}
{"tweetid":172221482938806272,"ds_language":"es","language":"es","label":"neutral"}
{"tweetid":172313355317559296,"ds_language":"es","language":"es","label":"neutral"}
{"tweetid":172437601708556289,"ds_language":"es","language":"it","label":"neutral"}
{"tweetid":172466881549172736,"ds_language":"es","language":"en","label":"positive"}
{"tweetid":172645473537110017,"ds_language":"es","language":"es","label":"neutral"}
{"tweetid":172715044004573184,"ds_language":"es","language":"es","label":"neutral"}
{"tweetid":172745606064902144,"ds_language":"es","language":"es","label":"positive"}
{"tweetid":172803643345608704,"ds_language":"es","language":"es","label":"neutral"}
{"tweetid":173054956432130050,"ds_language":"es","language":"es","label":"positive"}
{"tweetid":173115940572119040,"ds_language":"es","language":"es","label":"positive"}
{"tweetid":173127011030667264,"ds_language":"es","language":"es","label":"positive"}
{"tweetid":173203951888502786,"ds_language":"es","language":"en","label":"positive"}
{"tweetid":173316972677840896,"ds_language":"es","language":"es","label":"negative"}
{"tweetid":173365412631814144,"ds_language":"es","language":"es","label":"positive"}
{"tweetid":173539189491630080,"ds_language":"es","language":"pt","label":"negative"}
{"tweetid":173565540844044288,"ds_language":"es","language":"es","label":"neutral"}
{"tweetid":174049987087441920,"ds_language":"es","language":"es","label":"positive"}
{"tweetid":174438825093906432,"ds_language":"es","language":"es","label":"positive"}
{"tweetid":174624102605262848,"ds_language":"es","language":"es","label":"neutral"}
{"tweetid":175176424578220033,"ds_language":"es","language":"es","label":"positive"}
{"tweetid":175320565765259264,"ds_language":"es","language":"es","label":"positive"}
{"tweetid":176063400462397440,"ds_language":"es","language":"es","label":"positive"}
{"tweetid":176257143056515072,"ds_language":"es","language":"tl","label":"neutral"}
{"tweetid":176303631723794433,"ds_language":"es","language":"es","label":"neutral"}
{"tweetid":176706258336874496,"ds_language":"es","language":"lt","label":"neutral"}
{"tweetid":176782582330036225,"ds_language":"es","language":"en","label":"positive"}
{"tweetid":176903468274028544,"ds_language":"es","language":"es","label":"positive"}
{"tweetid":177013184710967299,"ds_language":"es","language":"es","label":"positive"}
{"tweetid":177020819099234306,"ds_language":"es","language":"es","label":"positive"}
{"tweetid":177521535228194816,"ds_language":"es","language":"pt","label":"neutral"}
{"tweetid":177547172726845440,"ds_language":"es","language":"es","label":"positive"}
{"tweetid":177695637570191360,"ds_language":"es","language":"pt","label":"positive"}
{"tweetid":177700282627665920,"ds_language":"es","language":"es","label":"neutral"}
{"tweetid":177709193267134464,"ds_language":"es","language":"es","label":"neutral"}
{"tweetid":177818378491277312,"ds_language":"es","language":"es","label":"positive"}
{"tweetid":177819414723436544,"ds_language":"es","language":"lt","label":"positive"}
{"tweetid":177875701435871232,"ds_language":"es","language":"es","label":"positive"}
{"tweetid":177907896632360961,"ds_language":"es","language":"es","label":"positive"}
{"tweetid":178049466111246336,"ds_language":"es","language":"es","label":"neutral"}
{"tweetid":178057260000485377,"ds_language":"es","language":"es","label":"neutral"}
{"tweetid":178152023223566337,"ds_language":"es","language":"es","label":"positive"}
{"tweetid":178200699149103105,"ds_language":"es","language":"es","label":"positive"}
{"tweetid":178271578268778497,"ds_language":"es","language":"es","label":"neutral"}
{"tweetid":178415458360377345,"ds_language":"es","language":"es","label":"positive"}
{"tweetid":178557614727249920,"ds_language":"es","language":"hu","label":"positive"}
{"tweetid":178562383533453313,"ds_language":"es","language":"es","label":"neutral"}
{"tweetid":178757274192445441,"ds_language":"es","language":"es","label":"positive"}
{"tweetid":178945542062227456,"ds_language":"es","language":"es","label":"positive"}
{"tweetid":178960811644030976,"ds_language":"es","language":"fr","label":"positive"}
{"tweetid":179173162469179392,"ds_language":"es","language":"es","label":"positive"}
{"tweetid":179306212653924352,"ds_language":"es","language":"es","label":"negative"}
{"tweetid":179308423870033921,"ds_language":"es","language":"ca","label":"positive"}
{"tweetid":179392558579982337,"ds_language":"es","language":"es","label":"positive"}
{"tweetid":179497050260520961,"ds_language":"es","language":"es","label":"positive"}
{"tweetid":179528592135434242,"ds_language":"es","language":"es","label":"neutral"}
{"tweetid":179545180452569088,"ds_language":"es","language":"sk","label":"negative"}
{"tweetid":179633489468076032,"ds_language":"es","language":"es","label":"positive"}
{"tweetid":179882571050651648,"ds_language":"es","language":"en","label":"positive"}
{"tweetid":180008324182441984,"ds_language":"es","language":"es","label":"positive"}
{"tweetid":180027417501507584,"ds_language":"es","language":"en","label":"positive"}
{"tweetid":180251517595549696,"ds_language":"es","language":"es","label":"negative"}
{"tweetid":180285477394452483,"ds_language":"es","language":"pt","label":"neutral"}
{"tweetid":180377653835075584,"ds_language":"es","language":"en","label":"positive"}
{"tweetid":180397545804140545,"ds_language":"es","language":"es","label":"positive"}
{"tweetid":180604337997889536,"ds_language":"es","language":"es","label":"negative"}
{"tweetid":180610977304289280,"ds_language":"es","language":"es","label":"neutral"}
{"tweetid":180683023224815616,"ds_language":"es","language":"es","label":"negative"}
{"tweetid":180765651181387776,"ds_language":"es","language":"es","label":"positive"}
{"tweetid":180782369450639361,"ds_language":"es","language":"es","label":"neutral"}
{"tweetid":181144275705274369,"ds_language":"es","language":"es","label":"positive"}
{"tweetid":181145348067168256,"ds_language":"es","language":"es","label":"neutral"}
{"tweetid":181342481697353729,"ds_language":"es","language":"es","label":"neutral"}
{"tweetid":181342524294692865,"ds_language":"es","language":"es","label":"neutral"}
{"tweetid":181480981205762048,"ds_language":"es","language":"en","label":"positive"}
{"tweetid":181647338962567168,"ds_language":"es","language":"es","label":"neutral"}
{"tweetid":181701892747960321,"ds_language":"es","language":"es","label":"positive"}
{"tweetid":181766409230098432,"ds_language":"es","language":"es","label":"positive"}
{"tweetid":182151667540701184,"ds_language":"es","language":"es","label":"positive"}
{"tweetid":182181516816814080,"ds_language":"es","language":"es","label":"positive"}
{"tweetid":182240004637081601,"ds_language":"es","language":"es","label":"neutral"}
{"tweetid":182445896288583680,"ds_language":"es","language":"es","label":"positive"}
{"tweetid":182448740987174912,"ds_language":"es","language":"es","label":"positive"}
{"tweetid":182734167187013632,"ds_language":"es","language":"es","label":"negative"}
{"tweetid":182806499280695297,"ds_language":"es","language":"es","label":"neutral"}
{"tweetid":182983895636119554,"ds_language":"es","language":"es","label":"positive"}
{"tweetid":183092360593408000,"ds_language":"es","language":"pt","label":"neutral"}
{"tweetid":183340527104700416,"ds_language":"es","language":"de","label":"positive"}
{"tweetid":183578915497984000,"ds_language":"es","language":"es","label":"positive"}
{"tweetid":183629909128790016,"ds_language":"es","language":"es","label":"neutral"}
{"tweetid":183938635496820736,"ds_language":"es","language":"es","label":"neutral"}
{"tweetid":183964265986797568,"ds_language":"es","language":"es","label":"neutral"}
{"tweetid":183971350216585216,"ds_language":"es","language":"es","label":"negative"}
{"tweetid":184035851368538112,"ds_language":"es","language":"es","label":"positive"}
{"tweetid":184208399263735808,"ds_language":"es","language":"es","label":"positive"}
{"tweetid":184323717386612737,"ds_language":"es","language":"pt","label":"positive"}
{"tweetid":184653380671651841,"ds_language":"es","language":"es","label":"neutral"}
{"tweetid":184673291015958530,"ds_language":"es","language":"es","label":"negative"}
{"tweetid":184990217965535232,"ds_language":"es","language":"es","label":"positive"}
{"tweetid":185272400735252481,"ds_language":"es","language":"es","label":"neutral"}
{"tweetid":185346967155646464,"ds_language":"es","language":"pt","label":"neutral"}
{"tweetid":185447956248395776,"ds_language":"es","language":"fr","label":"neutral"}
{"tweetid":185727623001935872,"ds_language":"es","language":"es","label":"neutral"}
{"tweetid":185848788185915392,"ds_language":"es","language":"es","label":"negative"}
{"tweetid":185969766354268160,"ds_language":"es","language":"pt","label":"positive"}
{"tweetid":186159698242842624,"ds_language":"es","language":"it","label":"neutral"}
{"tweetid":186165939258146817,"ds_language":"es","language":"ro","label":"neutral"}
{"tweetid":186180065099390976,"ds_language":"es","language":"es","label":"neutral"}
{"tweetid":186336682067505153,"ds_language":"es","language":"es","label":"negative"}
{"tweetid":186732357611560961,"ds_language":"es","language":"es","label":"positive"}
{"tweetid":186766263316516864,"ds_language":"es","language":"es","label":"negative"}
{"tweetid":186851260891279360,"ds_language":"es","language":"es","label":"positive"}
{"tweetid":186879876136042496,"ds_language":"es","language":"es","label":"positive"}
{"tweetid":186890103493365760,"ds_language":"es","language":"es","label":"neutral"}
{"tweetid":186937515377299456,"ds_language":"es","language":"es","label":"neutral"}
{"tweetid":187020451053178880,"ds_language":"es","language":"es","label":"negative"}
{"tweetid":187021040973656065,"ds_language":"es","language":"es","label":"negative"}
{"tweetid":187372940084514816,"ds_language":"es","language":"es","label":"positive"}
{"tweetid":187555018109489152,"ds_language":"es","language":"es","label":"positive"}
{"tweetid":187582347120619520,"ds_language":"es","language":"es","label":"positive"}
{"tweetid":187675224123248640,"ds_language":"es","language":"es","label":"positive"}
{"tweetid":187741482600513539,"ds_language":"es","language":"es","label":"positive"}
{"tweetid":187829378837782529,"ds_language":"es","language":"es","label":"neutral"}
{"tweetid":188234829417029635,"ds_language":"es","language":"es","label":"positive"}
{"tweetid":188284504681611265,"ds_language":"es","language":"pt","label":"neutral"}
{"tweetid":188358521048399873,"ds_language":"es","language":"es","label":"neutral"}
{"tweetid":188755006432878595,"ds_language":"es","language":"es","label":"positive"}
{"tweetid":188760670890762242,"ds_language":"es","language":"es","label":"neutral"}
{"tweetid":189058897456267266,"ds_language":"es","language":"es","label":"positive"}
{"tweetid":189337981474181120,"ds_language":"es","language":"es","label":"neutral"}
{"tweetid":189423872829947904,"ds_language":"es","language":"it","label":"neutral"}
{"tweetid":189472616472510464,"ds_language":"es","language":"es","label":"positive"}
