{"tweetid":657302425783640064,"ds_language":"tr","language":"tr","label":"positive"}
{"tweetid":970386241953959936,"ds_language":"tr","language":"en","label":"positive"}
{"tweetid":473454583189372928,"ds_language":"tr","language":"tr","label":"positive"}
{"tweetid":544081821672439808,"ds_language":"tr","language":"tr","label":"positive"}
{"tweetid":600792832115384320,"ds_language":"tr","language":"it","label":"positive"}
{"tweetid":560904035235274752,"ds_language":"tr","language":"en","label":"positive"}
{"tweetid":467417267085783040,"ds_language":"tr","language":"tr","label":"positive"}
{"tweetid":658350271228203008,"ds_language":"tr","language":"tr","label":"positive"}
{"tweetid":972557758254977024,"ds_language":"tr","language":"es","label":"positive"}
{"tweetid":488372836604841984,"ds_language":"tr","language":"tr","label":"positive"}
{"tweetid":472042801992302592,"ds_language":"tr","language":"it","label":"positive"}
{"tweetid":571752021495287808,"ds_language":"tr","language":"tr","label":"positive"}
{"tweetid":588421645351653376,"ds_language":"tr","language":"tr","label":"positive"}
{"tweetid":571218262693801984,"ds_language":"tr","language":"tr","label":"positive"}
{"tweetid":702571192868274176,"ds_language":"tr","language":"tr","label":"positive"}
{"tweetid":598133784366686208,"ds_language":"tr","language":"tr","label":"positive"}
{"tweetid":662018997806882816,"ds_language":"tr","language":"tr","label":"positive"}
{"tweetid":629410904472449024,"ds_language":"tr","language":"tr","label":"positive"}
{"tweetid":402411547664068608,"ds_language":"tr","language":"tr","label":"positive"}
{"tweetid":440441836058865664,"ds_language":"tr","language":"tr","label":"positive"}
{"tweetid":613835039181291520,"ds_language":"tr","language":"en","label":"positive"}
{"tweetid":612362585606897664,"ds_language":"tr","language":"tr","label":"positive"}
{"tweetid":481896166809149440,"ds_language":"tr","language":"tr","label":"positive"}
{"tweetid":592375912534024192,"ds_language":"tr","language":"tr","label":"positive"}
{"tweetid":605789067914051584,"ds_language":"tr","language":"tr","label":"positive"}
{"tweetid":536865461523464192,"ds_language":"tr","language":"tr","label":"positive"}
{"tweetid":687332187469942784,"ds_language":"tr","language":"es","label":"positive"}
{"tweetid":608156255010619392,"ds_language":"tr","language":"tr","label":"positive"}
{"tweetid":972878959414251520,"ds_language":"tr","language":"cy","label":"positive"}
{"tweetid":581732017827627008,"ds_language":"tr","language":"tr","label":"positive"}
{"tweetid":673998609310986240,"ds_language":"tr","language":"tr","label":"positive"}
{"tweetid":410529141797040128,"ds_language":"tr","language":"tr","label":"positive"}
{"tweetid":472049945940623360,"ds_language":"tr","language":"tr","label":"positive"}
{"tweetid":571416740971864064,"ds_language":"tr","language":"tr","label":"positive"}
{"tweetid":608734327132794880,"ds_language":"tr","language":"it","label":"positive"}
{"tweetid":563029410761428992,"ds_language":"tr","language":"tr","label":"positive"}
{"tweetid":965959563999612928,"ds_language":"tr","language":"tr","label":"positive"}
{"tweetid":540483770793488384,"ds_language":"tr","language":"tr","label":"positive"}
{"tweetid":965190466026266624,"ds_language":"tr","language":"tr","label":"positive"}
{"tweetid":680437248924450816,"ds_language":"tr","language":"tr","label":"positive"}
{"tweetid":487217992884031488,"ds_language":"tr","language":"tr","label":"positive"}
{"tweetid":489140550776668160,"ds_language":"tr","language":"tr","label":"positive"}
{"tweetid":452838308188811264,"ds_language":"tr","language":"tr","label":"positive"}
{"tweetid":680777281409822720,"ds_language":"tr","language":"tr","label":"positive"}
{"tweetid":558241761550958592,"ds_language":"tr","language":"tr","label":"positive"}
{"tweetid":657630177007153152,"ds_language":"tr","language":"tr","label":"positive"}
{"tweetid":579223517037752320,"ds_language":"tr","language":"tr","label":"positive"}
{"tweetid":612602787722080256,"ds_language":"tr","language":"tr","label":"positive"}
{"tweetid":563785367456063488,"ds_language":"tr","language":"so","label":"positive"}
{"tweetid":641699769463742464,"ds_language":"tr","language":"tr","label":"positive"}
{"tweetid":524077967321083904,"ds_language":"tr","language":"tr","label":"positive"}
{"tweetid":399462586950762496,"ds_language":"tr","language":"tr","label":"positive"}
{"tweetid":624339662736367616,"ds_language":"tr","language":"tr","label":"positive"}
{"tweetid":657620583664984064,"ds_language":"tr","language":"tr","label":"positive"}
{"tweetid":635847172118986752,"ds_language":"tr","language":"tr","label":"positive"}
{"tweetid":589326276537778176,"ds_language":"tr","language":"tr","label":"positive"}
{"tweetid":481514403666616320,"ds_language":"tr","language":"tr","label":"positive"}
{"tweetid":540834196747718656,"ds_language":"tr","language":"tr","label":"positive"}
{"tweetid":618789511233957888,"ds_language":"tr","language":"tr","label":"positive"}
{"tweetid":563842585983463424,"ds_language":"tr","language":"tr","label":"positive"}
{"tweetid":433633420590452736,"ds_language":"tr","language":"tr","label":"positive"}
{"tweetid":630819152417132544,"ds_language":"tr","language":"tr","label":"positive"}
{"tweetid":966767556399976448,"ds_language":"tr","language":"tr","label":"positive"}
{"tweetid":632245296194580480,"ds_language":"tr","language":"tr","label":"positive"}
{"tweetid":648904111220506624,"ds_language":"tr","language":"tr","label":"positive"}
{"tweetid":568816640894349312,"ds_language":"tr","language":"de","label":"positive"}
{"tweetid":681776477726240768,"ds_language":"tr","language":"tr","label":"positive"}
{"tweetid":965953571249381376,"ds_language":"tr","language":"tr","label":"positive"}
{"tweetid":452178091163406336,"ds_language":"tr","language":"tr","label":"positive"}
{"tweetid":559472610711724032,"ds_language":"tr","language":"tr","label":"positive"}
{"tweetid":457068158827122688,"ds_language":"tr","language":"UNKNOWN","label":"positive"}
{"tweetid":619677008000352256,"ds_language":"tr","language":"tr","label":"positive"}
{"tweetid":653990005623377920,"ds_language":"tr","language":"pt","label":"positive"}
{"tweetid":965945384349532160,"ds_language":"tr","language":"tr","label":"positive"}
{"tweetid":618830882099625984,"ds_language":"tr","language":"tr","label":"positive"}
{"tweetid":632327616964526080,"ds_language":"tr","language":"tr","label":"positive"}
{"tweetid":617742620064882688,"ds_language":"tr","language":"tr","label":"positive"}
{"tweetid":702578619848253440,"ds_language":"tr","language":"tr","label":"negative"}
{"tweetid":702579758677291008,"ds_language":"tr","language":"tr","label":"negative"}
{"tweetid":552590780993662976,"ds_language":"tr","language":"tr","label":"negative"}
{"tweetid":574906105219907584,"ds_language":"tr","language":"tr","label":"negative"}
{"tweetid":484388432261971968,"ds_language":"tr","language":"tr","label":"negative"}
{"tweetid":411662012528082944,"ds_language":"tr","language":"tr","label":"negative"}
{"tweetid":674721271498809344,"ds_language":"tr","language":"tr","label":"negative"}
{"tweetid":644611496010498048,"ds_language":"tr","language":"tr","label":"negative"}
{"tweetid":640095144042209280,"ds_language":"tr","language":"tr","label":"negative"}
{"tweetid":657670664405569536,"ds_language":"tr","language":"tr","label":"negative"}
{"tweetid":641955110793383936,"ds_language":"tr","language":"tr","label":"negative"}
{"tweetid":610196415139155968,"ds_language":"tr","language":"tr","label":"negative"}
{"tweetid":623891489408581632,"ds_language":"tr","language":"tr","label":"negative"}
{"tweetid":671005184932323328,"ds_language":"tr","language":"tr","label":"negative"}
{"tweetid":680423689507205120,"ds_language":"tr","language":"pt","label":"negative"}
{"tweetid":615558807935127552,"ds_language":"tr","language":"tr","label":"negative"}
{"tweetid":670879079781019648,"ds_language":"tr","language":"tr","label":"negative"}
{"tweetid":628680375745818624,"ds_language":"tr","language":"tr","label":"negative"}
{"tweetid":671703734272049152,"ds_language":"tr","language":"tr","label":"negative"}
{"tweetid":400940898403377152,"ds_language":"tr","language":"it","label":"negative"}
{"tweetid":565925625924706304,"ds_language":"tr","language":"tr","label":"negative"}
{"tweetid":641017417997643776,"ds_language":"tr","language":"tr","label":"negative"}
{"tweetid":415612612685352960,"ds_language":"tr","language":"tr","label":"negative"}
{"tweetid":597838415116242944,"ds_language":"tr","language":"tr","label":"negative"}
{"tweetid":688095379838099456,"ds_language":"tr","language":"tr","label":"negative"}
{"tweetid":644616716039913472,"ds_language":"tr","language":"de","label":"negative"}
{"tweetid":666727982933766144,"ds_language":"tr","language":"tr","label":"negative"}
{"tweetid":679426825198682112,"ds_language":"tr","language":"so","label":"negative"}
{"tweetid":631461730078584832,"ds_language":"tr","language":"tr","label":"negative"}
{"tweetid":622845345962291200,"ds_language":"tr","language":"tr","label":"negative"}
{"tweetid":660598652466012160,"ds_language":"tr","language":"tr","label":"negative"}
{"tweetid":678707487084818432,"ds_language":"tr","language":"tr","label":"negative"}
{"tweetid":677809973620011008,"ds_language":"tr","language":"tr","label":"negative"}
{"tweetid":663067175683547136,"ds_language":"tr","language":"tr","label":"negative"}
{"tweetid":653473269178368000,"ds_language":"tr","language":"tr","label":"negative"}
{"tweetid":601475143702073344,"ds_language":"tr","language":"tr","label":"negative"}
{"tweetid":520603380885241856,"ds_language":"tr","language":"en","label":"negative"}
{"tweetid":671402834236203008,"ds_language":"tr","language":"tr","label":"neutral"}
{"tweetid":695276893461819392,"ds_language":"tr","language":"tr","label":"neutral"}
{"tweetid":594209290484842496,"ds_language":"tr","language":"tr","label":"neutral"}
{"tweetid":461061415126958080,"ds_language":"tr","language":"tr","label":"neutral"}
{"tweetid":605064344628510720,"ds_language":"tr","language":"tr","label":"neutral"}
{"tweetid":536901814508355584,"ds_language":"tr","language":"tr","label":"neutral"}
{"tweetid":570176140981239808,"ds_language":"tr","language":"tr","label":"neutral"}
{"tweetid":400570646909825024,"ds_language":"tr","language":"tr","label":"neutral"}
{"tweetid":691010608066609152,"ds_language":"tr","language":"tr","label":"neutral"}
{"tweetid":667682276424212480,"ds_language":"tr","language":"tr","label":"neutral"}
{"tweetid":470816795323281408,"ds_language":"tr","language":"tr","label":"neutral"}
{"tweetid":569063575639220224,"ds_language":"tr","language":"tr","label":"neutral"}
{"tweetid":464729540557041664,"ds_language":"tr","language":"tr","label":"neutral"}
{"tweetid":646309568985870336,"ds_language":"tr","language":"tr","label":"neutral"}
{"tweetid":567399120319815680,"ds_language":"tr","language":"tr","label":"neutral"}
{"tweetid":586504592847986688,"ds_language":"tr","language":"tr","label":"neutral"}
{"tweetid":406147718634287104,"ds_language":"tr","language":"tr","label":"neutral"}
{"tweetid":457045124670054400,"ds_language":"tr","language":"tr","label":"neutral"}
{"tweetid":965304195850080256,"ds_language":"tr","language":"tr","label":"neutral"}
{"tweetid":659862476096462848,"ds_language":"tr","language":"tr","label":"neutral"}
{"tweetid":654375510567428096,"ds_language":"tr","language":"tr","label":"neutral"}
{"tweetid":644576727130357760,"ds_language":"tr","language":"tr","label":"neutral"}
{"tweetid":685951741888708608,"ds_language":"tr","language":"tr","label":"neutral"}
{"tweetid":580277949754159104,"ds_language":"tr","language":"tr","label":"neutral"}
{"tweetid":460031638748291072,"ds_language":"tr","language":"tr","label":"neutral"}
{"tweetid":407881516392665088,"ds_language":"tr","language":"tr","label":"neutral"}
{"tweetid":603608679959678976,"ds_language":"tr","language":"tr","label":"neutral"}
{"tweetid":597861904556683264,"ds_language":"tr","language":"tr","label":"neutral"}
{"tweetid":468079623637831680,"ds_language":"tr","language":"tr","label":"neutral"}
{"tweetid":614866242751602688,"ds_language":"tr","language":"tr","label":"neutral"}
{"tweetid":576334622822383616,"ds_language":"tr","language":"tr","label":"neutral"}
{"tweetid":471957460979568640,"ds_language":"tr","language":"tr","label":"neutral"}
{"tweetid":520852250236051456,"ds_language":"tr","language":"tr","label":"neutral"}
{"tweetid":672749469990023168,"ds_language":"tr","language":"tr","label":"neutral"}
{"tweetid":496223504191467520,"ds_language":"tr","language":"tr","label":"neutral"}
{"tweetid":463616452713406464,"ds_language":"tr","language":"tr","label":"neutral"}
{"tweetid":689582401081708544,"ds_language":"tr","language":"tr","label":"neutral"}
{"tweetid":564396908517797888,"ds_language":"tr","language":"it","label":"neutral"}
{"tweetid":489877077534199808,"ds_language":"tr","language":"tr","label":"neutral"}
{"tweetid":464758139766988800,"ds_language":"tr","language":"UNKNOWN","label":"neutral"}
{"tweetid":523061770471370752,"ds_language":"tr","language":"tr","label":"neutral"}
{"tweetid":408193217604378624,"ds_language":"tr","language":"tr","label":"neutral"}
{"tweetid":524077860114677760,"ds_language":"tr","language":"tr","label":"neutral"}
{"tweetid":420858177416990720,"ds_language":"tr","language":"tr","label":"neutral"}
{"tweetid":577857530359095296,"ds_language":"tr","language":"tr","label":"neutral"}
{"tweetid":643680054057279488,"ds_language":"tr","language":"tr","label":"neutral"}
{"tweetid":586200650364678144,"ds_language":"tr","language":"tr","label":"neutral"}
{"tweetid":448850893115367424,"ds_language":"tr","language":"tr","label":"neutral"}
{"tweetid":675696289032613888,"ds_language":"tr","language":"tr","label":"neutral"}
{"tweetid":602899179027980288,"ds_language":"tr","language":"tr","label":"neutral"}
{"tweetid":438260005561581568,"ds_language":"tr","language":"tr","label":"neutral"}
{"tweetid":681551989113765888,"ds_language":"tr","language":"tr","label":"neutral"}
{"tweetid":644955333354496000,"ds_language":"tr","language":"tr","label":"neutral"}
{"tweetid":633542725015601152,"ds_language":"tr","language":"tr","label":"neutral"}
{"tweetid":613106147327889408,"ds_language":"tr","language":"tr","label":"neutral"}
{"tweetid":609257357323972608,"ds_language":"tr","language":"tr","label":"neutral"}
{"tweetid":398843068662554624,"ds_language":"tr","language":"tr","label":"neutral"}
{"tweetid":644058081895272448,"ds_language":"tr","language":"tr","label":"neutral"}
{"tweetid":626723331522306048,"ds_language":"tr","language":"tr","label":"neutral"}
{"tweetid":506917235362119680,"ds_language":"tr","language":"tr","label":"neutral"}
{"tweetid":403522221106540544,"ds_language":"tr","language":"tr","label":"neutral"}
{"tweetid":680673553717538816,"ds_language":"tr","language":"tr","label":"neutral"}
{"tweetid":567397831859011584,"ds_language":"tr","language":"id","label":"neutral"}
{"tweetid":523054189065560064,"ds_language":"tr","language":"tr","label":"neutral"}
{"tweetid":600549277128073216,"ds_language":"tr","language":"tr","label":"neutral"}
{"tweetid":623971316211822592,"ds_language":"tr","language":"tr","label":"neutral"}
{"tweetid":680336515424100352,"ds_language":"tr","language":"tr","label":"neutral"}
{"tweetid":576830179001176064,"ds_language":"tr","language":"tr","label":"neutral"}
{"tweetid":590442667693236224,"ds_language":"tr","language":"tr","label":"neutral"}
{"tweetid":481138345108865024,"ds_language":"tr","language":"tr","label":"neutral"}
{"tweetid":419168895665053696,"ds_language":"tr","language":"tr","label":"neutral"}
{"tweetid":675296706167226368,"ds_language":"tr","language":"tr","label":"neutral"}
{"tweetid":568733140736450560,"ds_language":"tr","language":"tr","label":"neutral"}
{"tweetid":661609223940386816,"ds_language":"tr","language":"tr","label":"neutral"}
{"tweetid":484429278332071936,"ds_language":"tr","language":"tr","label":"neutral"}
{"tweetid":585471888325005312,"ds_language":"tr","language":"tr","label":"neutral"}
{"tweetid":522007529057189888,"ds_language":"tr","language":"tr","label":"neutral"}
{"tweetid":660168541941989376,"ds_language":"tr","language":"tr","label":"neutral"}
{"tweetid":506770307512672256,"ds_language":"tr","language":"tr","label":"neutral"}
{"tweetid":511593327385247744,"ds_language":"tr","language":"tr","label":"neutral"}
{"tweetid":548560573236277248,"ds_language":"tr","language":"tr","label":"neutral"}
{"tweetid":576358693517828096,"ds_language":"tr","language":"it","label":"neutral"}
{"tweetid":454930580941975552,"ds_language":"tr","language":"tr","label":"neutral"}
{"tweetid":485865087648137216,"ds_language":"tr","language":"tr","label":"neutral"}
{"tweetid":663328992372609024,"ds_language":"tr","language":"tr","label":"neutral"}
{"tweetid":516161123268435968,"ds_language":"tr","language":"tr","label":"neutral"}
{"tweetid":550997046355058688,"ds_language":"tr","language":"tr","label":"neutral"}
{"tweetid":653486041425444864,"ds_language":"tr","language":"tr","label":"neutral"}
{"tweetid":588402270238281728,"ds_language":"tr","language":"tr","label":"neutral"}
{"tweetid":508558573287514112,"ds_language":"tr","language":"tr","label":"neutral"}
{"tweetid":597853967100583936,"ds_language":"tr","language":"tr","label":"neutral"}
{"tweetid":644980501145645056,"ds_language":"tr","language":"ca","label":"neutral"}
{"tweetid":651888853985398784,"ds_language":"tr","language":"en","label":"neutral"}
{"tweetid":590400496130777088,"ds_language":"tr","language":"tr","label":"neutral"}
{"tweetid":643680368911101952,"ds_language":"tr","language":"tr","label":"neutral"}
{"tweetid":571013507283623936,"ds_language":"tr","language":"tr","label":"neutral"}
{"tweetid":964499616912769024,"ds_language":"tr","language":"tr","label":"neutral"}
{"tweetid":571061141595693056,"ds_language":"tr","language":"tr","label":"neutral"}
{"tweetid":581500780269686784,"ds_language":"tr","language":"tr","label":"neutral"}
{"tweetid":579210404842348544,"ds_language":"tr","language":"tr","label":"neutral"}
{"tweetid":549701099499032576,"ds_language":"tr","language":"tr","label":"neutral"}
{"tweetid":586055977490903040,"ds_language":"tr","language":"tr","label":"neutral"}
{"tweetid":512990125257539584,"ds_language":"tr","language":"tr","label":"neutral"}
{"tweetid":553522007867158528,"ds_language":"tr","language":"tr","label":"neutral"}
{"tweetid":454867225397444608,"ds_language":"tr","language":"tr","label":"neutral"}
{"tweetid":646372900782665728,"ds_language":"tr","language":"tr","label":"neutral"}
{"tweetid":650430300707799040,"ds_language":"tr","language":"en","label":"neutral"}
{"tweetid":587584510012870656,"ds_language":"tr","language":"tr","label":"neutral"}
{"tweetid":534704030736736256,"ds_language":"tr","language":"tr","label":"neutral"}
{"tweetid":466573856170602496,"ds_language":"tr","language":"tr","label":"neutral"}
{"tweetid":615858199992868864,"ds_language":"tr","language":"tr","label":"neutral"}
{"tweetid":544928806499528704,"ds_language":"tr","language":"tr","label":"neutral"}
{"tweetid":675678935032664064,"ds_language":"tr","language":"tr","label":"neutral"}
{"tweetid":652117657953640448,"ds_language":"tr","language":"tr","label":"neutral"}
{"tweetid":522999993805058048,"ds_language":"tr","language":"tr","label":"neutral"}
{"tweetid":587513442145275904,"ds_language":"tr","language":"tr","label":"neutral"}
{"tweetid":659867492819582976,"ds_language":"tr","language":"tr","label":"neutral"}
{"tweetid":631587070239186944,"ds_language":"tr","language":"tr","label":"neutral"}
{"tweetid":616943194010451968,"ds_language":"tr","language":"en","label":"neutral"}
{"tweetid":568778342108930048,"ds_language":"tr","language":"tr","label":"neutral"}
{"tweetid":644117326749696000,"ds_language":"tr","language":"en","label":"neutral"}
{"tweetid":485537529429757952,"ds_language":"tr","language":"tr","label":"neutral"}
{"tweetid":966613315488243712,"ds_language":"tr","language":"tr","label":"neutral"}
{"tweetid":540784809082384384,"ds_language":"tr","language":"tr","label":"neutral"}
{"tweetid":592752263627702272,"ds_language":"tr","language":"tr","label":"neutral"}
{"tweetid":669981822198161408,"ds_language":"tr","language":"tr","label":"neutral"}
{"tweetid":579773437280931840,"ds_language":"tr","language":"tr","label":"neutral"}
{"tweetid":408194454915678208,"ds_language":"tr","language":"tr","label":"neutral"}
{"tweetid":615866260736344064,"ds_language":"tr","language":"tr","label":"neutral"}
{"tweetid":400317274349117440,"ds_language":"tr","language":"tr","label":"neutral"}
{"tweetid":438280014770237440,"ds_language":"tr","language":"tr","label":"neutral"}
{"tweetid":543778902909665280,"ds_language":"tr","language":"tr","label":"neutral"}
{"tweetid":660212134534582272,"ds_language":"tr","language":"tr","label":"neutral"}
{"tweetid":575329972597972992,"ds_language":"tr","language":"tr","label":"neutral"}
{"tweetid":674237831380918272,"ds_language":"tr","language":"tr","label":"neutral"}
{"tweetid":553608438543302656,"ds_language":"tr","language":"tr","label":"neutral"}
{"tweetid":664830839231004672,"ds_language":"tr","language":"tr","label":"neutral"}
{"tweetid":593485323658731520,"ds_language":"tr","language":"tr","label":"neutral"}
{"tweetid":676816997229965312,"ds_language":"tr","language":"tr","label":"neutral"}
{"tweetid":664729436424654848,"ds_language":"tr","language":"tr","label":"neutral"}
{"tweetid":617271556750876672,"ds_language":"tr","language":"tr","label":"neutral"}
{"tweetid":654355514655133696,"ds_language":"tr","language":"tr","label":"neutral"}
{"tweetid":572845107461931008,"ds_language":"tr","language":"tr","label":"neutral"}
{"tweetid":571065909504311296,"ds_language":"tr","language":"tr","label":"neutral"}
{"tweetid":594055855001227264,"ds_language":"tr","language":"tr","label":"neutral"}
{"tweetid":467401726791008256,"ds_language":"tr","language":"tr","label":"neutral"}
{"tweetid":569589615713234944,"ds_language":"tr","language":"tr","label":"neutral"}
{"tweetid":587621165994266624,"ds_language":"tr","language":"tr","label":"neutral"}
{"tweetid":443665571411148800,"ds_language":"tr","language":"tr","label":"neutral"}
{"tweetid":594796803062632448,"ds_language":"tr","language":"tr","label":"neutral"}
{"tweetid":606514264396984320,"ds_language":"tr","language":"pt","label":"neutral"}
{"tweetid":677171588048011264,"ds_language":"tr","language":"tr","label":"neutral"}
{"tweetid":655537169147236352,"ds_language":"tr","language":"it","label":"neutral"}
{"tweetid":439309927082098688,"ds_language":"tr","language":"ro","label":"neutral"}
{"tweetid":534410026778361856,"ds_language":"tr","language":"tr","label":"neutral"}
{"tweetid":567306263177216000,"ds_language":"tr","language":"tr","label":"neutral"}
{"tweetid":541902158107779072,"ds_language":"tr","language":"tr","label":"neutral"}
{"tweetid":534708887115792384,"ds_language":"tr","language":"tr","label":"neutral"}
{"tweetid":680106789241765888,"ds_language":"tr","language":"tr","label":"neutral"}
{"tweetid":598441748671680512,"ds_language":"tr","language":"tr","label":"neutral"}
{"tweetid":536835913540968448,"ds_language":"tr","language":"tr","label":"neutral"}
{"tweetid":558743366268379136,"ds_language":"tr","language":"tr","label":"neutral"}
{"tweetid":545171184791601152,"ds_language":"tr","language":"tr","label":"neutral"}
{"tweetid":540499549929095168,"ds_language":"tr","language":"tr","label":"neutral"}
{"tweetid":562381023598481408,"ds_language":"tr","language":"tr","label":"neutral"}
{"tweetid":653547945334308864,"ds_language":"tr","language":"tr","label":"neutral"}
{"tweetid":629403186898403328,"ds_language":"tr","language":"ro","label":"neutral"}
{"tweetid":652893530558439424,"ds_language":"tr","language":"tr","label":"neutral"}
{"tweetid":580526048611307520,"ds_language":"tr","language":"tr","label":"neutral"}
{"tweetid":586490926853398528,"ds_language":"tr","language":"tr","label":"neutral"}
{"tweetid":577460018473226240,"ds_language":"tr","language":"tr","label":"neutral"}
{"tweetid":466568905591238656,"ds_language":"tr","language":"tr","label":"neutral"}
{"tweetid":454703085261422592,"ds_language":"tr","language":"tr","label":"neutral"}
{"tweetid":545286490801340416,"ds_language":"tr","language":"tr","label":"neutral"}
{"tweetid":604343429057896448,"ds_language":"tr","language":"tr","label":"neutral"}
{"tweetid":445229472707391488,"ds_language":"tr","language":"tr","label":"neutral"}
{"tweetid":652196586215370752,"ds_language":"tr","language":"tr","label":"neutral"}
{"tweetid":584751034473512960,"ds_language":"tr","language":"tr","label":"neutral"}
{"tweetid":468077738273034240,"ds_language":"tr","language":"tr","label":"neutral"}
{"tweetid":672847032067977216,"ds_language":"tr","language":"tr","label":"neutral"}
{"tweetid":523069218645090304,"ds_language":"tr","language":"tr","label":"neutral"}
{"tweetid":658215091213570048,"ds_language":"tr","language":"tr","label":"neutral"}
{"tweetid":655825611160735744,"ds_language":"tr","language":"tr","label":"neutral"}
{"tweetid":610438662346682368,"ds_language":"tr","language":"en","label":"neutral"}
{"tweetid":466614414502678528,"ds_language":"tr","language":"tr","label":"neutral"}
{"tweetid":452097217189249024,"ds_language":"tr","language":"tr","label":"neutral"}
{"tweetid":443672793503113216,"ds_language":"tr","language":"tr","label":"neutral"}
{"tweetid":581179136187736064,"ds_language":"tr","language":"tr","label":"neutral"}
{"tweetid":637263810546507776,"ds_language":"tr","language":"tr","label":"neutral"}
{"tweetid":663302536502317056,"ds_language":"tr","language":"tr","label":"neutral"}
{"tweetid":408891015266041856,"ds_language":"tr","language":"tr","label":"neutral"}
{"tweetid":581769932796518400,"ds_language":"tr","language":"tr","label":"neutral"}
{"tweetid":415530542239858688,"ds_language":"tr","language":"tr","label":"neutral"}
{"tweetid":653489920879804416,"ds_language":"tr","language":"tr","label":"neutral"}
{"tweetid":622471703814369280,"ds_language":"tr","language":"tl","label":"neutral"}
{"tweetid":523106467487170560,"ds_language":"tr","language":"tr","label":"neutral"}
{"tweetid":964495711600562176,"ds_language":"tr","language":"tr","label":"neutral"}
{"tweetid":595224769584353280,"ds_language":"tr","language":"de","label":"neutral"}
{"tweetid":660210896250253312,"ds_language":"tr","language":"tr","label":"neutral"}
{"tweetid":678874504614031360,"ds_language":"tr","language":"tr","label":"neutral"}
{"tweetid":674661058234089472,"ds_language":"tr","language":"tr","label":"neutral"}
{"tweetid":570216677838864384,"ds_language":"tr","language":"tr","label":"neutral"}
{"tweetid":626708814293811200,"ds_language":"tr","language":"tr","label":"neutral"}
{"tweetid":469105739005710336,"ds_language":"tr","language":"tr","label":"neutral"}
{"tweetid":581173218708439040,"ds_language":"tr","language":"tr","label":"neutral"}
{"tweetid":581777652408803328,"ds_language":"tr","language":"tr","label":"neutral"}
{"tweetid":600788089095778304,"ds_language":"tr","language":"en","label":"neutral"}
{"tweetid":653484237161660416,"ds_language":"tr","language":"tr","label":"neutral"}
{"tweetid":524174534380113920,"ds_language":"tr","language":"tr","label":"neutral"}
{"tweetid":652119521130610688,"ds_language":"tr","language":"tr","label":"neutral"}
{"tweetid":601010975941222400,"ds_language":"tr","language":"tr","label":"neutral"}
{"tweetid":667814454474620928,"ds_language":"tr","language":"tr","label":"neutral"}
{"tweetid":403524423845945344,"ds_language":"tr","language":"tr","label":"neutral"}
{"tweetid":406677959240851456,"ds_language":"tr","language":"it","label":"neutral"}
{"tweetid":485533470677282816,"ds_language":"tr","language":"tr","label":"neutral"}
{"tweetid":641128422350188544,"ds_language":"tr","language":"tr","label":"neutral"}
{"tweetid":543681873374105600,"ds_language":"tr","language":"tr","label":"neutral"}
{"tweetid":549685523728855040,"ds_language":"tr","language":"tr","label":"neutral"}
{"tweetid":433709711368523776,"ds_language":"tr","language":"tr","label":"neutral"}
{"tweetid":476022536166457344,"ds_language":"tr","language":"tr","label":"neutral"}
{"tweetid":674583265043488768,"ds_language":"tr","language":"tr","label":"neutral"}
{"tweetid":677746508394008576,"ds_language":"tr","language":"tr","label":"neutral"}
{"tweetid":550639426943328256,"ds_language":"tr","language":"tr","label":"neutral"}
{"tweetid":469354624219361280,"ds_language":"tr","language":"tr","label":"neutral"}
{"tweetid":466565753060478976,"ds_language":"tr","language":"tr","label":"neutral"}
{"tweetid":484363851375591424,"ds_language":"tr","language":"tr","label":"neutral"}
{"tweetid":603823927903854592,"ds_language":"tr","language":"tr","label":"neutral"}
{"tweetid":577153350451519488,"ds_language":"tr","language":"tr","label":"neutral"}
{"tweetid":702578445071556608,"ds_language":"tr","language":"tr","label":"neutral"}
{"tweetid":598451271134220288,"ds_language":"tr","language":"tr","label":"neutral"}
{"tweetid":523092043703541760,"ds_language":"tr","language":"tr","label":"neutral"}
{"tweetid":499152850766036992,"ds_language":"tr","language":"tr","label":"neutral"}
{"tweetid":580386466007760896,"ds_language":"tr","language":"tr","label":"neutral"}
{"tweetid":523061620072013824,"ds_language":"tr","language":"tr","label":"neutral"}
{"tweetid":567067877577330688,"ds_language":"tr","language":"tr","label":"neutral"}
{"tweetid":440563933556903936,"ds_language":"tr","language":"tr","label":"neutral"}
{"tweetid":437880804073431040,"ds_language":"tr","language":"tr","label":"neutral"}
{"tweetid":535714797720195072,"ds_language":"tr","language":"tr","label":"neutral"}
{"tweetid":597499103053008896,"ds_language":"tr","language":"tr","label":"neutral"}
{"tweetid":576406990571847680,"ds_language":"tr","language":"tr","label":"neutral"}
{"tweetid":403557582473674752,"ds_language":"tr","language":"tr","label":"neutral"}
{"tweetid":568129620014436352,"ds_language":"tr","language":"tr","label":"neutral"}
{"tweetid":535502402976514048,"ds_language":"tr","language":"tr","label":"neutral"}
{"tweetid":702568933753225216,"ds_language":"tr","language":"tr","label":"neutral"}
{"tweetid":648540097349054464,"ds_language":"tr","language":"tr","label":"neutral"}
{"tweetid":524224156884553728,"ds_language":"tr","language":"tr","label":"neutral"}
{"tweetid":571653326422581248,"ds_language":"tr","language":"tr","label":"neutral"}
{"tweetid":429611471828713472,"ds_language":"tr","language":"tr","label":"neutral"}
{"tweetid":456077911041536000,"ds_language":"tr","language":"tr","label":"neutral"}
{"tweetid":678597048082538496,"ds_language":"tr","language":"tr","label":"neutral"}
{"tweetid":571608993845653504,"ds_language":"tr","language":"tr","label":"neutral"}
{"tweetid":599311761716736000,"ds_language":"tr","language":"tr","label":"neutral"}
{"tweetid":639843544862212096,"ds_language":"tr","language":"tr","label":"neutral"}
{"tweetid":658358633613402112,"ds_language":"tr","language":"tr","label":"neutral"}
{"tweetid":681543063127261184,"ds_language":"tr","language":"tr","label":"neutral"}
{"tweetid":445234721170010112,"ds_language":"tr","language":"tr","label":"neutral"}
{"tweetid":654430133500157952,"ds_language":"tr","language":"tr","label":"neutral"}
{"tweetid":556438288450732032,"ds_language":"tr","language":"tr","label":"neutral"}
{"tweetid":466566680576294912,"ds_language":"tr","language":"tr","label":"neutral"}
{"tweetid":654353171515621376,"ds_language":"tr","language":"tr","label":"neutral"}
{"tweetid":469162920128286720,"ds_language":"tr","language":"tr","label":"neutral"}
{"tweetid":607162258783879168,"ds_language":"tr","language":"tr","label":"neutral"}
{"tweetid":466580035223441408,"ds_language":"tr","language":"tr","label":"neutral"}
{"tweetid":672106800494325760,"ds_language":"tr","language":"tr","label":"neutral"}
{"tweetid":500944428765548544,"ds_language":"tr","language":"tr","label":"neutral"}
{"tweetid":544121673424072704,"ds_language":"tr","language":"tr","label":"neutral"}
{"tweetid":586499248985870336,"ds_language":"tr","language":"tr","label":"neutral"}
{"tweetid":669927492522778624,"ds_language":"tr","language":"tr","label":"neutral"}
{"tweetid":410056070930124800,"ds_language":"tr","language":"tr","label":"neutral"}
{"tweetid":696738600361324544,"ds_language":"tr","language":"tr","label":"neutral"}
{"tweetid":527892408244371456,"ds_language":"tr","language":"de","label":"neutral"}
{"tweetid":413263788482514944,"ds_language":"tr","language":"tr","label":"neutral"}
{"tweetid":583226947729248256,"ds_language":"tr","language":"tr","label":"neutral"}
{"tweetid":404527705997447168,"ds_language":"tr","language":"tr","label":"neutral"}
{"tweetid":454518454784380928,"ds_language":"tr","language":"tr","label":"neutral"}
{"tweetid":523064019771719680,"ds_language":"tr","language":"tr","label":"neutral"}
{"tweetid":673229101650587648,"ds_language":"tr","language":"tr","label":"neutral"}
{"tweetid":463975498675007488,"ds_language":"tr","language":"tr","label":"neutral"}
{"tweetid":538343303935438848,"ds_language":"tr","language":"tr","label":"neutral"}
{"tweetid":675299234346885120,"ds_language":"tr","language":"tr","label":"neutral"}
{"tweetid":679379812725751808,"ds_language":"tr","language":"tr","label":"neutral"}
{"tweetid":594211214366003200,"ds_language":"tr","language":"tr","label":"neutral"}
{"tweetid":523048707735191552,"ds_language":"tr","language":"tr","label":"neutral"}
{"tweetid":590437248971235328,"ds_language":"tr","language":"tr","label":"neutral"}
{"tweetid":484340659441401856,"ds_language":"tr","language":"tr","label":"neutral"}
{"tweetid":552152043570601984,"ds_language":"tr","language":"tr","label":"neutral"}
{"tweetid":597479550419935232,"ds_language":"tr","language":"tr","label":"neutral"}
{"tweetid":614826073612754944,"ds_language":"tr","language":"en","label":"neutral"}
{"tweetid":589087359171428352,"ds_language":"tr","language":"tr","label":"neutral"}
{"tweetid":454520210356453376,"ds_language":"tr","language":"tr","label":"neutral"}
{"tweetid":468298502708400128,"ds_language":"tr","language":"tr","label":"neutral"}
{"tweetid":440852227586936832,"ds_language":"tr","language":"tr","label":"neutral"}
{"tweetid":424077047296585728,"ds_language":"tr","language":"tr","label":"neutral"}
{"tweetid":616710852700340224,"ds_language":"tr","language":"tr","label":"neutral"}
{"tweetid":661961710874570752,"ds_language":"tr","language":"UNKNOWN","label":"neutral"}
{"tweetid":654560358695350272,"ds_language":"tr","language":"en","label":"neutral"}
{"tweetid":668520756809191424,"ds_language":"tr","language":"tr","label":"neutral"}
{"tweetid":594249102206103552,"ds_language":"tr","language":"tr","label":"neutral"}
{"tweetid":702584591094259712,"ds_language":"tr","language":"tr","label":"neutral"}
{"tweetid":660801187701235712,"ds_language":"tr","language":"tr","label":"neutral"}
{"tweetid":538261415455625216,"ds_language":"tr","language":"tr","label":"neutral"}
{"tweetid":685123767379562496,"ds_language":"tr","language":"UNKNOWN","label":"neutral"}
{"tweetid":440805237797191680,"ds_language":"tr","language":"tr","label":"neutral"}
{"tweetid":641130085840502784,"ds_language":"tr","language":"tr","label":"neutral"}
{"tweetid":584254209375281152,"ds_language":"tr","language":"tr","label":"neutral"}
{"tweetid":596373190437380096,"ds_language":"tr","language":"tr","label":"neutral"}
{"tweetid":964484592836194304,"ds_language":"tr","language":"tr","label":"neutral"}
{"tweetid":572692791802904576,"ds_language":"tr","language":"tr","label":"neutral"}
{"tweetid":466565515474108416,"ds_language":"tr","language":"tr","label":"neutral"}
{"tweetid":408877815061159936,"ds_language":"tr","language":"tr","label":"neutral"}
{"tweetid":544061277526818816,"ds_language":"tr","language":"tr","label":"neutral"}
{"tweetid":668055819540422656,"ds_language":"tr","language":"tr","label":"neutral"}
{"tweetid":653523414444077056,"ds_language":"tr","language":"tr","label":"neutral"}
{"tweetid":625032514395086848,"ds_language":"tr","language":"tr","label":"neutral"}
{"tweetid":602066467933196288,"ds_language":"tr","language":"tr","label":"neutral"}
{"tweetid":590606009946767360,"ds_language":"tr","language":"tr","label":"neutral"}
{"tweetid":523059848960016384,"ds_language":"tr","language":"tr","label":"neutral"}
{"tweetid":404549451769192448,"ds_language":"tr","language":"tr","label":"neutral"}
{"tweetid":566652233501380608,"ds_language":"tr","language":"tr","label":"neutral"}
{"tweetid":656221572898922496,"ds_language":"tr","language":"tr","label":"neutral"}
{"tweetid":669229587931467776,"ds_language":"tr","language":"tr","label":"neutral"}
{"tweetid":590900380545851392,"ds_language":"tr","language":"tr","label":"neutral"}
{"tweetid":457122621511856128,"ds_language":"tr","language":"tr","label":"neutral"}
{"tweetid":457467031374553088,"ds_language":"tr","language":"tr","label":"neutral"}
{"tweetid":571594288498384896,"ds_language":"tr","language":"tr","label":"neutral"}
{"tweetid":543702784991051776,"ds_language":"tr","language":"tr","label":"neutral"}
{"tweetid":563026880690143232,"ds_language":"tr","language":"tr","label":"neutral"}
{"tweetid":653338658792173568,"ds_language":"tr","language":"tr","label":"neutral"}
{"tweetid":655463433257795584,"ds_language":"tr","language":"tr","label":"neutral"}
{"tweetid":654721815168749568,"ds_language":"tr","language":"tl","label":"neutral"}
{"tweetid":612314044461133824,"ds_language":"tr","language":"tr","label":"neutral"}
{"tweetid":680307274187956224,"ds_language":"tr","language":"tr","label":"neutral"}
{"tweetid":613075813815201792,"ds_language":"tr","language":"tr","label":"neutral"}
{"tweetid":648490449787875328,"ds_language":"tr","language":"tr","label":"neutral"}
{"tweetid":702594449843560448,"ds_language":"tr","language":"tr","label":"neutral"}
{"tweetid":523006794231472128,"ds_language":"tr","language":"tr","label":"neutral"}
{"tweetid":598599888788684800,"ds_language":"tr","language":"tr","label":"neutral"}
{"tweetid":413293529549791232,"ds_language":"tr","language":"tr","label":"neutral"}
{"tweetid":600018217017409536,"ds_language":"tr","language":"tr","label":"neutral"}
{"tweetid":532249976261582848,"ds_language":"tr","language":"tr","label":"neutral"}
{"tweetid":568456156093526016,"ds_language":"tr","language":"tr","label":"neutral"}
{"tweetid":444479090620260352,"ds_language":"tr","language":"tr","label":"neutral"}
{"tweetid":598427556354912256,"ds_language":"tr","language":"tr","label":"neutral"}
{"tweetid":600002199515725824,"ds_language":"tr","language":"tr","label":"neutral"}
{"tweetid":671029581189677056,"ds_language":"tr","language":"tr","label":"neutral"}
{"tweetid":968264205467029504,"ds_language":"tr","language":"et","label":"neutral"}
{"tweetid":487185207708381184,"ds_language":"tr","language":"tr","label":"neutral"}
{"tweetid":526710264771932160,"ds_language":"tr","language":"tr","label":"neutral"}
{"tweetid":453839067960971264,"ds_language":"tr","language":"tr","label":"neutral"}
{"tweetid":418449051835592704,"ds_language":"tr","language":"tr","label":"neutral"}
{"tweetid":679005513745592320,"ds_language":"tr","language":"tr","label":"neutral"}
{"tweetid":414012737023639552,"ds_language":"tr","language":"tr","label":"neutral"}
{"tweetid":677231989699813376,"ds_language":"tr","language":"tr","label":"neutral"}
{"tweetid":502483836710944768,"ds_language":"tr","language":"tr","label":"neutral"}
{"tweetid":973569126479421440,"ds_language":"tr","language":"sw","label":"neutral"}
{"tweetid":965943103348789248,"ds_language":"tr","language":"tr","label":"neutral"}
{"tweetid":655809053847900160,"ds_language":"tr","language":"tr","label":"neutral"}
{"tweetid":538345165677924352,"ds_language":"tr","language":"tr","label":"neutral"}
{"tweetid":408911978116435968,"ds_language":"tr","language":"tr","label":"neutral"}
{"tweetid":975000371662868480,"ds_language":"tr","language":"en","label":"neutral"}
{"tweetid":579192644103991296,"ds_language":"tr","language":"tr","label":"neutral"}
{"tweetid":696730115514966016,"ds_language":"tr","language":"tr","label":"neutral"}
{"tweetid":609282876413247488,"ds_language":"tr","language":"tr","label":"neutral"}
{"tweetid":675418427734016000,"ds_language":"tr","language":"tr","label":"neutral"}
{"tweetid":523056006876921856,"ds_language":"tr","language":"tr","label":"neutral"}
{"tweetid":495260398749515776,"ds_language":"tr","language":"nl","label":"neutral"}
{"tweetid":676779405021200384,"ds_language":"tr","language":"tr","label":"neutral"}
{"tweetid":539441839699660800,"ds_language":"tr","language":"tr","label":"neutral"}
{"tweetid":463622305281998848,"ds_language":"tr","language":"UNKNOWN","label":"neutral"}
{"tweetid":619430063696650240,"ds_language":"tr","language":"tr","label":"neutral"}
{"tweetid":529226314218487808,"ds_language":"tr","language":"tr","label":"neutral"}
{"tweetid":610424712389357568,"ds_language":"tr","language":"tr","label":"neutral"}
{"tweetid":408316125290586112,"ds_language":"tr","language":"tr","label":"neutral"}
{"tweetid":573511898324471808,"ds_language":"tr","language":"tr","label":"neutral"}
{"tweetid":469478413536088064,"ds_language":"tr","language":"tr","label":"neutral"}
{"tweetid":497038962637418496,"ds_language":"tr","language":"tr","label":"neutral"}
{"tweetid":654659327257522176,"ds_language":"tr","language":"tr","label":"neutral"}
{"tweetid":463988748880191488,"ds_language":"tr","language":"tr","label":"neutral"}
{"tweetid":596230988595867648,"ds_language":"tr","language":"tr","label":"neutral"}
{"tweetid":680102162345652224,"ds_language":"tr","language":"tr","label":"neutral"}
{"tweetid":639394736088944640,"ds_language":"tr","language":"tr","label":"neutral"}
{"tweetid":414513924076105728,"ds_language":"tr","language":"tr","label":"neutral"}
{"tweetid":398842560564580352,"ds_language":"tr","language":"tr","label":"neutral"}
{"tweetid":645244832902987776,"ds_language":"tr","language":"en","label":"neutral"}
{"tweetid":674279847267463168,"ds_language":"tr","language":"tr","label":"neutral"}
{"tweetid":571237829365399552,"ds_language":"tr","language":"tr","label":"neutral"}
{"tweetid":543763636704247808,"ds_language":"tr","language":"tr","label":"neutral"}
{"tweetid":434739044140867584,"ds_language":"tr","language":"tr","label":"neutral"}
{"tweetid":669938882520162304,"ds_language":"tr","language":"tr","label":"neutral"}
{"tweetid":460499813318922240,"ds_language":"tr","language":"tr","label":"neutral"}
{"tweetid":591896701994143744,"ds_language":"tr","language":"tr","label":"neutral"}
{"tweetid":654701753628102656,"ds_language":"tr","language":"tr","label":"neutral"}
{"tweetid":553301755329794048,"ds_language":"tr","language":"en","label":"neutral"}
{"tweetid":697470815848235008,"ds_language":"tr","language":"tr","label":"neutral"}
{"tweetid":515564924152872960,"ds_language":"tr","language":"tr","label":"neutral"}
{"tweetid":676797447784554496,"ds_language":"tr","language":"tr","label":"neutral"}
{"tweetid":543670664797106176,"ds_language":"tr","language":"tr","label":"neutral"}
{"tweetid":466609185078407168,"ds_language":"tr","language":"tr","label":"neutral"}
{"tweetid":452379765367140352,"ds_language":"tr","language":"tr","label":"neutral"}
{"tweetid":605714995624734720,"ds_language":"tr","language":"tr","label":"neutral"}
{"tweetid":448061890275852288,"ds_language":"tr","language":"tr","label":"neutral"}
{"tweetid":547487692100222976,"ds_language":"tr","language":"tr","label":"neutral"}
{"tweetid":666604634090381312,"ds_language":"tr","language":"tr","label":"neutral"}
{"tweetid":653492156720652288,"ds_language":"tr","language":"tr","label":"neutral"}
{"tweetid":659040767877488640,"ds_language":"tr","language":"tr","label":"neutral"}
{"tweetid":456827680382406656,"ds_language":"tr","language":"tr","label":"neutral"}
{"tweetid":688796886841585664,"ds_language":"tr","language":"de","label":"neutral"}
{"tweetid":653478035828699136,"ds_language":"tr","language":"tr","label":"neutral"}
{"tweetid":558703249012711424,"ds_language":"tr","language":"tr","label":"neutral"}
{"tweetid":666597471301300224,"ds_language":"tr","language":"tr","label":"neutral"}
{"tweetid":573249842111238144,"ds_language":"tr","language":"tr","label":"neutral"}
{"tweetid":598224384399122432,"ds_language":"tr","language":"tr","label":"neutral"}
{"tweetid":446244378076807168,"ds_language":"tr","language":"tr","label":"neutral"}
{"tweetid":458596498247127040,"ds_language":"tr","language":"tr","label":"neutral"}
{"tweetid":559462540108103680,"ds_language":"tr","language":"tr","label":"neutral"}
{"tweetid":481803997691785216,"ds_language":"tr","language":"tr","label":"neutral"}
{"tweetid":481047959107563520,"ds_language":"tr","language":"tr","label":"neutral"}
{"tweetid":577380100926259200,"ds_language":"tr","language":"tr","label":"neutral"}
{"tweetid":547492107242721280,"ds_language":"tr","language":"tr","label":"neutral"}
{"tweetid":419098669443719168,"ds_language":"tr","language":"tr","label":"neutral"}
{"tweetid":468078801441009664,"ds_language":"tr","language":"tr","label":"neutral"}
{"tweetid":663058635627610112,"ds_language":"tr","language":"tr","label":"neutral"}
{"tweetid":650972537388728320,"ds_language":"tr","language":"tr","label":"neutral"}
{"tweetid":499151315587854336,"ds_language":"tr","language":"tr","label":"neutral"}
{"tweetid":525923820448653312,"ds_language":"tr","language":"tr","label":"neutral"}
{"tweetid":543085536865689600,"ds_language":"tr","language":"tr","label":"neutral"}
{"tweetid":664833777366138880,"ds_language":"tr","language":"tr","label":"neutral"}
{"tweetid":523073768001142784,"ds_language":"tr","language":"tr","label":"neutral"}
{"tweetid":417675616163352576,"ds_language":"tr","language":"tr","label":"neutral"}
{"tweetid":687338586434240512,"ds_language":"tr","language":"tr","label":"neutral"}
{"tweetid":475755107087581184,"ds_language":"tr","language":"tr","label":"neutral"}
{"tweetid":588388821487747072,"ds_language":"tr","language":"tr","label":"neutral"}
{"tweetid":570219498516709376,"ds_language":"tr","language":"tr","label":"neutral"}
{"tweetid":572421008205975552,"ds_language":"tr","language":"tr","label":"neutral"}
{"tweetid":654391858286755840,"ds_language":"tr","language":"tr","label":"neutral"}
{"tweetid":450923349754249216,"ds_language":"tr","language":"tr","label":"neutral"}
{"tweetid":551999760333561856,"ds_language":"tr","language":"tr","label":"neutral"}
{"tweetid":675392878680649728,"ds_language":"tr","language":"tr","label":"neutral"}
{"tweetid":576114204370948096,"ds_language":"tr","language":"tr","label":"neutral"}
{"tweetid":669205530750148608,"ds_language":"tr","language":"tr","label":"neutral"}
{"tweetid":481051157444706304,"ds_language":"tr","language":"tr","label":"neutral"}
{"tweetid":643743464346267648,"ds_language":"tr","language":"tr","label":"neutral"}
{"tweetid":464776135424110592,"ds_language":"tr","language":"tr","label":"neutral"}
{"tweetid":562903476897058816,"ds_language":"tr","language":"tr","label":"neutral"}
{"tweetid":615891892643999744,"ds_language":"tr","language":"tr","label":"neutral"}
{"tweetid":525353307142115328,"ds_language":"tr","language":"tr","label":"neutral"}
{"tweetid":543019157772832768,"ds_language":"tr","language":"tr","label":"neutral"}
{"tweetid":701881418717261824,"ds_language":"tr","language":"tr","label":"neutral"}
{"tweetid":641158447967412224,"ds_language":"tr","language":"en","label":"neutral"}
{"tweetid":598391975860150272,"ds_language":"tr","language":"tr","label":"neutral"}
{"tweetid":436305982981812224,"ds_language":"tr","language":"tr","label":"neutral"}
{"tweetid":583410793711968256,"ds_language":"tr","language":"tr","label":"neutral"}
{"tweetid":671704531747643392,"ds_language":"tr","language":"tr","label":"neutral"}
{"tweetid":660214174459502592,"ds_language":"tr","language":"tr","label":"neutral"}
{"tweetid":667064169716404224,"ds_language":"tr","language":"tr","label":"neutral"}
{"tweetid":410035949784297472,"ds_language":"tr","language":"tr","label":"neutral"}
{"tweetid":664872914928406528,"ds_language":"tr","language":"tr","label":"neutral"}
{"tweetid":666597101145620480,"ds_language":"tr","language":"tr","label":"neutral"}
{"tweetid":584766720717488128,"ds_language":"tr","language":"tr","label":"neutral"}
{"tweetid":443415115308609536,"ds_language":"tr","language":"tr","label":"neutral"}
{"tweetid":597500216414228480,"ds_language":"tr","language":"tr","label":"neutral"}
{"tweetid":660217415406632960,"ds_language":"tr","language":"tr","label":"neutral"}
{"tweetid":664887726727122944,"ds_language":"tr","language":"tr","label":"neutral"}
{"tweetid":662707414530170880,"ds_language":"tr","language":"tr","label":"neutral"}
{"tweetid":676785633097027584,"ds_language":"tr","language":"tr","label":"neutral"}
{"tweetid":659876881366425600,"ds_language":"tr","language":"tr","label":"neutral"}
{"tweetid":625756079352348672,"ds_language":"tr","language":"tr","label":"neutral"}
{"tweetid":664813069382639616,"ds_language":"tr","language":"tr","label":"neutral"}
{"tweetid":650006186041966592,"ds_language":"tr","language":"tr","label":"neutral"}
{"tweetid":594201274343628800,"ds_language":"tr","language":"tr","label":"neutral"}
{"tweetid":596317752392077312,"ds_language":"tr","language":"sl","label":"neutral"}
{"tweetid":597093610740436992,"ds_language":"tr","language":"tr","label":"neutral"}
{"tweetid":586105874176942080,"ds_language":"tr","language":"tr","label":"neutral"}
{"tweetid":506530576753364992,"ds_language":"tr","language":"tr","label":"neutral"}
{"tweetid":571271411668525056,"ds_language":"tr","language":"tr","label":"neutral"}
{"tweetid":439310047223754752,"ds_language":"tr","language":"tr","label":"neutral"}
{"tweetid":668242044985438208,"ds_language":"tr","language":"tr","label":"neutral"}
{"tweetid":598515863642382336,"ds_language":"tr","language":"tr","label":"neutral"}
{"tweetid":542663830585999360,"ds_language":"tr","language":"tr","label":"neutral"}
{"tweetid":964498879252238336,"ds_language":"tr","language":"tr","label":"neutral"}
{"tweetid":435442895773253632,"ds_language":"tr","language":"tr","label":"neutral"}
{"tweetid":581242468856909824,"ds_language":"tr","language":"tr","label":"neutral"}
{"tweetid":571415925553025024,"ds_language":"tr","language":"tr","label":"neutral"}
{"tweetid":668049504084598784,"ds_language":"tr","language":"tr","label":"neutral"}
{"tweetid":564505588894543872,"ds_language":"tr","language":"tr","label":"neutral"}
{"tweetid":592637176401235968,"ds_language":"tr","language":"tr","label":"neutral"}
{"tweetid":413396491882221568,"ds_language":"tr","language":"tr","label":"neutral"}
{"tweetid":966606611220500480,"ds_language":"tr","language":"tr","label":"neutral"}
{"tweetid":671708897854496768,"ds_language":"tr","language":"tr","label":"neutral"}
{"tweetid":674334692112470016,"ds_language":"tr","language":"tr","label":"neutral"}
{"tweetid":586954706985082880,"ds_language":"tr","language":"tr","label":"neutral"}
{"tweetid":578284285326716928,"ds_language":"tr","language":"tr","label":"neutral"}
{"tweetid":416654655532576768,"ds_language":"tr","language":"tr","label":"neutral"}
{"tweetid":676396213336481792,"ds_language":"tr","language":"tr","label":"neutral"}
{"tweetid":667760586755698688,"ds_language":"tr","language":"tr","label":"neutral"}
{"tweetid":402091671888089088,"ds_language":"tr","language":"tr","label":"neutral"}
{"tweetid":659860245909475328,"ds_language":"tr","language":"tr","label":"neutral"}
{"tweetid":654325907251924992,"ds_language":"tr","language":"tr","label":"neutral"}
{"tweetid":615857040385253376,"ds_language":"tr","language":"tr","label":"neutral"}
{"tweetid":534059337077895168,"ds_language":"tr","language":"tr","label":"neutral"}
{"tweetid":566312260008951808,"ds_language":"tr","language":"tr","label":"neutral"}
{"tweetid":467406406300475392,"ds_language":"tr","language":"tr","label":"neutral"}
{"tweetid":666320092997750784,"ds_language":"tr","language":"tr","label":"neutral"}
{"tweetid":445229039226060800,"ds_language":"tr","language":"tr","label":"neutral"}
{"tweetid":602375925272059904,"ds_language":"tr","language":"tr","label":"neutral"}
{"tweetid":474089483328290816,"ds_language":"tr","language":"tr","label":"neutral"}
{"tweetid":666351254625492992,"ds_language":"tr","language":"tr","label":"neutral"}
{"tweetid":438105268707409920,"ds_language":"tr","language":"tr","label":"neutral"}
{"tweetid":542066201120485376,"ds_language":"tr","language":"tr","label":"neutral"}
{"tweetid":574513301775892480,"ds_language":"tr","language":"tr","label":"neutral"}
{"tweetid":585552286023294976,"ds_language":"tr","language":"tr","label":"neutral"}
{"tweetid":586595788173762560,"ds_language":"tr","language":"tr","label":"neutral"}
{"tweetid":597412862647246848,"ds_language":"tr","language":"tr","label":"neutral"}
{"tweetid":655693189916053504,"ds_language":"tr","language":"tr","label":"neutral"}
{"tweetid":467415099347435520,"ds_language":"tr","language":"tr","label":"neutral"}
{"tweetid":538379887732875264,"ds_language":"tr","language":"tr","label":"neutral"}
{"tweetid":681826801509871616,"ds_language":"tr","language":"tr","label":"neutral"}
{"tweetid":596392779200233472,"ds_language":"tr","language":"tr","label":"neutral"}
{"tweetid":575204528791773184,"ds_language":"tr","language":"tr","label":"neutral"}
{"tweetid":467399275270660096,"ds_language":"tr","language":"tr","label":"neutral"}
{"tweetid":573210326612766720,"ds_language":"tr","language":"tr","label":"neutral"}
{"tweetid":674560286939086848,"ds_language":"tr","language":"tr","label":"neutral"}
{"tweetid":399517664910917632,"ds_language":"tr","language":"tr","label":"neutral"}
{"tweetid":598377924207730688,"ds_language":"tr","language":"tr","label":"neutral"}
{"tweetid":657801998478221312,"ds_language":"tr","language":"tr","label":"neutral"}
{"tweetid":664771852074680320,"ds_language":"tr","language":"tr","label":"neutral"}
{"tweetid":540799191136878592,"ds_language":"tr","language":"tr","label":"neutral"}
{"tweetid":615879005988913152,"ds_language":"tr","language":"tr","label":"neutral"}
{"tweetid":467404993843453952,"ds_language":"tr","language":"tr","label":"neutral"}
{"tweetid":585525842874339328,"ds_language":"tr","language":"tr","label":"neutral"}
{"tweetid":523060406525652992,"ds_language":"tr","language":"tr","label":"neutral"}
{"tweetid":657640513844170752,"ds_language":"tr","language":"tr","label":"neutral"}
{"tweetid":577742427080900608,"ds_language":"tr","language":"tr","label":"neutral"}
{"tweetid":673224960907849728,"ds_language":"tr","language":"tr","label":"neutral"}
