{"tweetid":456544890713673731,"ds_language":"es","language":"es","label":"positive"}
{"tweetid":456545024449077248,"ds_language":"es","language":"es","label":"neutral"}
{"tweetid":456544906807234561,"ds_language":"es","language":"es","label":"neutral"}
{"tweetid":456544935953436672,"ds_language":"es","language":"es","label":"positive"}
{"tweetid":456545035513634817,"ds_language":"es","language":"es","label":"positive"}
{"tweetid":456544869817671680,"ds_language":"es","language":"es","label":"positive"}
{"tweetid":456544881343623169,"ds_language":"es","language":"es","label":"positive"}
{"tweetid":456544889967083521,"ds_language":"es","language":"es","label":"positive"}
{"tweetid":456544991569907714,"ds_language":"es","language":"es","label":"positive"}
{"tweetid":456544995445460992,"ds_language":"es","language":"es","label":"negative"}
{"tweetid":456544823051173889,"ds_language":"es","language":"es","label":"negative"}
{"tweetid":456544823172792320,"ds_language":"es","language":"fr","label":"negative"}
{"tweetid":456544830030495745,"ds_language":"es","language":"es","label":"neutral"}
{"tweetid":456544831867604992,"ds_language":"es","language":"pt","label":"positive"}
{"tweetid":456544834648416256,"ds_language":"es","language":"es","label":"positive"}
{"tweetid":456544957331808256,"ds_language":"es","language":"es","label":"positive"}
{"tweetid":456544965636538370,"ds_language":"es","language":"pt","label":"positive"}
{"tweetid":456545035815624705,"ds_language":"es","language":"lt","label":"positive"}
{"tweetid":456545037220737024,"ds_language":"es","language":"es","label":"negative"}
{"tweetid":456545044736921600,"ds_language":"es","language":"es","label":"negative"}
{"tweetid":456545047861673984,"ds_language":"es","language":"es","label":"positive"}
{"tweetid":456544838419087360,"ds_language":"es","language":"pt","label":"positive"}
{"tweetid":456544843544539136,"ds_language":"es","language":"es","label":"positive"}
{"tweetid":456544852130283520,"ds_language":"es","language":"so","label":"positive"}
{"tweetid":456544852616835072,"ds_language":"es","language":"ca","label":"negative"}
{"tweetid":456544915195822080,"ds_language":"es","language":"so","label":"positive"}
{"tweetid":456544919792791552,"ds_language":"es","language":"es","label":"positive"}
{"tweetid":456544973387624448,"ds_language":"es","language":"es","label":"neutral"}
{"tweetid":456544974708801536,"ds_language":"es","language":"it","label":"neutral"}
{"tweetid":456544977619668992,"ds_language":"es","language":"es","label":"positive"}
{"tweetid":456544977938427904,"ds_language":"es","language":"es","label":"positive"}
{"tweetid":456544985844686848,"ds_language":"es","language":"es","label":"negative"}
{"tweetid":456544986125725696,"ds_language":"es","language":"es","label":"positive"}
