{"tweetid":591156507468759041,"ds_language":"es","language":"es","label":"neutral"}
{"tweetid":591156628029894656,"ds_language":"es","language":"es","label":"positive"}
{"tweetid":591157586893926400,"ds_language":"es","language":"es","label":"neutral"}
{"tweetid":591157911558172672,"ds_language":"es","language":"es","label":"neutral"}
{"tweetid":591159395192541184,"ds_language":"es","language":"es","label":"negative"}
{"tweetid":591161038743154688,"ds_language":"es","language":"es","label":"neutral"}
{"tweetid":591161086692458496,"ds_language":"es","language":"es","label":"neutral"}
{"tweetid":591161094338641920,"ds_language":"es","language":"es","label":"positive"}
{"tweetid":591161953994874880,"ds_language":"es","language":"es","label":"neutral"}
{"tweetid":591163745239433217,"ds_language":"es","language":"es","label":"negative"}
{"tweetid":591163999921774592,"ds_language":"es","language":"es","label":"negative"}
{"tweetid":591166274585124864,"ds_language":"es","language":"es","label":"neutral"}
{"tweetid":591167009414631424,"ds_language":"es","language":"es","label":"neutral"}
{"tweetid":591168050235383808,"ds_language":"es","language":"es","label":"neutral"}
{"tweetid":591168694136504320,"ds_language":"es","language":"es","label":"neutral"}
{"tweetid":591169027109744641,"ds_language":"es","language":"es","label":"neutral"}
{"tweetid":591169825596121088,"ds_language":"es","language":"es","label":"positive"}
{"tweetid":591170098435649537,"ds_language":"es","language":"es","label":"neutral"}
{"tweetid":591170359942062080,"ds_language":"es","language":"es","label":"positive"}
{"tweetid":591170639538626560,"ds_language":"es","language":"es","label":"neutral"}
{"tweetid":591171626030477312,"ds_language":"es","language":"es","label":"neutral"}
{"tweetid":591172119922397184,"ds_language":"es","language":"es","label":"positive"}
{"tweetid":591172256971280385,"ds_language":"es","language":"UNKNOWN","label":"negative"}
{"tweetid":591173233984036864,"ds_language":"es","language":"es","label":"negative"}
{"tweetid":591173310727200768,"ds_language":"es","language":"UNKNOWN","label":"negative"}
{"tweetid":591174148191342592,"ds_language":"es","language":"es","label":"negative"}
{"tweetid":591177835185864704,"ds_language":"es","language":"es","label":"neutral"}
{"tweetid":591178501379719168,"ds_language":"es","language":"es","label":"neutral"}
{"tweetid":591178918503305216,"ds_language":"es","language":"es","label":"negative"}
{"tweetid":591185434509758464,"ds_language":"es","language":"es","label":"neutral"}
{"tweetid":591185489438314496,"ds_language":"es","language":"es","label":"positive"}
{"tweetid":591186201912180736,"ds_language":"es","language":"ca","label":"positive"}
{"tweetid":591188232752209920,"ds_language":"es","language":"es","label":"positive"}
{"tweetid":591188734462263297,"ds_language":"es","language":"es","label":"positive"}
{"tweetid":591188847851139072,"ds_language":"es","language":"es","label":"positive"}
{"tweetid":591189590859460608,"ds_language":"es","language":"UNKNOWN","label":"neutral"}
{"tweetid":591189787060658176,"ds_language":"es","language":"es","label":"negative"}
{"tweetid":591191410889596928,"ds_language":"es","language":"es","label":"positive"}
{"tweetid":591192613103001601,"ds_language":"es","language":"es","label":"neutral"}
{"tweetid":591192622334664704,"ds_language":"es","language":"es","label":"positive"}
{"tweetid":591192628730933248,"ds_language":"es","language":"es","label":"neutral"}
{"tweetid":591284004357156864,"ds_language":"es","language":"ca","label":"positive"}
{"tweetid":591289289171959811,"ds_language":"es","language":"es","label":"negative"}
{"tweetid":591289298940534784,"ds_language":"es","language":"es","label":"neutral"}
{"tweetid":591295752791556096,"ds_language":"es","language":"es","label":"positive"}
{"tweetid":591298171403423747,"ds_language":"es","language":"id","label":"negative"}
{"tweetid":591299921262862336,"ds_language":"es","language":"en","label":"positive"}
{"tweetid":591299932948140032,"ds_language":"es","language":"es","label":"neutral"}
{"tweetid":591301838919569410,"ds_language":"es","language":"es","label":"negative"}
{"tweetid":591305328412721153,"ds_language":"es","language":"es","label":"neutral"}
{"tweetid":591307235713806336,"ds_language":"es","language":"es","label":"positive"}
{"tweetid":591308328531275776,"ds_language":"es","language":"es","label":"positive"}
{"tweetid":591308832590143488,"ds_language":"es","language":"es","label":"positive"}
{"tweetid":591313387163938816,"ds_language":"es","language":"es","label":"negative"}
{"tweetid":591314382501609472,"ds_language":"es","language":"es","label":"positive"}
{"tweetid":591327087396397057,"ds_language":"es","language":"es","label":"positive"}
{"tweetid":591353290790608896,"ds_language":"es","language":"es","label":"negative"}
{"tweetid":591360049194389504,"ds_language":"es","language":"es","label":"neutral"}
{"tweetid":591361026433671168,"ds_language":"es","language":"es","label":"positive"}
{"tweetid":591361061523214337,"ds_language":"es","language":"es","label":"neutral"}
{"tweetid":591367516640976896,"ds_language":"es","language":"es","label":"positive"}
{"tweetid":591368323872489473,"ds_language":"es","language":"es","label":"negative"}
{"tweetid":591475506660257793,"ds_language":"es","language":"es","label":"negative"}
