{"tweetid":768499472540241920,"ds_language":"es","language":"es","label":"neutral"}
{"tweetid":769669641341956097,"ds_language":"es","language":"es","label":"positive"}
{"tweetid":769984071372013568,"ds_language":"es","language":"es","label":"positive"}
{"tweetid":769611474134241281,"ds_language":"es","language":"es","label":"neutral"}
{"tweetid":771019313310470144,"ds_language":"es","language":"es","label":"positive"}
{"tweetid":770985296007659521,"ds_language":"es","language":"es","label":"neutral"}
{"tweetid":770191925852966912,"ds_language":"es","language":"es","label":"positive"}
{"tweetid":770231125948194816,"ds_language":"es","language":"es","label":"positive"}
{"tweetid":770702082265518081,"ds_language":"es","language":"es","label":"neutral"}
