{"tweetid":797825741144686592,"ds_language":"es","language":"es","label":"neutral"}
{"tweetid":805899060154613761,"ds_language":"es","language":"es","label":"positive"}
{"tweetid":806687497619206144,"ds_language":"es","language":"es","label":"positive"}
{"tweetid":808341965188333568,"ds_language":"es","language":"es","label":"positive"}
{"tweetid":797532460884037632,"ds_language":"es","language":"es","label":"neutral"}
{"tweetid":813907408120672258,"ds_language":"es","language":"pt","label":"neutral"}
