{"tweetid":761764711637606400,"ds_language":"es","language":"es","label":"neutral"}
{"tweetid":788424991159095296,"ds_language":"es","language":"es","label":"neutral"}
{"tweetid":791495146558939136,"ds_language":"es","language":"es","label":"neutral"}
{"tweetid":802686424411619328,"ds_language":"es","language":"es","label":"neutral"}
{"tweetid":809549140124254208,"ds_language":"es","language":"es","label":"positive"}
{"tweetid":798351744073891841,"ds_language":"es","language":"es","label":"positive"}
{"tweetid":810845032831995905,"ds_language":"es","language":"es","label":"neutral"}
{"tweetid":808543778072100865,"ds_language":"es","language":"es","label":"positive"}
{"tweetid":813186945052459008,"ds_language":"es","language":"es","label":"negative"}
{"tweetid":813134058351972352,"ds_language":"es","language":"es","label":"positive"}
{"tweetid":810151450219282432,"ds_language":"es","language":"es","label":"negative"}
{"tweetid":814286657528754178,"ds_language":"es","language":"es","label":"neutral"}
