{"tweetid":1287099142645456898,"ds_language":"pt","language":"pt","label":"positive"}
{"tweetid":1277406812925497344,"ds_language":"pt","language":"pt","label":"positive"}
{"tweetid":1288178916889440256,"ds_language":"pt","language":"pt","label":"positive"}
{"tweetid":1287847733731131392,"ds_language":"pt","language":"pt","label":"negative"}
{"tweetid":1281633307390873601,"ds_language":"pt","language":"pt","label":"negative"}
{"tweetid":1280499426629496832,"ds_language":"pt","language":"es","label":"positive"}
{"tweetid":1279493181567119360,"ds_language":"pt","language":"tl","label":"negative"}
{"tweetid":1285972870808719363,"ds_language":"pt","language":"pt","label":"positive"}
{"tweetid":1286325034907205632,"ds_language":"pt","language":"pt","label":"neutral"}
{"tweetid":1278429710486327296,"ds_language":"pt","language":"pt","label":"negative"}
{"tweetid":1280448724615995393,"ds_language":"pt","language":"pt","label":"neutral"}
{"tweetid":1280234484214968326,"ds_language":"pt","language":"pt","label":"positive"}
{"tweetid":1285279783035695104,"ds_language":"pt","language":"pt","label":"positive"}
{"tweetid":1288216922392330241,"ds_language":"pt","language":"pt","label":"negative"}
{"tweetid":1288208013061480448,"ds_language":"pt","language":"pt","label":"neutral"}
{"tweetid":1286500379224616961,"ds_language":"pt","language":"pt","label":"neutral"}
{"tweetid":1285564446346223616,"ds_language":"pt","language":"pt","label":"negative"}
{"tweetid":1283080333274095616,"ds_language":"pt","language":"pt","label":"negative"}
{"tweetid":1282090989994352643,"ds_language":"pt","language":"lt","label":"negative"}
{"tweetid":1280610390351785991,"ds_language":"pt","language":"pt","label":"negative"}
{"tweetid":1282028080547205122,"ds_language":"pt","language":"pt","label":"negative"}
{"tweetid":1282336750476697606,"ds_language":"pt","language":"pt","label":"negative"}
{"tweetid":1285219576872153096,"ds_language":"pt","language":"pt","label":"neutral"}
{"tweetid":1280498907844423685,"ds_language":"pt","language":"pt","label":"positive"}
{"tweetid":1285559010763079682,"ds_language":"pt","language":"pt","label":"positive"}
{"tweetid":1288251935032782848,"ds_language":"pt","language":"pt","label":"negative"}
{"tweetid":1278096987070619648,"ds_language":"pt","language":"pt","label":"positive"}
{"tweetid":1281229158434160640,"ds_language":"pt","language":"pt","label":"negative"}
{"tweetid":1288987721260728322,"ds_language":"pt","language":"en","label":"positive"}
{"tweetid":1285217995657281541,"ds_language":"pt","language":"pt","label":"neutral"}
{"tweetid":1282721402962038787,"ds_language":"pt","language":"pt","label":"negative"}
{"tweetid":1282694677695795201,"ds_language":"pt","language":"pt","label":"negative"}
{"tweetid":1288184625047711746,"ds_language":"pt","language":"pt","label":"negative"}
{"tweetid":1280931445750616064,"ds_language":"pt","language":"pt","label":"negative"}
{"tweetid":1282419705899298816,"ds_language":"pt","language":"pt","label":"neutral"}
{"tweetid":1286753020420796424,"ds_language":"pt","language":"pt","label":"neutral"}
{"tweetid":1288957291664936963,"ds_language":"pt","language":"pt","label":"positive"}
{"tweetid":1281322690691899392,"ds_language":"pt","language":"pt","label":"neutral"}
{"tweetid":1283478346635116556,"ds_language":"pt","language":"pt","label":"neutral"}
{"tweetid":1284191347952541698,"ds_language":"pt","language":"pt","label":"positive"}
{"tweetid":1283102358382219264,"ds_language":"pt","language":"pt","label":"neutral"}
{"tweetid":1278467308667703299,"ds_language":"pt","language":"pt","label":"negative"}
{"tweetid":1285932198688849922,"ds_language":"pt","language":"pt","label":"negative"}
{"tweetid":1286800234446827520,"ds_language":"pt","language":"pt","label":"negative"}
{"tweetid":1287881376859951105,"ds_language":"pt","language":"pt","label":"negative"}
{"tweetid":1281240420895395840,"ds_language":"pt","language":"pt","label":"negative"}
{"tweetid":1278471239972130820,"ds_language":"pt","language":"pt","label":"negative"}
{"tweetid":1279927839454834688,"ds_language":"pt","language":"pt","label":"positive"}
{"tweetid":1280644251475488768,"ds_language":"pt","language":"pt","label":"positive"}
{"tweetid":1286248209313148931,"ds_language":"pt","language":"pt","label":"neutral"}
{"tweetid":1288909936513241091,"ds_language":"pt","language":"pt","label":"negative"}
{"tweetid":1282464633635381255,"ds_language":"pt","language":"pt","label":"negative"}
{"tweetid":1286709558258393088,"ds_language":"pt","language":"es","label":"negative"}
{"tweetid":1286224533028888577,"ds_language":"pt","language":"pt","label":"neutral"}
{"tweetid":1284847756826288128,"ds_language":"pt","language":"pt","label":"positive"}
{"tweetid":1287851929603919872,"ds_language":"pt","language":"en","label":"negative"}
{"tweetid":1285179891126870017,"ds_language":"pt","language":"pt","label":"neutral"}
{"tweetid":1278799976093671429,"ds_language":"pt","language":"pt","label":"negative"}
{"tweetid":1283043422979469312,"ds_language":"pt","language":"pt","label":"negative"}
{"tweetid":1278376579815608326,"ds_language":"pt","language":"pt","label":"positive"}
{"tweetid":1283145481456177153,"ds_language":"pt","language":"pt","label":"negative"}
{"tweetid":1286812499455746055,"ds_language":"pt","language":"pt","label":"negative"}
{"tweetid":1285579505369845766,"ds_language":"pt","language":"pt","label":"negative"}
{"tweetid":1283372384502915075,"ds_language":"pt","language":"pt","label":"negative"}
{"tweetid":1278467962920480769,"ds_language":"pt","language":"pt","label":"positive"}
{"tweetid":1282094565667885056,"ds_language":"pt","language":"de","label":"negative"}
{"tweetid":1282732193576558592,"ds_language":"pt","language":"pt","label":"negative"}
{"tweetid":1285020572867530760,"ds_language":"pt","language":"pt","label":"negative"}
{"tweetid":1279458655021281281,"ds_language":"pt","language":"pt","label":"positive"}
{"tweetid":1288913630977839105,"ds_language":"pt","language":"pt","label":"negative"}
{"tweetid":1283083603333844992,"ds_language":"pt","language":"pt","label":"positive"}
{"tweetid":1289336118320619520,"ds_language":"pt","language":"pt","label":"positive"}
{"tweetid":1283763507813593088,"ds_language":"pt","language":"pt","label":"negative"}
{"tweetid":1285973452952936448,"ds_language":"pt","language":"pt","label":"positive"}
{"tweetid":1278800744230109185,"ds_language":"pt","language":"es","label":"negative"}
{"tweetid":1283413347027898368,"ds_language":"pt","language":"pt","label":"positive"}
{"tweetid":1288532236812406784,"ds_language":"pt","language":"pt","label":"negative"}
{"tweetid":1280498647357165570,"ds_language":"pt","language":"pt","label":"positive"}
{"tweetid":1279458555549097984,"ds_language":"pt","language":"pt","label":"positive"}
{"tweetid":1287804438246313984,"ds_language":"pt","language":"pt","label":"negative"}
{"tweetid":1284847578325057536,"ds_language":"pt","language":"lt","label":"positive"}
{"tweetid":1282414907678494723,"ds_language":"pt","language":"fr","label":"neutral"}
{"tweetid":1277407055809257472,"ds_language":"pt","language":"de","label":"positive"}
{"tweetid":1288586727473504257,"ds_language":"pt","language":"pt","label":"negative"}
{"tweetid":1280640861257097216,"ds_language":"pt","language":"pt","label":"positive"}
{"tweetid":1285215508711854087,"ds_language":"pt","language":"pt","label":"neutral"}
{"tweetid":1282336721817014273,"ds_language":"pt","language":"pt","label":"negative"}
{"tweetid":1285564423810232326,"ds_language":"pt","language":"pt","label":"negative"}
{"tweetid":1286064471845359624,"ds_language":"pt","language":"pt","label":"negative"}
{"tweetid":1283360677747478530,"ds_language":"pt","language":"pt","label":"negative"}
{"tweetid":1285615840562417665,"ds_language":"pt","language":"pt","label":"positive"}
{"tweetid":1286038182254051329,"ds_language":"pt","language":"pt","label":"positive"}
{"tweetid":1285579231100129280,"ds_language":"pt","language":"pt","label":"neutral"}
{"tweetid":1284960199833530369,"ds_language":"pt","language":"pt","label":"negative"}
{"tweetid":1285576307988979714,"ds_language":"pt","language":"pt","label":"negative"}
{"tweetid":1284166392242208769,"ds_language":"pt","language":"pt","label":"negative"}
{"tweetid":1283081526041870341,"ds_language":"pt","language":"pt","label":"positive"}
{"tweetid":1280638572660473856,"ds_language":"pt","language":"pt","label":"negative"}
{"tweetid":1283371154951098368,"ds_language":"pt","language":"pt","label":"negative"}
{"tweetid":1282336541386432512,"ds_language":"pt","language":"pt","label":"negative"}
{"tweetid":1282661411647303685,"ds_language":"pt","language":"pt","label":"negative"}
{"tweetid":1285703695498444808,"ds_language":"pt","language":"pt","label":"positive"}
{"tweetid":1286800982974894081,"ds_language":"pt","language":"pt","label":"negative"}
{"tweetid":1283758364380540929,"ds_language":"pt","language":"pt","label":"negative"}
{"tweetid":1282393378819375107,"ds_language":"pt","language":"pt","label":"positive"}
{"tweetid":1286662815936372738,"ds_language":"pt","language":"pt","label":"positive"}
{"tweetid":1282742182676508672,"ds_language":"pt","language":"pt","label":"neutral"}
{"tweetid":1278463737503059968,"ds_language":"pt","language":"af","label":"positive"}
{"tweetid":1285774558663004168,"ds_language":"pt","language":"it","label":"negative"}
{"tweetid":1288204110051909634,"ds_language":"pt","language":"pt","label":"negative"}
{"tweetid":1281215116722216964,"ds_language":"pt","language":"pt","label":"negative"}
{"tweetid":1281723152305922048,"ds_language":"pt","language":"pt","label":"negative"}
{"tweetid":1286086818685952002,"ds_language":"pt","language":"pt","label":"negative"}
{"tweetid":1286045332607049733,"ds_language":"pt","language":"id","label":"negative"}
{"tweetid":1288199140539850755,"ds_language":"pt","language":"pt","label":"negative"}
{"tweetid":1280238007765929984,"ds_language":"pt","language":"pt","label":"positive"}
{"tweetid":1288912568808087556,"ds_language":"pt","language":"pt","label":"negative"}
{"tweetid":1283806733543051265,"ds_language":"pt","language":"pt","label":"positive"}
{"tweetid":1288554389595095040,"ds_language":"pt","language":"pt","label":"negative"}
{"tweetid":1288957516542545920,"ds_language":"pt","language":"pt","label":"positive"}
{"tweetid":1283005267282726918,"ds_language":"pt","language":"pt","label":"positive"}
{"tweetid":1286106642187194372,"ds_language":"pt","language":"pt","label":"neutral"}
{"tweetid":1285968946802438150,"ds_language":"pt","language":"pt","label":"positive"}
{"tweetid":1279493146842476546,"ds_language":"pt","language":"pt","label":"negative"}
{"tweetid":1286025946588422144,"ds_language":"pt","language":"pt","label":"positive"}
{"tweetid":1280611892495613952,"ds_language":"pt","language":"pt","label":"negative"}
{"tweetid":1285217944994275329,"ds_language":"pt","language":"pt","label":"negative"}
{"tweetid":1284191313513058307,"ds_language":"pt","language":"pt","label":"positive"}
{"tweetid":1285561553081647105,"ds_language":"pt","language":"pt","label":"neutral"}
{"tweetid":1289016264783024135,"ds_language":"pt","language":"hu","label":"negative"}
{"tweetid":1282661721778409472,"ds_language":"pt","language":"pt","label":"negative"}
{"tweetid":1285274699841191936,"ds_language":"pt","language":"pt","label":"neutral"}
{"tweetid":1282251195768360960,"ds_language":"pt","language":"pt","label":"positive"}
{"tweetid":1281229528573136898,"ds_language":"pt","language":"pt","label":"positive"}
{"tweetid":1289202041303134209,"ds_language":"pt","language":"pt","label":"positive"}
{"tweetid":1286631052098797568,"ds_language":"pt","language":"pt","label":"positive"}
{"tweetid":1278096107772366849,"ds_language":"pt","language":"pt","label":"positive"}
{"tweetid":1288598079126605825,"ds_language":"pt","language":"pt","label":"negative"}
{"tweetid":1283348771179462657,"ds_language":"pt","language":"pt","label":"negative"}
{"tweetid":1282729161723990020,"ds_language":"pt","language":"pt","label":"positive"}
{"tweetid":1278384198043271170,"ds_language":"pt","language":"pt","label":"positive"}
{"tweetid":1278308260181934083,"ds_language":"pt","language":"pt","label":"negative"}
{"tweetid":1283769328861577219,"ds_language":"pt","language":"pt","label":"negative"}
{"tweetid":1286263428047413250,"ds_language":"pt","language":"pt","label":"neutral"}
{"tweetid":1278308180099989507,"ds_language":"pt","language":"pt","label":"neutral"}
{"tweetid":1278308362661384198,"ds_language":"pt","language":"pt","label":"positive"}
{"tweetid":1280611603151564804,"ds_language":"pt","language":"pt","label":"positive"}
{"tweetid":1286637138981912579,"ds_language":"pt","language":"pt","label":"positive"}
{"tweetid":1283039776514494465,"ds_language":"pt","language":"pt","label":"negative"}
{"tweetid":1282856401501663232,"ds_language":"pt","language":"pt","label":"negative"}
{"tweetid":1286065988862124033,"ds_language":"pt","language":"pt","label":"negative"}
{"tweetid":1279458169941635072,"ds_language":"pt","language":"pt","label":"negative"}
{"tweetid":1288110641551519746,"ds_language":"pt","language":"pt","label":"negative"}
{"tweetid":1280933283501670402,"ds_language":"pt","language":"pt","label":"negative"}
{"tweetid":1285972073874161666,"ds_language":"pt","language":"pt","label":"positive"}
{"tweetid":1285932779209981953,"ds_language":"pt","language":"es","label":"negative"}
{"tweetid":1289202138048950272,"ds_language":"pt","language":"pt","label":"positive"}
{"tweetid":1283352447738675201,"ds_language":"pt","language":"pt","label":"negative"}
{"tweetid":1279007813860237315,"ds_language":"pt","language":"tl","label":"positive"}
{"tweetid":1288538822012280832,"ds_language":"pt","language":"pt","label":"negative"}
{"tweetid":1278862955820527617,"ds_language":"pt","language":"pt","label":"negative"}
{"tweetid":1285683493561868289,"ds_language":"pt","language":"pt","label":"neutral"}
{"tweetid":1278096765854650379,"ds_language":"pt","language":"it","label":"positive"}
{"tweetid":1287900570632716294,"ds_language":"pt","language":"ca","label":"negative"}
{"tweetid":1283371030774415362,"ds_language":"pt","language":"pt","label":"negative"}
{"tweetid":1284910299015974914,"ds_language":"pt","language":"pt","label":"neutral"}
{"tweetid":1283008893644427268,"ds_language":"pt","language":"pt","label":"positive"}
{"tweetid":1282028469778513922,"ds_language":"pt","language":"pt","label":"negative"}
{"tweetid":1285218689437110272,"ds_language":"pt","language":"pt","label":"negative"}
{"tweetid":1280238229590020100,"ds_language":"pt","language":"es","label":"positive"}
{"tweetid":1283853818942324736,"ds_language":"pt","language":"pt","label":"positive"}
{"tweetid":1281015155866959872,"ds_language":"pt","language":"pt","label":"positive"}
{"tweetid":1280239367823527938,"ds_language":"pt","language":"pt","label":"neutral"}
{"tweetid":1286044561178058754,"ds_language":"pt","language":"pt","label":"negative"}
{"tweetid":1283103150099046400,"ds_language":"pt","language":"pt","label":"negative"}
{"tweetid":1285197583707766784,"ds_language":"pt","language":"pt","label":"negative"}
{"tweetid":1281566734521073664,"ds_language":"pt","language":"ro","label":"positive"}
{"tweetid":1283864364727050258,"ds_language":"pt","language":"pt","label":"negative"}
{"tweetid":1282696697550901256,"ds_language":"pt","language":"pt","label":"negative"}
{"tweetid":1285555773398032385,"ds_language":"pt","language":"pt","label":"neutral"}
{"tweetid":1283349324810919938,"ds_language":"pt","language":"pt","label":"negative"}
{"tweetid":1287817893103763458,"ds_language":"pt","language":"pt","label":"neutral"}
{"tweetid":1282467915493769217,"ds_language":"pt","language":"pt","label":"neutral"}
{"tweetid":1280498872071184387,"ds_language":"pt","language":"pt","label":"positive"}
{"tweetid":1282411180682813440,"ds_language":"pt","language":"fr","label":"positive"}
{"tweetid":1285020007467032576,"ds_language":"pt","language":"pt","label":"positive"}
{"tweetid":1285204431861096448,"ds_language":"pt","language":"pt","label":"negative"}
{"tweetid":1283082341221572608,"ds_language":"pt","language":"pt","label":"neutral"}
{"tweetid":1282713805718466560,"ds_language":"pt","language":"pt","label":"negative"}
{"tweetid":1288137507192872962,"ds_language":"pt","language":"pt","label":"positive"}
{"tweetid":1285604411541262337,"ds_language":"pt","language":"pt","label":"negative"}
{"tweetid":1280652437221773313,"ds_language":"pt","language":"pt","label":"positive"}
{"tweetid":1286664977772957696,"ds_language":"pt","language":"pt","label":"positive"}
{"tweetid":1282027737042096130,"ds_language":"pt","language":"it","label":"positive"}
{"tweetid":1279491635362086915,"ds_language":"pt","language":"pt","label":"negative"}
{"tweetid":1280610341987246084,"ds_language":"pt","language":"pt","label":"negative"}
{"tweetid":1285629975798910981,"ds_language":"pt","language":"pt","label":"negative"}
{"tweetid":1278458477204176899,"ds_language":"pt","language":"es","label":"positive"}
{"tweetid":1288130431817318400,"ds_language":"pt","language":"pt","label":"positive"}
{"tweetid":1282696310831951873,"ds_language":"pt","language":"pt","label":"neutral"}
{"tweetid":1279063280988893188,"ds_language":"pt","language":"pt","label":"negative"}
{"tweetid":1284191343728877568,"ds_language":"pt","language":"fi","label":"positive"}
{"tweetid":1278308083572367363,"ds_language":"pt","language":"pt","label":"negative"}
{"tweetid":1278129161039683587,"ds_language":"pt","language":"pt","label":"neutral"}
{"tweetid":1278866370210476033,"ds_language":"pt","language":"pt","label":"negative"}
{"tweetid":1286271641719365636,"ds_language":"pt","language":"pt","label":"negative"}
{"tweetid":1288595182024380417,"ds_language":"pt","language":"pt","label":"negative"}
{"tweetid":1289013553551175680,"ds_language":"pt","language":"pt","label":"positive"}
{"tweetid":1278849653761609730,"ds_language":"pt","language":"pt","label":"negative"}
{"tweetid":1283397842137210880,"ds_language":"pt","language":"pt","label":"neutral"}
{"tweetid":1285217491564863488,"ds_language":"pt","language":"ca","label":"negative"}
{"tweetid":1280644924497694721,"ds_language":"pt","language":"es","label":"positive"}
{"tweetid":1280239762201350146,"ds_language":"pt","language":"pt","label":"neutral"}
{"tweetid":1279538827263123457,"ds_language":"pt","language":"pt","label":"positive"}
{"tweetid":1286758071382016000,"ds_language":"pt","language":"pt","label":"positive"}
{"tweetid":1288210759416188930,"ds_language":"pt","language":"pt","label":"negative"}
{"tweetid":1278096944456519680,"ds_language":"pt","language":"pt","label":"negative"}
{"tweetid":1284847637536157696,"ds_language":"pt","language":"sl","label":"positive"}
{"tweetid":1287867564693917696,"ds_language":"pt","language":"pt","label":"positive"}
{"tweetid":1288228023288893440,"ds_language":"pt","language":"pt","label":"positive"}
{"tweetid":1280238142696689671,"ds_language":"pt","language":"pt","label":"neutral"}
{"tweetid":1284191432295821315,"ds_language":"pt","language":"pt","label":"positive"}
{"tweetid":1280118311490117632,"ds_language":"pt","language":"pt","label":"negative"}
{"tweetid":1285939592777146369,"ds_language":"pt","language":"it","label":"positive"}
{"tweetid":1283082647065985027,"ds_language":"pt","language":"pt","label":"negative"}
{"tweetid":1281590498524753925,"ds_language":"pt","language":"pt","label":"negative"}
{"tweetid":1282715266556858370,"ds_language":"pt","language":"pt","label":"negative"}
{"tweetid":1281214067135385603,"ds_language":"pt","language":"pt","label":"negative"}
{"tweetid":1281227046279155713,"ds_language":"pt","language":"pt","label":"negative"}
{"tweetid":1282463247686340609,"ds_language":"pt","language":"pt","label":"negative"}
{"tweetid":1283081735400501249,"ds_language":"pt","language":"pt","label":"negative"}
{"tweetid":1278475651188744192,"ds_language":"pt","language":"pt","label":"positive"}
{"tweetid":1294721407654531074,"ds_language":"pt","language":"pt","label":"positive"}
{"tweetid":1285555051042353152,"ds_language":"pt","language":"pt","label":"negative"}
{"tweetid":1289213819957334019,"ds_language":"pt","language":"pt","label":"neutral"}
{"tweetid":1282708964065644548,"ds_language":"pt","language":"it","label":"negative"}
{"tweetid":1287847738584059905,"ds_language":"pt","language":"pt","label":"neutral"}
{"tweetid":1286301071263105026,"ds_language":"pt","language":"pt","label":"negative"}
{"tweetid":1280615071576723463,"ds_language":"pt","language":"pt","label":"negative"}
{"tweetid":1283778878046187520,"ds_language":"pt","language":"pt","label":"negative"}
{"tweetid":1280853252473528320,"ds_language":"pt","language":"pt","label":"negative"}
{"tweetid":1280499847083196420,"ds_language":"pt","language":"sl","label":"negative"}
{"tweetid":1284985420514824193,"ds_language":"pt","language":"pt","label":"negative"}
{"tweetid":1286300534253772800,"ds_language":"pt","language":"pt","label":"positive"}
{"tweetid":1287881399718928384,"ds_language":"pt","language":"pt","label":"negative"}
{"tweetid":1294738813118369792,"ds_language":"pt","language":"pt","label":"positive"}
{"tweetid":1283724685168050176,"ds_language":"pt","language":"pt","label":"positive"}
{"tweetid":1286063658565545985,"ds_language":"pt","language":"pt","label":"positive"}
{"tweetid":1286709940820873216,"ds_language":"pt","language":"pt","label":"negative"}
{"tweetid":1283082031195459586,"ds_language":"pt","language":"pt","label":"negative"}
{"tweetid":1289210243533045761,"ds_language":"pt","language":"pt","label":"positive"}
{"tweetid":1287801903011835911,"ds_language":"pt","language":"pt","label":"negative"}
{"tweetid":1280499472003465220,"ds_language":"pt","language":"pt","label":"positive"}
{"tweetid":1288450490515230722,"ds_language":"pt","language":"pt","label":"neutral"}
{"tweetid":1285279631743111173,"ds_language":"pt","language":"ca","label":"positive"}
{"tweetid":1286322378507792385,"ds_language":"pt","language":"pt","label":"negative"}
{"tweetid":1286710380476104704,"ds_language":"pt","language":"pt","label":"negative"}
{"tweetid":1280237658824900610,"ds_language":"pt","language":"pt","label":"positive"}
{"tweetid":1282335082901123072,"ds_language":"pt","language":"lt","label":"negative"}
{"tweetid":1286267573672321024,"ds_language":"pt","language":"pt","label":"neutral"}
{"tweetid":1283082473694527488,"ds_language":"pt","language":"pt","label":"negative"}
{"tweetid":1288911314514051073,"ds_language":"pt","language":"pt","label":"negative"}
{"tweetid":1278458162815868928,"ds_language":"pt","language":"pt","label":"positive"}
{"tweetid":1287801508772352000,"ds_language":"pt","language":"pt","label":"negative"}
{"tweetid":1284847663964237831,"ds_language":"pt","language":"es","label":"positive"}
{"tweetid":1280925786938228738,"ds_language":"pt","language":"pt","label":"negative"}
{"tweetid":1282698622447099905,"ds_language":"pt","language":"pt","label":"negative"}
{"tweetid":1288579954091995136,"ds_language":"pt","language":"pt","label":"positive"}
{"tweetid":1285230098652823553,"ds_language":"pt","language":"pt","label":"negative"}
{"tweetid":1285937392487141378,"ds_language":"pt","language":"pt","label":"positive"}
{"tweetid":1285218848602492929,"ds_language":"pt","language":"pt","label":"neutral"}
{"tweetid":1288621818031611904,"ds_language":"pt","language":"pt","label":"negative"}
{"tweetid":1286708133625290752,"ds_language":"pt","language":"en","label":"negative"}
{"tweetid":1285970884340195330,"ds_language":"pt","language":"en","label":"positive"}
{"tweetid":1286813046963408896,"ds_language":"pt","language":"de","label":"negative"}
{"tweetid":1285750282299805696,"ds_language":"pt","language":"hu","label":"neutral"}
{"tweetid":1278800581381980162,"ds_language":"pt","language":"pt","label":"negative"}
{"tweetid":1287088558382161920,"ds_language":"pt","language":"pt","label":"negative"}
{"tweetid":1286710363438960641,"ds_language":"pt","language":"ca","label":"positive"}
{"tweetid":1278308207727968258,"ds_language":"pt","language":"pt","label":"positive"}
{"tweetid":1283764214142767106,"ds_language":"pt","language":"pt","label":"negative"}
{"tweetid":1286265908898430977,"ds_language":"pt","language":"pt","label":"negative"}
{"tweetid":1280928122448351232,"ds_language":"pt","language":"pt","label":"negative"}
{"tweetid":1278368347936219136,"ds_language":"pt","language":"ro","label":"positive"}
{"tweetid":1286071186766606340,"ds_language":"pt","language":"pt","label":"positive"}
{"tweetid":1287802087326330881,"ds_language":"pt","language":"pt","label":"positive"}
{"tweetid":1282698565391986688,"ds_language":"pt","language":"pt","label":"negative"}
{"tweetid":1285547392885035009,"ds_language":"pt","language":"pt","label":"neutral"}
{"tweetid":1286045278508900358,"ds_language":"pt","language":"pt","label":"negative"}
{"tweetid":1278462630366269440,"ds_language":"pt","language":"pt","label":"positive"}
{"tweetid":1285204543345700871,"ds_language":"pt","language":"pt","label":"neutral"}
{"tweetid":1288260406453112832,"ds_language":"pt","language":"pt","label":"positive"}
{"tweetid":1279495665043877889,"ds_language":"pt","language":"pt","label":"negative"}
{"tweetid":1297683968305897472,"ds_language":"pt","language":"pt","label":"negative"}
{"tweetid":1279458335759220737,"ds_language":"pt","language":"pt","label":"negative"}
{"tweetid":1285295915578699781,"ds_language":"pt","language":"pt","label":"negative"}
{"tweetid":1288203899690790913,"ds_language":"pt","language":"pt","label":"positive"}
{"tweetid":1285739566788497414,"ds_language":"pt","language":"pt","label":"negative"}
{"tweetid":1294689382423814146,"ds_language":"pt","language":"pt","label":"positive"}
{"tweetid":1288454239677808641,"ds_language":"pt","language":"pt","label":"negative"}
{"tweetid":1294720652587540480,"ds_language":"pt","language":"pt","label":"positive"}
{"tweetid":1285971103144448005,"ds_language":"pt","language":"pt","label":"positive"}
{"tweetid":1297159607937388544,"ds_language":"pt","language":"fr","label":"positive"}
{"tweetid":1280499606514798592,"ds_language":"pt","language":"pt","label":"positive"}
{"tweetid":1278096797638983680,"ds_language":"pt","language":"pt","label":"neutral"}
{"tweetid":1282335393380216836,"ds_language":"pt","language":"pt","label":"negative"}
{"tweetid":1285196477028073472,"ds_language":"pt","language":"pt","label":"neutral"}
{"tweetid":1288273348217143296,"ds_language":"pt","language":"ro","label":"negative"}
{"tweetid":1280813888133648386,"ds_language":"pt","language":"pt","label":"neutral"}
{"tweetid":1280498520517156869,"ds_language":"pt","language":"pt","label":"positive"}
{"tweetid":1278840841856049152,"ds_language":"pt","language":"it","label":"negative"}
{"tweetid":1294672885362155522,"ds_language":"pt","language":"pt","label":"positive"}
{"tweetid":1280499070205931521,"ds_language":"pt","language":"pt","label":"negative"}
{"tweetid":1282336276201570304,"ds_language":"pt","language":"pt","label":"negative"}
{"tweetid":1280113265696280576,"ds_language":"pt","language":"pt","label":"positive"}
{"tweetid":1282690991854620672,"ds_language":"pt","language":"pt","label":"negative"}
{"tweetid":1288914069592956930,"ds_language":"pt","language":"pt","label":"negative"}
{"tweetid":1285972134230196225,"ds_language":"pt","language":"pt","label":"positive"}
{"tweetid":1278368405008121859,"ds_language":"pt","language":"pt","label":"positive"}
{"tweetid":1280498714889654272,"ds_language":"pt","language":"pt","label":"positive"}
{"tweetid":1287881388268515332,"ds_language":"pt","language":"ca","label":"negative"}
{"tweetid":1294719797360566272,"ds_language":"pt","language":"es","label":"positive"}
{"tweetid":1297161008100802560,"ds_language":"pt","language":"pt","label":"positive"}
{"tweetid":1283189521186721794,"ds_language":"pt","language":"id","label":"negative"}
{"tweetid":1279640965955964928,"ds_language":"pt","language":"pt","label":"negative"}
{"tweetid":1287801283244699650,"ds_language":"pt","language":"pt","label":"negative"}
{"tweetid":1281351693637165056,"ds_language":"pt","language":"pt","label":"negative"}
{"tweetid":1297319739740622849,"ds_language":"pt","language":"pt","label":"negative"}
{"tweetid":1289276821075308545,"ds_language":"pt","language":"pt","label":"neutral"}
{"tweetid":1288532376759472133,"ds_language":"pt","language":"pt","label":"negative"}
{"tweetid":1285229121707147264,"ds_language":"pt","language":"pt","label":"neutral"}
{"tweetid":1296975060931141632,"ds_language":"pt","language":"ca","label":"positive"}
{"tweetid":1286053955819180033,"ds_language":"pt","language":"es","label":"positive"}
{"tweetid":1284165870135246848,"ds_language":"pt","language":"pt","label":"negative"}
{"tweetid":1297548075666485253,"ds_language":"pt","language":"pt","label":"neutral"}
{"tweetid":1286045518225969152,"ds_language":"pt","language":"pt","label":"negative"}
{"tweetid":1288171264767594499,"ds_language":"pt","language":"pt","label":"neutral"}
{"tweetid":1286625027853553665,"ds_language":"pt","language":"pt","label":"negative"}
{"tweetid":1288911634958868481,"ds_language":"pt","language":"pt","label":"negative"}
{"tweetid":1280640669900574721,"ds_language":"pt","language":"pt","label":"negative"}
{"tweetid":1281592310451646465,"ds_language":"pt","language":"pt","label":"negative"}
{"tweetid":1286708552015532035,"ds_language":"pt","language":"hu","label":"negative"}
{"tweetid":1282713204146286594,"ds_language":"pt","language":"pt","label":"negative"}
{"tweetid":1289212404203548673,"ds_language":"pt","language":"pt","label":"negative"}
{"tweetid":1287543520350351361,"ds_language":"pt","language":"pt","label":"negative"}
