{"tweetid":756930105637830656,"ds_language":"es","language":"es","label":"positive"}
{"tweetid":782440386862153728,"ds_language":"es","language":"es","label":"negative"}
{"tweetid":783470514727686144,"ds_language":"es","language":"en","label":"positive"}
{"tweetid":803627153086550016,"ds_language":"es","language":"es","label":"positive"}
{"tweetid":802597569385861120,"ds_language":"es","language":"es","label":"positive"}
{"tweetid":806582087851638784,"ds_language":"es","language":"it","label":"neutral"}
{"tweetid":807650618009493507,"ds_language":"es","language":"es","label":"negative"}
