{"tweetid":816747206635966464,"ds_language":"es","language":"es","label":"positive"}
{"tweetid":818674280032563200,"ds_language":"es","language":"es","label":"negative"}
{"tweetid":795190025671446528,"ds_language":"es","language":"es","label":"positive"}
{"tweetid":816310241256177664,"ds_language":"es","language":"de","label":"positive"}
{"tweetid":817527901830713345,"ds_language":"es","language":"es","label":"positive"}
{"tweetid":813292830277959680,"ds_language":"es","language":"en","label":"positive"}
