{"tweetid":206053011410272257,"ds_language":"en","language":"en","label":"positive"}
{"tweetid":245933879402307584,"ds_language":"en","language":"en","label":"positive"}
{"tweetid":250540045851836417,"ds_language":"en","language":"en","label":"neutral"}
{"tweetid":259924240667648000,"ds_language":"en","language":"en","label":"positive"}
{"tweetid":259031018755985410,"ds_language":"en","language":"en","label":"positive"}
{"tweetid":261943575871369218,"ds_language":"en","language":"sw","label":"neutral"}
{"tweetid":261996636505505792,"ds_language":"en","language":"en","label":"positive"}
{"tweetid":263102541745754112,"ds_language":"en","language":"en","label":"positive"}
{"tweetid":263274047306096640,"ds_language":"en","language":"en","label":"positive"}
{"tweetid":263276031274790914,"ds_language":"en","language":"en","label":"positive"}
{"tweetid":263702360084328449,"ds_language":"en","language":"en","label":"positive"}
{"tweetid":264061529903738880,"ds_language":"en","language":"en","label":"positive"}
{"tweetid":264141150011678721,"ds_language":"en","language":"cy","label":"positive"}
{"tweetid":262298853385060353,"ds_language":"en","language":"en","label":"neutral"}
{"tweetid":263945805935804416,"ds_language":"en","language":"en","label":"neutral"}
{"tweetid":264157563690561536,"ds_language":"en","language":"en","label":"neutral"}
{"tweetid":262864746863276033,"ds_language":"en","language":"en","label":"negative"}
{"tweetid":263336701290758145,"ds_language":"en","language":"en","label":"neutral"}
{"tweetid":264245288884129792,"ds_language":"en","language":"en","label":"positive"}
